TransactionID,TargetValue
1139307,61450.19976477698
1139419,79127.68347731349
1139482,34480.1200858992
1139522,20424.04423987924
1139684,11811.452122345558
1139773,29197.54186706707
1139779,20212.84937060172
1139793,50599.730974584
1139814,78672.81955924486
1139839,14993.275146782436
1139874,26439.399510576797
1139879,29935.91816951732
1139887,75147.91938592828
1139928,24208.284475190187
1139984,26996.98916224011
1140043,44028.30879207754
1140103,23530.52848559057
1140145,25749.765548312906
1140152,20230.201117000783
1140227,62462.204473275815
1140238,31847.272303568625
1140278,39500.789550918416
1140400,24380.10711387254
1140405,14042.397853411398
1140465,61302.62730455687
1140510,19420.370142269632
1140564,41216.858094333504
1140572,32216.55237882552
1140580,18331.77920230916
1140597,49916.95945980717
1140626,20921.638907057597
1140675,54110.31980019241
1140683,34113.21711241557
1140702,25598.38547029005
1140814,31522.34490121049
1140908,72416.11805079217
1140964,15334.749777497893
1141030,17276.630215211193
1141082,98020.81332843631
1141177,14358.584329472898
1141229,22632.912804401923
1141237,31212.863405768938
1141246,115402.20122662072
1141265,25011.875215638065
1141269,41071.33285060735
1141358,89776.77502743361
1141462,21302.527086152582
1141502,44933.83941863075
1141541,26011.441193342223
1141542,14950.366536303409
1141570,37986.7323514676
1141577,13436.869711070834
1141582,65280.55898648447
1141691,66718.52494546183
1141738,34166.54232280655
1141739,29808.911950180565
1141801,68736.46471999562
1141820,17105.216189026192
1141845,37424.2668418348
1141867,23385.28880149969
1141877,13717.225319766225
1142052,20722.37433848115
1142227,14939.692719478357
1142242,24953.951508888345
1142254,58462.34122672318
1142292,34558.09448290556
1142301,18326.789368442336
1142305,11352.696244922732
1142314,33456.98531326889
1142337,10693.13958657928
1142354,40656.13762782855
1142370,41418.720159897646
1142408,54633.5328541574
1142429,42597.86094287565
1142437,93378.18351976642
1142484,50124.69605842805
1142526,18735.37733094704
1142893,66439.71958279732
1142908,37509.63760787384
1142990,20692.54147224243
1143053,25322.99969742497
1143058,12574.088019133083
1143084,36542.405265754736
1143089,71482.71458355535
1143117,18845.06299427998
1143196,69737.08347384553
1143323,126513.00248752622
1143363,51551.493945310416
1143420,36245.41554909293
1143434,124580.60303761768
1143444,33657.02423964989
1143478,37786.84895743444
1143590,17606.900559048263
1143704,34192.06080917893
1143719,25793.02240111922
1143729,20805.651669738232
1143731,44904.99223817733
1143751,23644.37642108254
1143784,29442.80520866692
1143867,9333.620442040366
1143887,23360.11815718036
1143891,64291.73229405662
1144003,32206.41808916132
1144083,18173.557732613823
1144105,30404.6918297642
1144110,79344.2669143411
1144114,33663.869735697706
1144133,32973.84621716725
1144176,16429.13829658021
1144181,9128.255324094263
1144227,16140.074546662792
1144265,39960.028876488665
1144269,19739.1151695069
1144305,26231.13703507492
1144365,22677.822141151315
1144366,14270.498059468227
1144427,58927.70002549913
1144494,15217.826783044293
1144518,42613.72768703215
1144551,46470.40180560879
1144584,78708.39570603753
1144642,92409.04549162618
1144666,31326.23071103873
1144787,13103.456125153809
1144798,14852.497447680333
1144868,22627.136795805203
1144896,54273.218507206926
1145021,20539.258448741944
1145126,84471.41040483829
1145163,53068.19328822308
1145189,65931.98570520783
1145227,20303.55516210785
1145282,56217.599140081365
1145381,21156.76806906737
1145386,17116.88090203795
1145436,49136.10953986008
1145527,14859.81475584177
1145530,51752.54907385304
1145615,56093.90517561327
1145638,21829.353050486465
1145682,24240.8605013588
1145736,76263.51643758849
1145763,43531.495636947344
1145792,34117.510293292275
1145881,28312.69963809002
1145952,32362.462174673597
1146003,19438.706223417787
1146031,26294.578981818147
1146039,21180.85485144169
1146138,12630.783691584613
1146171,31934.56288050983
1146315,97345.54977339473
1146383,69733.23583796488
1146411,84202.8453192645
1146436,26855.222073257173
1146524,80516.14969422814
1146530,29813.51009431364
1146533,17325.58120671468
1146586,62595.54493499195
1146591,26183.921415979527
1146637,13191.74969564508
1146656,16751.387851831754
1146697,78259.10620116904
1146751,75302.43997590631
1146764,53928.36186283495
1146797,37832.52845994057
1146843,21509.887866130342
1146882,32858.87909146105
1146955,14756.012956502653
1147006,30396.257984405707
1147155,9353.158542018244
1147168,16288.206646589342
1147235,9966.119816312874
1147308,68700.92918946123
1147421,24507.46701734333
1147525,21762.04342045166
1147543,28376.51943914701
1147550,44278.31228102565
1147561,28919.710388476426
1147586,37598.312301509
1147650,36505.31250518639
1147694,16854.942257896793
1147703,38527.978224398015
1147726,29034.15885633932
1147763,14486.645132364602
1147775,39722.77503554309
1147786,23930.6284489952
1147841,19390.769619384235
1147877,12121.391422838447
1147923,26817.597697547597
1147951,17690.89885181113
1147979,18631.57775252758
1148014,88869.3239689032
1148031,93429.71807691648
1148087,50921.13635714984
1148094,55902.0580812174
1148115,20870.11575398575
1148363,39487.24216818347
1148371,41346.00282707685
1148379,72071.92561279466
1148418,32616.394710083678
1148442,11320.364588875318
1148461,31210.317603299634
1148499,23946.907800406723
1148521,83919.65002207507
1148612,29530.406577766207
1148637,14860.80630085284
1148647,33024.12248874152
1148705,44081.65315163961
1148776,21140.920662938886
1148795,31435.727253878544
1148854,46245.71787672626
1148894,22499.493499045348
1148908,17239.24037208176
1148958,11305.324094982205
1149002,16400.021933588258
1149080,21690.869112715416
1149081,24531.785634095224
1149132,47147.208989799765
1149142,18325.975565862016
1149149,31127.51558939733
1149173,47557.301309236376
1149186,25250.503960898728
1149189,23998.94798386293
1149201,51381.07105574963
1149231,28287.349801999026
1149253,57555.80083777133
1149304,41700.91964191053
1149313,14562.823433973812
1149317,61877.42142119168
1149341,13345.918871238158
1149391,14241.10288280261
1149408,67508.58827266208
1149502,33452.07797149963
1149516,75040.71073335382
1149559,55700.09036322128
1149633,91110.93603331385
1149663,12223.023878961165
1149688,94009.93276355509
1149776,37600.34304597511
1149902,70047.12643625835
1149973,18478.82073191509
1150027,72931.7589526084
1150061,51398.71518114652
1150123,78834.01618100319
1150141,20411.334280858457
1150145,55822.64425344308
1150244,24236.564632603397
1150368,40409.26912796962
1150424,72812.12922296498
1150463,30235.463038429945
1150488,31158.79201072961
1150506,41484.70900857784
1150571,9568.809202037684
1150594,31606.031902500592
1150687,17546.59939073827
1150760,17778.71744043527
1150768,10655.055643144064
1150772,21651.251600465068
1150925,45473.96840928007
1150953,29626.549164167587
1150960,15536.022045998005
1150997,53207.994247515366
1151044,88495.45453712207
1151050,76083.1883052186
1151094,58490.150289388745
1151116,74208.86670545017
1151168,35582.36443013157
1151172,74351.38758864367
1151183,20961.972674175027
1151211,9211.744488236844
1151414,47774.567127407565
1151435,31901.763297296304
1151450,28720.44778295803
1151537,16914.03533658856
1151572,13292.3938497844
1151727,38981.225569941926
1151854,25877.21998873441
1152100,51030.5736659
1152162,25863.479278622566
1152262,15567.88794827995
1152339,48159.28769449215
1152379,65088.40513729095
1152398,10699.504582503192
1152431,26672.72214173858
1152439,16870.308285711297
1152441,13507.07377968052
1152566,18740.31400020356
1152619,20416.81751525804
1152651,25313.838971839228
1152673,54589.58182634814
1152755,72736.75866829263
1152762,21497.69679552398
1152831,36766.228367568736
1152837,32321.356662975155
1152843,101906.16227500846
1153065,11108.928501471832
1153074,33154.50986747346
1153097,32028.411239655776
1153162,40093.89160329237
1153172,31132.122529961765
1153193,35830.850872960335
1153237,101519.89497896611
1153354,53675.27186846567
1153361,11606.57748387861
1153375,62299.11286182381
1153631,14399.156984113324
1153635,29726.87531921371
1153734,37077.25876659077
1153777,37078.00696185988
1153778,24264.39317515017
1153850,26302.69470883305
1154008,41980.85849895372
1154029,36418.55143449074
1154071,45808.998417119976
1154160,51727.71406867372
1154237,17107.317188647932
1154249,33492.265668256325
1154404,57453.35949365198
1154419,13093.955461495863
1154446,53045.76172730594
1154486,92511.80225381674
1154487,9131.939069351763
1154513,44852.071786140055
1154537,41525.27144673878
1154605,74064.42786642678
1154606,64698.3907784935
1154619,11451.51536261165
1154647,56390.82907834408
1154796,24106.96153406627
1154797,22490.77000350755
1154830,26979.51053897471
1154850,54308.956717791465
1154888,57011.08647647592
1154924,12975.593557700851
1155033,21170.450674674383
1155104,8335.18147023692
1155134,26190.16088423125
1155155,39557.99765255948
1155207,29041.58799647026
1155366,57019.51766876917
1155398,38983.52537262731
1155407,8565.046196814688
1155423,77208.12873062855
1155457,9914.483805966584
1155476,11378.507366294927
1155478,15862.828026820807
1155614,20663.74759410858
1155663,17978.146321267202
1155686,18237.289981140253
1155758,90077.93149509934
1155859,17676.46903585983
1155871,38537.82203349187
1156036,8916.541822898653
1156112,15028.80181184844
1156304,20871.600761827845
1156341,50732.2529859863
1156348,8770.450772358668
1156384,40737.10595979798
1156697,30010.04563529916
1156728,34487.13678776205
1156753,23048.042000547237
1156789,28066.155808989613
1156813,94764.27544206362
1156887,34987.3163456013
1156951,19283.72926446053
1157031,26756.179258762942
1157057,65205.84766820855
1157082,14774.220901066928
1157118,18905.447056909838
1157134,58463.56707800709
1157165,59166.6962862121
1157185,40917.4305492643
1157193,35385.06458918544
1157208,51333.95215491607
1157344,11679.68982930838
1157621,72896.14694711777
1157625,26848.977491266487
1157684,47888.150027738935
1157703,12569.998474803788
1157788,76640.55358035682
1157807,27113.18431574178
1157893,51789.24627248388
1157908,19808.05180631956
1157948,12060.779942109826
1157969,36413.89505444489
1158007,24680.36560308262
1158030,15130.6092168246
1158103,62290.58524620444
1158166,34441.67575740561
1158177,10665.93440970939
1158221,53061.54024907606
1158267,33285.81660382335
1158304,50310.14148900599
1158375,14239.144543684604
1158406,80886.04261329595
1158434,13689.95455901525
1158474,35835.220832125204
1158520,33516.82382942021
1158563,30763.598929419062
1158577,24884.53475647613
1158578,15215.84716735866
1158623,25740.55648600996
1158700,26206.58597819713
1158702,35325.55378666977
1158711,38539.30102962611
1158722,22296.71945022161
1158773,41548.2898494768
1158880,45527.840705843504
1158884,20324.418085109417
1158914,48726.09061777894
1158915,11073.484486820298
1158927,61566.16684363173
1158931,28206.944684170878
1159062,41551.04333783564
1159089,15212.736787383892
1159101,15896.322062030076
1159118,36868.113035310416
1159134,49341.44053425689
1159146,40492.64925800928
1159181,17131.451654084296
1159189,38368.93448047194
1159195,53395.10143009325
1159254,47370.66448608409
1159341,82215.41436474239
1159420,63707.142498305504
1159433,19880.421343966635
1159473,77202.12383877407
1159693,33726.14023609271
1159723,29616.77993365485
1159729,17711.174899660058
1160077,18370.5636191339
1160089,12688.658591057992
1160111,18999.45388638867
1160178,42852.564796856095
1160289,30058.30430230057
1160312,18822.67699872684
1160458,14982.189489029864
1160564,27681.094384732904
1160622,80150.53679537968
1160627,26230.876411921538
1160700,14865.551609950864
1160705,24748.922353471888
1160736,19916.406298962167
1160883,17561.83891314932
1160907,20850.609867744985
1160964,32781.48094088164
1161064,47270.45838827822
1161163,75948.76762181922
1161189,24280.414884843143
1161239,25907.33728219253
1161264,43434.50469195823
1161274,27812.192200399146
1161280,43079.57621146581
1161404,22216.32338792363
1161468,31131.122915993405
1161471,16757.240985880464
1161486,53083.13395679652
1161516,27204.81424267108
1161550,52789.70102735446
1161561,20293.06897113554
1161718,18999.06393087526
1161726,32129.98548959525
1161739,53825.61151592045
1161744,72170.16533785738
1161981,33151.61251019694
1162002,27578.272128214616
1162115,19138.26521942876
1162125,12314.296011658816
1162152,44207.07314770408
1162220,12302.565098186404
1162250,25323.88180761336
1162276,52120.35431411579
1162418,95204.3270111066
1162427,24990.94758146192
1162611,40622.00242572162
1162658,66662.71442824679
1162689,13347.291990788126
1162769,21276.09680904714
1162929,38088.92725471927
1162952,89966.64536690297
1162965,19283.10886732173
1162972,43550.71508140957
1162991,23574.742121202053
1162998,17870.28519978628
1163038,34287.28637605562
1163074,43059.33199760267
1163084,71470.6498106078
1163098,29341.615199462383
1163123,91416.70018290546
1163174,24004.98553139204
1163218,18251.375513932653
1163303,30550.561313165446
1163318,42784.07916520975
1163375,40541.20360708425
1163378,36189.95946502261
1163457,32356.04683388128
1163470,12723.44842548469
1163481,24046.966039255163
1163502,26264.84653752259
1163697,28220.37105223972
1163700,36169.4135938453
1163740,40548.82952202951
1163774,30461.214609506394
1163811,60791.86554776424
1163813,36394.20113469687
1163864,76522.62065679867
1163905,14023.336707884802
1163918,13458.119075339178
1164006,61663.33204429748
1164088,68197.31611757027
1164162,18883.57732719897
1164201,40892.39997182879
1164260,48853.82432428036
1164296,57589.4315710392
1164306,85405.85040093552
1164397,20052.58426322694
1164515,30195.16096642225
1164520,18938.69359340952
1164675,19143.05036687715
1164687,80767.59316225574
1164725,20283.99149880285
1164844,76719.36973040405
1164999,20865.801563966183
1165092,33691.58177559837
1165145,21213.93537970359
1165227,41690.82571006321
1165305,10419.377441554008
1165382,35632.618501891135
1165461,40441.644425458406
1165546,48102.05832335311
1165585,12097.378091117693
1165586,30264.55052490842
1165607,33539.23551166047
1165656,25650.55948536069
1165725,77485.27466738058
1165728,53471.386341607234
1165771,93441.8499409212
1165788,25857.706290050788
1165819,94226.713473793
1165890,21420.399560442074
1166010,42169.43453017185
1166011,27505.56305502921
1166126,38829.10780477094
1166138,56119.91601140474
1166141,60644.60957135551
1166162,43894.58787530546
1166263,26148.978488419016
1166314,57844.17548864178
1166478,69154.75320230803
1166538,61882.07119899111
1166576,34843.307267273136
1166585,20567.95506617333
1166621,65655.2111010991
1166728,19362.633368953266
1166739,67803.05625485687
1166802,45232.48493766307
1166822,26887.28763426409
1166829,14592.2418291399
1166851,14728.369816332608
1166939,14898.00916081172
1167140,42677.39396354844
1167156,29883.0281613787
1167176,32243.64142381802
1167178,55474.02444618462
1167204,14919.36645255114
1167266,43038.07684112357
1167271,31716.46939909956
1167287,43703.62175484542
1167355,12426.152872836672
1167503,96829.65216469836
1167526,20260.34033002565
1167615,28129.626851933943
1167636,15068.028735985514
1167715,18537.49365921665
1167723,10411.971562165323
1167770,27308.943624183987
1167803,30466.745689033763
1167816,10333.994150093273
1167825,54727.65595567575
1167839,73157.92265241177
1167863,68068.67754447757
1167897,17801.53421028174
1167923,37480.29419564872
1167937,25776.47827950311
1167942,9021.05909405008
1168117,29985.851393231103
1168121,72723.48062366724
1168199,29687.91914846035
1168214,62212.20273733619
1168230,50692.12241951222
1168242,46976.01306325963
1168353,58017.20187010459
1168359,31468.11868814616
1168391,64086.81385101081
1168401,61189.61926651109
1168438,74597.80438127613
1168440,31690.20699214669
1168483,13908.815331918882
1168516,15585.867145601813
1168559,34800.54113847845
1168587,60741.82769777739
1168649,14015.489744246108
1168766,73349.85745441934
1168812,31745.701761719
1168823,52522.10072760099
1168899,20437.36163656405
1168932,51085.82677301625
1168947,12785.275375312249
1168969,54746.70425902738
1168977,68163.13909790062
1169007,59387.64921455021
1169029,22143.066606343065
1169153,30936.470836549877
1169202,13867.744348868531
1169228,34877.16874270846
1169273,76818.2369386412
1169289,67397.97201301846
1169326,17517.311100238025
1169344,59293.17805314014
1169478,23432.41261276317
1169482,71026.37950568265
1169510,72926.67499835411
1169712,25545.37427863089
1169721,59568.06639976909
1169738,72014.48144008202
1169851,136523.93996141083
1169964,18727.00497244575
1170038,24424.129805319317
1170081,24385.93106220372
1170177,39704.176384718696
1170293,28355.171031843594
1170331,31371.524854715582
1170348,55255.51454707722
1170435,38331.16503517845
1170677,39823.470779873125
1170777,18331.00652419596
1170814,12763.159742173491
1170815,22493.09458996949
1170838,28676.47782592009
1170892,24657.488812585645
1170981,79756.8432076325
1170990,44515.6577030953
1171021,13582.064513725818
1171102,36391.010908384254
1171104,18170.88988071338
1171107,16575.81148099722
1171220,30887.07693447368
1171274,18450.753682538627
1171390,45641.940208862885
1171443,10317.827291681731
1171588,51127.64817155452
1171758,28283.68511618752
1171803,10368.700310360062
1171823,32248.64723532237
1171868,59880.573043909215
1171887,20338.53709171723
1171889,26554.133231355245
1172102,19504.22725255985
1172108,20520.983574096022
1172134,33168.67469505829
1172148,110088.87942598668
1172358,27612.237753444337
1172433,19464.688401320615
1172474,15522.967495740751
1172571,47698.94957204062
1172586,8120.302461925057
1172605,63500.30555362391
1172654,29799.66230773349
1172716,17167.66529060724
1172727,55498.42060409745
1172787,35589.98407560859
1172900,33207.07778086385
1172964,38484.17685670842
1172982,27123.69827901789
1173189,65928.85273035942
1173346,84535.08446832019
1173453,34356.759991777595
1173462,40206.366414560645
1173589,31294.76713715709
1173599,38831.43692059304
1173627,32945.7322304945
1173634,31677.427513628598
1173672,55082.31698347748
1173704,14323.39758397782
1173758,54542.40866082216
1173765,29251.681629812283
1173791,47829.23026791523
1173792,47334.49861317151
1173794,50388.88473834823
1173798,50027.139273699984
1173803,104767.65860803044
1173824,52859.51485711639
1173878,66764.23565712108
1173895,37094.90803323666
1173946,29057.111485163885
1173948,45002.04791748071
1173949,31025.58240481207
1173989,120391.23032343746
1174017,44078.62023831141
1174108,10406.809469168787
1174114,28780.797391559696
1174185,34722.39275251283
1174207,55451.20985218338
1174226,60387.770416402695
1174264,58199.32702872992
1174267,54472.4701625582
1174278,20228.172253664077
1174284,34931.7556455819
1174309,32440.3865859191
1174318,31592.515236789422
1174382,53475.30841535846
1174386,38124.06998029704
1174392,108227.00218319683
1174415,22391.024117733115
1174489,89037.75956165782
1174592,59338.08100801103
1174600,10656.108473265498
1174616,72555.03003144838
1174639,52137.57995666949
1174694,28972.21872680602
1174705,57160.85469970154
1174747,13164.75033968512
1174792,28206.755222251344
1174830,25535.67186409551
1174871,53589.01367611016
1174874,30303.67563391364
1174928,9850.2507307565
1174941,39189.438870147394
1174959,22183.21069207288
1174961,16806.263767258777
1174976,21776.588382269405
1174978,28079.6573961984
1174986,27942.87816370526
1174999,23677.55116330039
1175061,29776.84953577123
1175069,19597.04337702239
1175074,11046.998670547537
1175233,18193.309837556943
1175236,15284.284127597304
1175281,11190.528245007754
1175335,21679.65387915064
1175339,34433.55112064634
1175430,38792.101885870245
1175436,28303.685450417583
1175438,39447.94821375624
1175588,136021.0404038031
1175623,74151.86841466074
1175682,29797.558187398143
1175723,75066.33975909473
1175725,24836.176139876952
1175729,27807.644063974327
1175736,54566.01148997818
1175739,75426.23487716573
1175761,13475.306822939532
1175799,22220.73867778909
1175827,32643.07181456336
1175830,21192.151198153395
1175873,36660.03726772098
1175886,31467.37486043913
1175889,67382.89331613554
1175917,50332.172873432806
1176028,19294.884100553405
1176104,21979.740120081024
1176131,18972.714451333846
1176132,18412.84939453516
1176134,34052.836252512934
1176135,32185.214974302467
1176150,74689.85469710713
1176159,39447.82211904159
1176194,31814.99730184998
1176218,65497.65231597854
1176241,31178.42588815492
1176253,47569.50450574728
1176296,32917.332905491014
1176301,44907.33153485208
1176366,15180.508811385953
1176373,73643.23314334202
1176615,33432.36122738835
1176644,29493.00568428602
1176657,53866.28037026015
1176660,82393.37528815078
1176665,44164.81102239878
1176717,17983.562309047997
1176797,48903.10744749299
1176875,34511.74042089905
1176913,68167.4427706213
1176920,29596.31336216313
1176927,16623.054648269193
1176961,46668.69131764706
1176967,19442.34253893088
1176977,86083.29710844184
1176986,102743.11606609717
1177054,32830.43232388247
1177153,23049.49652312053
1177197,48573.94217262583
1177267,20057.508977557853
1177330,35971.881146612985
1177335,34023.16093814561
1177402,39123.5496804181
1177415,32497.852549704592
1177426,54344.13933948139
1177448,45453.75737213908
1177607,37691.71102402618
1177608,35900.48807317902
1177621,35454.44646574477
1177623,28750.85056219128
1177723,9556.717499801429
1177816,30030.63569385293
1177829,77959.04386565929
1177884,11767.158505506706
1178012,51857.24455361918
1178063,88261.04436644912
1178064,77305.54160016417
1178069,17837.980565166436
1178124,29576.169968059723
1178143,29944.63993763064
1178170,85382.6261544351
1178189,99626.74025700032
1178356,69294.30427783504
1178383,19509.93929995217
1178491,10834.172429244045
1178715,40484.764411167984
1178858,40779.9543046889
1178916,81354.95807895223
1178994,19370.842109563026
1179009,23679.20465002366
1179085,13857.21451321589
1179086,13114.500896642505
1179097,15552.835296639492
1179114,33288.08827789963
1179115,23538.777455279876
1179117,70044.87294873505
1179156,47489.910555528055
1179158,41263.94540140827
1179166,21149.87224301388
1179200,90439.96372056422
1179337,23978.085271160395
1179443,31126.321136918377
1179451,44564.765304193534
1179528,74687.88574130688
1179529,45519.23456301838
1179545,51054.836215070616
1179565,22819.20892832847
1179618,23209.268791705355
1179654,58052.647611821245
1179682,12336.861820828692
1179732,29977.671535848385
1179779,27855.77478258351
1179809,22313.208262361568
1179820,70047.10255748316
1179865,16108.31398032081
1179945,62432.61316794398
1179953,10553.027503361198
1179960,60188.90298837252
1179969,70115.1076043112
1179981,51468.79602233525
1180005,29358.90562869326
1180006,42021.37368366504
1180075,60627.26802761521
1180142,73403.16622916248
1180148,92586.84334223304
1180352,69120.1999256633
1180489,22412.14851920556
1180499,30420.87850453183
1180540,31475.647621661512
1180629,42150.372028205
1180685,25985.538446500374
1180819,60229.604513045095
1180857,30814.78547325032
1180867,37400.23562640298
1180927,33898.34111693439
1181065,16402.95161990638
1181076,26122.531758202545
1181086,14796.029579024182
1181163,14673.06444483262
1181170,37670.67969178085
1181295,13941.066604831818
1181328,9213.218439065266
1181362,21509.601008495956
1181390,37419.58385469495
1181419,45249.95685718588
1181734,35468.76983198016
1181749,85406.8550619571
1181779,27191.025259507776
1181805,33681.796758267184
1181823,20905.3057554792
1181858,24875.82565585161
1181907,78311.62917407928
1181973,11207.225993435715
1182088,107660.90063101344
1182092,18188.572555968614
1182096,81060.31055784965
1182123,40635.55904139207
1182185,31251.371591472107
1182347,37227.23973891306
1182349,33269.81142818043
1182482,87418.49418432628
1182500,13167.819657632046
1182514,26611.75324848141
1182518,69695.0072829276
1182620,40294.91550805009
1182621,39420.72044108053
1182672,62755.42501895969
1182674,14225.167983344554
1182714,19623.09820545797
1182800,13458.204072302611
1182831,79691.94459744287
1182899,18264.03623427111
1183057,25029.98239893983
1183074,71758.44294920992
1183095,49861.45555438687
1183124,53419.72790701375
1183150,40316.68480679838
1183172,37434.66003551912
1183177,16992.44516003698
1183248,43545.50606194315
1183256,37835.00220333478
1183333,78484.15610126668
1183344,55354.44682744581
1183348,61602.76859915864
1183386,64462.75830187946
1183435,93053.7825476009
1183438,20877.47950940066
1183447,41003.241009342055
1183650,67035.32586682326
1183654,28715.34662402588
1183656,18680.935040761346
1183679,9449.702064331012
1183766,21567.284386943196
1183779,20490.2259992491
1183810,10518.338687858768
1183857,16321.447835117331
1183884,76263.49874347774
1183888,52235.52950774131
1183940,53035.85141779337
1183950,37683.16505779552
1183953,35483.364763968275
1184040,8708.698934542586
1184060,20412.58360816927
1184100,25997.27648104637
1184110,27983.14118924315
1184113,46629.06868355956
1184136,25962.8080508766
1184166,118809.37351859728
1184230,14075.311722337552
1184515,36200.66616476755
1184536,34413.565962931854
1184604,14982.74014660342
1184608,8805.176092763413
1184616,71309.06376320339
1184637,38905.09154270439
1184638,30781.30714077114
1184640,24470.70773810871
1184666,26933.402127376397
1184686,29957.822335379737
1184694,31072.517967786876
1184696,12688.979799419516
1184713,47525.09628487512
1184714,75019.28333732588
1184717,10788.95444734772
1184729,29744.920619569213
1184735,45089.72242035512
1184740,70806.6822461546
1184750,47018.645402858376
1184752,33256.798718693535
1184775,54144.74061512357
1184866,16216.352569444773
1184879,16238.568341002525
1184885,32708.666523834327
1184931,10803.322399562432
1184972,19237.2880485056
1184990,27499.676333332493
1184994,24007.552393136182
1185051,59947.56811834936
1185290,35885.689056817624
1185307,11866.37350316139
1185351,33339.50454307893
1185399,26602.72298548725
1185405,22518.186712899344
1185415,39187.12602492246
1185497,14557.847960560324
1185503,23591.34717106174
1185568,54316.52888300373
1185598,13681.77386758024
1185618,67670.41788219227
1185633,40726.46624610145
1185665,28729.30171848551
1185717,19310.8389345834
1185845,87135.95077715038
1185856,34173.004433791575
1185953,42514.097565570926
1185959,18291.542950036168
1186185,96040.28012446576
1186191,41421.317845516
1186291,31605.143034327957
1186306,31765.917181535424
1186318,9807.995475514825
1186321,72173.5943952193
1186342,53607.111578266165
1186430,54897.45515979488
1186442,42182.50941088836
1186483,20370.718795111523
1186499,14893.676119380509
1186516,63685.554000508215
1186543,37895.97220615338
1186629,44920.74122834548
1186700,29286.188685162328
1186771,80833.90026831723
1186783,37127.47804225636
1186827,62676.0822357875
1186866,82394.73461236696
1186882,111104.33496384347
1186908,83324.42104871431
1186967,104577.40558270166
1187114,49099.7216337112
1187129,69372.39873104288
1187134,34175.63707466087
1187156,89976.70561618675
1187169,85622.07276237942
1187186,50499.77807222045
1187209,20182.23880944283
1187238,61606.17341529328
1187253,66217.7329183781
1187331,29201.901924002777
1187407,34368.45628767618
1187411,14728.818129247926
1187415,27046.0880951094
1187511,44173.99621057044
1187612,66311.46461956577
1187619,45079.5359002132
1187620,87961.00155991646
1187621,129510.1176791093
1187622,61683.89457589688
1187639,68740.67933757574
1187643,68894.10213107831
1187742,22042.526448020108
1187819,19657.30257020197
1187904,55182.43534363812
1187962,52384.08580121215
1187985,52698.788712874026
1188055,12705.13776639867
1188061,7947.674143241059
1188075,10862.48547665453
1188076,12561.854225040248
1188077,11197.391493007235
1188185,18589.122985156107
1188264,22931.46259289951
1188302,25957.269799395963
1188323,46962.14308884937
1188331,62805.21706438475
1188536,8968.195963212975
1188631,52863.59260812698
1188640,57334.41407425781
1188646,65473.69636326712
1188716,14553.603940206396
1188742,50351.84332447112
1188777,17499.91230018706
1188936,32154.84402821088
1189022,29612.12755917676
1189058,32634.53546154911
1189127,25673.1850385252
1189211,11694.932512217598
1189275,34373.22612484364
1189292,31096.59774799948
1189488,32555.99721935177
1189505,53998.20956004103
1189535,35596.36118908554
1189578,37421.64319231571
1189617,41479.27055202021
1189632,33604.1527489061
1189714,59274.894329222814
1189720,106430.7876540883
1189758,15468.90628750502
1189760,48518.19729229053
1189787,65574.87977203054
1189799,17822.155935123745
1189806,36049.993126934525
1189885,42199.243008208345
1189992,45658.62560404109
1190188,46540.88988079552
1190279,41205.21246265179
1190386,75461.70897636692
1190451,60759.33288003539
1190498,20743.7658305558
1190567,78550.4948304848
1190588,35290.99768263509
1190687,14770.130632864602
1190709,52227.88263496664
1190822,9506.66427503025
1190844,25782.782396719584
1190892,69186.90065970772
1190955,10168.622665103128
1191181,13454.576109418873
1191319,77475.73647449346
1191322,60852.29666502142
1191342,44688.73753569791
1191366,36899.818196403634
1191453,57358.475911673166
1191577,33905.09251531893
1192000,37088.11696169376
1192064,14309.90957842707
1192076,26066.61301517024
1192096,77314.80922946447
1192104,76676.40494573496
1192131,33185.459793837545
1192142,14553.418291819638
1192144,30707.87604567219
1192161,30070.406347224693
1192204,69318.7847750796
1192750,44078.27437695057
1192815,28534.455056470782
1192837,31117.672261745174
1193079,17796.173241071832
1193145,29252.411597017403
1193410,50564.075897383336
1193503,15235.799747558636
1193559,54877.04018396542
1193569,11272.613193757688
1193588,63930.69093011466
1193596,7878.793938572147
1193790,8658.491498831565
1193791,9239.361291221165
1193860,29223.700985127765
1193880,88902.74064350163
1193943,15653.92071395288
1193965,50569.00249127487
1193982,55595.13299715769
1193992,13195.716273441249
1193995,70695.06207785124
1194024,19172.11328318063
1194050,62604.38695160202
1194134,61637.740526171845
1194225,35954.24706808469
1194290,46269.4960672293
1194329,49526.52391165102
1194509,46750.102464281015
1194542,42091.9787560596
1194586,33667.46031964508
1194607,31472.74712615083
1194615,37768.2488491955
1194617,58915.43021658188
1194619,40070.23003586012
1194623,14946.837325773678
1194687,12281.846169245866
1194795,16773.405754021915
1194960,18017.999612611493
1194995,48708.42625327542
1195007,77573.86277843872
1195031,34647.27601061291
1195072,12353.58830192636
1195101,14013.50222369198
1195144,17602.22115468108
1195233,24556.953512864955
1195238,34497.2441150435
1195406,34577.72536080671
1195484,15575.997546502404
1195494,29471.192079366392
1195502,37682.13771126825
1195522,85278.65512844098
1195526,23254.25851019242
1195540,21410.797198660028
1195598,29610.050608285062
1195599,13751.814034676492
1195781,32363.168830257207
1195787,12639.80201106756
1195798,62176.94308834443
1195803,48406.97759945646
1195805,33783.48378366705
1195860,32177.19392214464
1196126,69327.62798065122
1196152,50340.3545786805
1196164,22866.21316324993
1196405,18825.406879027767
1196428,12834.455340919316
1196453,31024.745557122205
1196782,74399.66892801184
1196973,27208.340020523818
1197006,74093.52906186422
1197007,72230.82609874598
1197036,24149.86861123784
1197039,13010.942280180456
1197106,33109.63356475423
1197241,13686.478847619905
1197285,62800.234540026606
1197357,24328.955786838604
1197438,23753.73571124198
1197471,36773.8430850083
1197477,53891.35678341839
1197488,19307.91848103261
1197497,23868.14341356286
1197582,26587.84952636491
1197583,16301.297717928745
1197592,41050.60759598865
1197640,69484.02775991088
1197643,25708.872899454596
1197686,29116.22559168095
1197715,17856.65125228248
1197717,38479.69365432652
1198003,36947.73906370119
1198087,13725.873100943374
1198100,27026.4862566999
1198128,27513.426171770698
1198160,18628.239017363885
1198170,50995.15049391607
1198314,34341.37182119422
1198329,53547.97856381402
1198348,60563.18441611841
1198537,122281.8309385156
1198639,63538.33227862074
1198870,51989.71788407066
1198873,62428.1252645468
1198884,37978.64747426
1198892,41077.80367951764
1198911,17254.75978510263
1199036,99461.62900318566
1199074,29937.37044847632
1199124,35928.09209933868
1199240,16528.8026650072
1199276,48201.1235409275
1199351,28429.01490133873
1199392,51446.61995562594
1199495,30380.36182962837
1199534,14118.846686669023
1199541,66847.08776582395
1199553,16711.942750028327
1199564,16548.030954277623
1199589,25952.99393244968
1199595,24044.249085878542
1199618,25665.899838318102
1199708,18129.684693049057
1199781,58074.83951380443
1199848,21077.849421756702
1199855,90875.92688790549
1199875,26876.03149650282
1199894,47671.72328629501
1199947,21515.0850746118
1200039,23526.832889511086
1200047,39913.93698649254
1200180,20816.8443995786
1200295,15470.09810091862
1200532,15424.955068602932
1200571,85076.85523805277
1200576,30360.1152574652
1200622,22045.131299855497
1200623,11529.760618620196
1200711,68738.61461725834
1200725,28641.3277666148
1200744,24085.35806064141
1200746,25941.299233455626
1200753,60137.59937155403
1200756,34282.050308138394
1200833,20220.56436652402
1200871,10666.14998796411
1200893,26022.29719147306
1200932,53363.52720828895
1201037,63145.91754444276
1201044,43850.436212437104
1201053,31882.941441178147
1201088,32508.51242523431
1201151,35842.01793560823
1201209,38272.268988888754
1201405,41450.705350845215
1201428,39640.38775752274
1201477,73472.41555745792
1201525,26817.71252285174
1201582,61250.81383320174
1201614,15376.565948643984
1201705,26342.548603317235
1201708,33369.25583537157
1201836,68353.48207595298
1201842,18936.97422471728
1202020,8017.452730887308
1202233,35089.11257806133
1202273,38645.65051281187
1202382,30014.15660956613
1202402,10692.339059872387
1202419,31840.888690707096
1202435,36866.08938210305
1202513,71545.12897786639
1202607,34998.16843802032
1202657,31837.548962949106
1202689,47464.23006652842
1202724,17212.622495994998
1202742,21513.08847083972
1202797,28059.07679416594
1202857,15367.001808895531
1202891,81167.26578595405
1202913,92650.30160433229
1202925,88732.1567904942
1202958,26088.10281246685
1202991,17473.708856426194
1203030,14673.358492999636
1203095,30773.51506337229
1203098,30434.825988967837
1203105,100328.16367668622
1203130,20065.17231566146
1203144,46531.75076796719
1203222,18464.471355335616
1203258,21965.9560981688
1203259,22050.91347982109
1203260,22007.46195619565
1203330,62225.08229966505
1203435,17227.277991627736
1203518,49793.85283869237
1203596,18852.10131785211
1203678,61650.184022895926
1203679,44407.66434453787
1203688,10647.6919620955
1203718,36145.446983609705
1203895,41479.01993029999
1203906,11177.47892296443
1203939,51484.98460819415
1203965,15508.98698572672
1203999,28364.304934185555
1204038,24870.57105832831
1204124,29784.14552955508
1204152,30452.932121437538
1204209,20028.422434137072
1204231,61623.02460178619
1204232,80531.16059584281
1204341,14153.45096842202
1204360,34271.73133773099
1204430,33024.9741160119
1204557,25909.67194998103
1204586,35755.67128909608
1204590,53303.66132812908
1204617,12936.51242318931
1204649,12133.251590403384
1204686,26857.78488178428
1204699,28945.0741074336
1204862,10948.840028317132
1204922,28493.37715440872
1204930,66146.2271981643
1204999,23778.977020035392
1205008,43012.18199845804
1205011,37860.39929226223
1205026,46529.718854324565
1205051,80814.19463073395
1205207,73240.91586491352
1205227,59459.576891945726
1205236,17803.485909120966
1205260,24671.776083345543
1205263,16929.151038067008
1205387,13757.18431196905
1205453,25637.42183547231
1205491,9532.947150072305
1205569,25229.976717281254
1205571,13804.004279763694
1205790,58412.17049602499
1205791,25297.066832042816
1205838,10737.340651755763
1205883,46288.60473038011
1205913,13451.501436493498
1206024,39804.48442727873
1206086,47510.43331257131
1206090,35831.23177882312
1206107,26760.91673158029
1206200,28718.140998267176
1206270,25941.652089383468
1206349,39236.81154672789
1206375,30902.06662233445
1206397,12253.619689195388
1206408,17969.49311074552
1206445,11769.97542405099
1206485,77315.73827694019
1206496,27047.64950069999
1206516,24749.743727554804
1206525,35358.54944024753
1206542,45624.30230060142
1206549,33687.23524400016
1206634,26285.854761388207
1206666,23296.6658519155
1206673,57442.64831988936
1206681,9110.747160647188
1206876,15336.48444147478
1206977,57089.91607025283
1207026,89519.30432813994
1207036,39193.01377053743
1207038,21305.829719610698
1207040,110425.35917540596
1207043,30209.091604444548
1207129,59406.85404023746
1207246,20337.03207269632
1207372,12211.32976417616
1207536,52421.64081217044
1207541,17210.61209095613
1207586,21264.64287248488
1207593,22146.204827985053
1207601,51745.00464086395
1207615,36688.04789702505
1207621,18101.36139344412
1207671,28192.909161073465
1207690,11011.10157724898
1207706,25638.361547032982
1207708,24737.542681292296
1207755,38796.35808088878
1207757,43704.17604915175
1207802,18497.82691359337
1207813,28400.04027945848
1208024,41585.201729978726
1208027,44388.35139671589
1208101,25969.81650661709
1208161,43629.72566275146
1208170,67242.15195478572
1208199,14656.563891888383
1208265,11467.06175273791
1208339,57974.47061961239
1208367,42992.49392892905
1208371,36954.46681158638
1208398,40591.59796132047
1208803,21931.882922788205
1208918,22432.4772708853
1208972,16049.132914844467
1209279,15283.59459971685
1209300,17211.209133977874
1209303,30465.49932935416
1209405,13134.22910518723
1209491,9575.359961303922
1209527,23807.14064853134
1209547,30073.819742895008
1209593,70506.57591951525
1209771,19399.331277685567
1209906,14996.332582269
1209909,23766.90856200868
1209996,43508.28723112936
1210105,26896.47003549063
1210145,33027.422644689635
1210158,104500.58331367729
1210186,25975.546474842537
1210239,24774.998140916807
1210300,47599.93413289238
1210343,14447.343141478108
1210360,48089.23038583208
1210366,47274.79059405681
1210376,46905.43889331703
1210378,44500.705715578704
1210380,34629.34639761309
1210521,11147.409245430676
1210586,46588.95866232495
1210678,8551.945346315793
1210681,14789.481388372376
1210685,58675.34059745449
1210699,54411.40498437609
1210715,66021.62656741246
1210736,64908.6947921688
1210745,13219.072775728471
1210827,92595.85094916933
1210828,53643.90690331005
1210923,11837.676582184367
1210959,29836.682523061703
1210977,25722.262277038768
1211031,43531.06376184659
1211168,33197.472109250644
1211279,46675.53238422996
1211280,25892.828589057182
1211470,30539.722041954683
1211499,20444.086710224983
1211567,18929.46567207813
1211576,53916.65628669719
1211741,26198.07310504329
1211773,69343.48332691684
1211793,56691.36881523876
1211821,80029.5297426483
1211846,11785.668666413892
1211873,10752.63226761372
1211968,65005.913376344586
1211969,64308.51343863248
1211972,20807.312986142173
1211973,60463.30481825786
1211975,35864.549686056765
1211980,18697.85443000384
1212014,25427.180041586187
1212016,44493.23391370674
1212060,36195.26153143036
1212114,114167.83320383853
1212168,36643.25814528456
1212205,21423.709572576405
1212223,21239.75824055272
1212292,20456.110018091826
1212337,28732.27144016499
1212372,59607.679459518346
1212386,34399.0404507763
1212390,14194.061721650658
1212454,91167.16269925422
1212461,47684.2437075376
1212487,24051.922393418776
1212516,55530.43675080181
1212607,23346.092019485888
1212661,19782.509849559738
1212665,55239.64215699864
1212667,18659.084113091816
1212682,25569.42873134376
1212688,30180.9728834414
1212761,55199.04480901251
1212774,24335.92887637576
1212776,25256.26835538792
1212826,45636.89997100119
1212863,20099.21999983289
1212881,52184.55921734352
1212899,51132.78749430077
1212920,56501.72979527815
1212967,24955.76083094736
1213018,13861.13120759572
1213094,32274.503566278363
1213101,24457.76821972403
1213111,19912.02808348726
1213121,38680.007692577004
1213165,12386.53477849882
1213167,64996.78230352244
1213195,19341.562207775474
1213254,79799.98613240643
1213293,60014.72767122747
1213488,21788.563466669115
1213586,26745.417211856737
1213799,24539.15830148963
1213869,41016.28398611334
1213871,40682.575540801
1213994,37091.557702655424
1214023,63291.15798599814
1214120,33595.47922793419
1214135,10510.83529283463
1214147,38579.94925392268
1214154,72999.51275501706
1214253,28986.414764451947
1214277,55100.078264972486
1214332,18384.53997596768
1214398,41669.93239677135
1214457,59614.08295223719
1214541,37224.33532533636
1214572,26129.97400556033
1214743,62670.002165072365
1214798,66528.30405600852
1214940,29823.721435365696
1215011,66889.7523268126
1215054,75493.4749455927
1215065,33351.66681826037
1215091,21454.725751017515
1215106,44071.33665339905
1215107,60589.89848392177
1215116,34946.057863095906
1215161,47987.32494190673
1215175,24978.78730003732
1215185,10104.65220148912
1215188,68681.60807370371
1215289,16858.913686980508
1215303,17579.193783751893
1215305,49454.84903677312
1215312,29978.198974483297
1215318,41745.08718938042
1215367,38961.5302080813
1215391,91273.3750220598
1215403,70858.67642665353
1215434,11320.266614993212
1215459,21362.60736285634
1215541,16393.608497228724
1215669,16271.52457402548
1215672,56651.29767035846
1215683,14553.759843442896
1215693,85480.27654811708
1215702,20650.227302906576
1215751,59704.204668273625
1215881,72548.04767633206
1216031,29357.049551650813
1216037,56384.47074916535
1216068,64616.48047781258
1216078,16682.77979476942
1216080,29169.637557036007
1216090,59048.71737814679
1216134,13193.691821031418
1216380,24475.958627926404
1216427,53812.5047464023
1216444,15753.321366947834
1216466,44699.79196675255
1216467,66286.38630552462
1216570,13324.522080196324
1216638,13210.631186330073
1217017,64173.143575089736
1217068,44254.03177935816
1217089,24090.993286681747
1217138,112114.1974526851
1217175,24242.392690020584
1217181,45019.95196042576
1217237,43676.55298125983
1217264,24292.29138285299
1217297,27190.44951925543
1217341,12857.749100598
1217420,11596.638884374634
1217453,56634.29781804984
1217459,24555.88799942286
1217536,32225.82538983417
1217685,48283.80583510212
1217768,45661.85910059184
1217781,50911.15721103941
1217860,70458.97025741823
1217913,16632.013421639356
1218060,20632.113675184668
1218074,53897.93528178349
1218141,11086.767287794271
1218237,15389.798829286396
1218260,73776.74125189192
1218294,49564.780819927626
1218307,29668.16725593699
1218309,53673.3397738264
1218380,23032.576369539347
1218457,32456.878196149144
1218514,38569.9958213105
1218527,14124.284694687976
1218534,40608.82924178278
1218584,19468.73107227784
1218665,18378.846201538025
1218675,7356.756923432428
1218775,26256.025933780435
1218865,55248.085556017766
1218890,11535.459791365478
1219149,47476.52274832146
1219195,63039.06209101908
1219196,65039.90640215517
1219313,34951.06080801492
1219367,23852.837220193556
1219381,49636.5159533362
1219402,11234.443391949624
1219550,23946.91792531801
1219551,18550.90146474254
1219669,23606.73129651462
1219742,40257.15969614302
1219751,32502.94945167251
1219754,43330.01167002775
1219836,24379.31550631089
1219844,27639.157207187644
1219849,62954.54095120214
1219971,20308.498025115507
1220070,98410.53844130438
1220071,62624.51221046817
1220163,125386.88642572323
1220168,123336.49597938066
1220190,63518.94251452026
1220311,43854.67104422802
1220330,31354.447911186784
1220352,37747.12744154803
1220400,55087.23960428742
1220408,14136.09606659068
1220409,37318.85835839505
1220432,76657.048215463
1220512,17829.773988115987
1220518,9687.607901488758
1220542,78158.61995181601
1220887,15695.951375197976
1220939,26741.48938962281
1220947,34317.108463241704
1221080,12477.530301064611
1221117,96754.3713267477
1221126,84952.4123710825
1221166,65182.41297488612
1221205,121579.37824968128
1221302,34097.378385352495
1221417,14133.137791680216
1221536,62643.895822169165
1221575,31426.07276045808
1221655,31607.21109812704
1221753,91570.28622691562
1221824,48093.64236431107
1221891,21288.412464880177
1221902,69894.74683970961
1221911,45911.6840520186
1222043,46515.90789688424
1222051,29893.912708610496
1222058,14454.970748004696
1222128,34473.098590416266
1222129,17020.251042148404
1222145,71164.31934402217
1222371,50572.18091622851
1222409,60013.81111902803
1222503,11035.71669804322
1222514,55237.541707026816
1222571,28392.52011627397
1222595,17415.111896872746
1222605,21095.72035405554
1222619,78725.76888060659
1222631,21405.883478273405
1222632,12443.611003286622
1222701,28165.61329124582
1222725,26391.252141534063
1222846,23642.51884730141
1222881,99946.70808708684
1222980,26425.42716687762
1223030,26695.996706745605
1223042,22358.43030450666
1223058,15684.942582713638
1223140,68137.23706932587
1223152,32070.99033481225
1223215,46168.149760879845
1223230,20231.06639484737
1223242,12714.652436215789
1223278,57708.26851044792
1223334,107482.4952461414
1223370,37888.91212931131
1223400,11627.994756214634
1223554,60585.73631709932
1223619,29069.165801501706
1223695,66156.7675577779
1223731,20826.594722364323
1223795,17566.291345851176
1223834,10533.988288847177
1223849,14409.563683192877
1223930,14598.795428523665
1223933,21796.550909216843
1223956,45862.302797303375
1224056,41421.49857758948
1224104,24973.411115958545
1224192,24770.01817683465
1224200,21332.88958264571
1224223,10731.371413799256
1224227,21515.293334459195
1224451,101356.14093835332
1224462,91197.33891506864
1224516,35706.62157584031
1224522,33329.60073956156
1224587,17978.125174243316
1224629,21753.78624519848
1224770,21734.838312795848
1224792,18875.239715703327
1224985,44890.215655868735
1225092,14897.325606548677
1225107,68456.53121068355
1225295,52990.53069645554
1225399,57339.799593364034
1225418,10064.261562989372
1225442,36929.00316468284
1225530,19688.330263250195
1225565,24508.25061172328
1225659,10156.003485956488
1225795,104297.46476536152
1225845,31611.6100048932
1226129,52959.73603819142
1226133,19175.068655182105
1226154,19454.595012640748
1226263,43161.12571320994
1226325,27821.469789222003
1226460,15103.226039711875
1226494,45541.69847035841
1226539,87642.15457427641
1226605,14581.195598759296
1226686,18478.296722913125
1226719,52850.58837508449
1226720,36777.986337339375
1226794,37085.250723304256
1226806,29201.97892056875
1226882,32122.696144473088
1226907,33932.686404165644
1226954,16685.808407082994
1227029,41130.23452283413
1227059,10003.664130508836
1227080,63930.37347372408
1227088,29980.93939624993
1227114,87633.76167092577
1227215,12428.508274069449
1227223,50363.6422196379
1227316,17317.621259028085
1227362,30672.16653325625
1227422,16406.869082733174
1227431,20871.730294745023
1227442,19519.19177932336
1227498,36457.90525653427
1227611,50750.58852689227
1227639,11137.419877834864
1227827,12966.35100781857
1227830,75490.45454336844
1228017,33766.076513810614
1250237,22555.918348621108
1250248,18533.95318736641
1250270,11307.211717215348
1250302,12516.174091134504
1250325,26277.435000854734
1250627,29418.024784633737
1252837,22693.972454850435
1252919,25193.982581195294
1253232,18932.496016710764
1253832,22600.556014322185
1254536,19420.734159350905
1254746,56625.923460579725
1255728,27505.791239844923
1255730,39627.010420976825
1256469,12098.56853650096
1256474,11638.39663260013
1256479,11796.683912154722
1256490,19596.12144167871
1256498,10239.108842026726
1256540,10342.805218224104
1256565,13250.107228164958
1256566,14116.981828388172
1256589,16685.591711233083
1256595,13254.692771395748
1256641,11154.386733024869
1256644,18068.26921341478
1256695,11404.206043342489
1256727,13773.518722453062
1256730,34422.202378783215
1256761,13948.506647629005
1256793,22210.369422979395
1256802,16455.973291195463
1257557,15393.821308280769
1260561,12431.099539357085
1263986,10350.310996369311
1265621,42257.08704388338
1265854,49875.35472855942
1265886,38420.892398554985
1266003,35565.15478225284
1266365,16051.94036881413
1266592,39357.15191650369
1266622,24027.62689715168
1266632,35003.88722570421
1266637,55315.06874763132
1266642,32349.731095032625
1266645,32959.68174150659
1266646,31806.7139310451
1266651,36198.7369313204
1266716,31754.998166344794
1266735,31325.550797376505
1266772,26738.325151693192
1266795,61584.26080136091
1266800,43789.56999287438
1266823,46159.97091450208
1266828,51655.40874637519
1266829,71889.12319801404
1267203,69666.41126469117
1267235,16166.661945421622
1267239,25994.815918732013
1267242,16755.9349839271
1267251,22296.252196183672
1267252,30018.782744905227
1267254,26649.13990422132
1267263,30324.73933051624
1267345,56712.234912899
1267521,14651.075194565316
1267533,28274.326760480184
1267536,26688.56948643772
1267602,21596.59371955031
1267605,28921.52997802404
1267615,27507.735771246225
1267628,45282.800307859776
1267668,14875.04327045474
1267710,48793.494936139454
1267749,24958.99826520562
1267753,25581.13812905419
1267766,31003.28136941153
1267811,15126.149703838708
1268085,31722.820249105047
1268116,50260.46201673928
1268136,64247.47597162789
1268176,22235.06152632734
1268366,109778.77277840074
1268383,93423.66021710791
1268390,97992.59743958594
1268391,79429.81831830612
1268505,66459.21008902015
1277540,49198.23649261731
1277967,31791.50697763098
1279621,42201.47677292599
1279712,35876.77043445721
1279784,47400.09728374324
1279794,42031.44378356276
1279963,18542.02454806582
1280271,27175.06973665573
1280929,19925.87696527318
1281497,23147.91964971421
1282233,17132.91786049064
1283087,25952.20891114413
1283416,21041.623012435623
1286322,33817.922576057084
1289286,32111.077438499648
1290217,15198.157328838315
1290319,13510.311629147203
1290446,15655.769194276454
1290454,12297.80169094661
1290656,19082.86253931992
1290695,18409.794506775102
1290910,16652.244671245622
1291000,17146.194420176093
1291003,15800.87489564076
1291019,17750.931467101436
1291146,16686.659303938934
1291199,22439.35179807277
1291389,18349.40694129022
1291407,18831.085490138412
1291563,17280.574856022813
1291599,19900.15227299933
1292133,17224.900057645245
1292137,17043.184598577605
1292235,16890.899702504514
1292260,16439.59578065182
1292342,20569.93586607431
1292636,18543.72253560358
1292655,20894.235829539677
1292747,21604.69889196169
1292919,19322.231739967043
1293271,17286.301835609855
1293650,23531.175405414146
1293674,24028.96497928911
1293703,23721.895583517748
1293771,23047.12137788833
1293877,31336.688741761394
1294225,26271.74789226735
1294228,29003.1115350954
1294235,36897.98451545681
1294267,16537.805330429826
1294514,22577.52032754736
1294724,27071.288864706406
1294753,27990.080484354377
1294820,25963.66981626618
1294888,10042.122492008068
1296195,13814.630157748425
1296201,14123.546383486144
1296204,14041.015064538498
1296217,16661.52514945515
1296230,19301.8539669311
1296245,20185.24951830991
1296284,28521.18359264254
1296475,66972.29809832266
1296476,64217.316391678585
1296540,33857.77741816464
1296658,95534.66876094534
1301751,28071.34829322749
1302087,9344.74795575098
1302109,11523.154145869374
1302115,15689.997866616308
1302133,9653.627873920455
1302138,10956.519949488184
1302169,12001.551284927493
1302177,9827.505762421966
1302230,14848.672141089392
1302232,10832.807301487368
1302247,17672.64965034921
1302255,11139.685999847425
1302257,14143.774236416852
1302259,15056.831835167131
1302272,10864.538321104586
1302300,14898.639083462253
1302311,14609.225643868433
1302316,13120.99735001103
1302318,15251.1009970685
1302334,16550.547106884733
1302335,14602.729259365791
1303655,15111.860341586167
1303665,13887.943406369155
1303671,16973.48956226617
1304146,12042.932297829497
1304155,11211.051047746008
1304166,14153.468016616464
1304215,12280.29212439282
1304231,12878.807695034511
1304233,14648.9742791719
1304874,14678.044059853926
1304908,12586.979056120685
1304912,12327.490706321394
1304931,14413.091542368324
1304944,14202.837637306526
1304961,9948.0391548218
1305013,12514.593756213442
1305014,15408.43591010127
1305015,9722.84595425205
1305022,15460.043847150506
1305035,14510.73292016048
1305040,16213.796857409492
1305043,14977.788073709438
1305052,11450.011005239185
1305093,14974.777929895894
1305096,11562.319157132128
1305106,15151.81404734873
1305135,13938.744705198427
1305144,10517.165685077998
1305147,13120.550113825198
1305156,14089.263204241048
1305173,16143.904105919935
1305190,17191.32885224115
1305205,15067.289121910107
1305216,14633.288167301653
1305256,17355.97074223782
1305260,17944.193224754745
1305280,13491.512619065246
1305309,15163.151041389943
1305316,12958.438878768597
1305347,17905.586971265417
1305353,16106.382586263724
1305369,18425.54441932327
1305389,15871.79595768206
1305394,14802.187875937574
1305407,15242.39325966848
1305426,16935.384974130466
1305430,18189.85313647664
1305435,13084.373054926144
1305470,12015.013173765035
1305471,18392.676224041505
1305478,14608.595133290706
1305520,12862.709678283363
1305522,15033.457196427658
1305985,11295.775073636896
1306007,12411.968933666663
1306021,11506.10877020516
1306025,11822.444112114428
1306029,12882.506896784971
1306044,10660.364786910784
1306046,14848.74868234347
1306067,12646.041083217096
1306075,9745.842121192738
1306078,14849.462164273562
1306096,13720.389999775043
1310291,92234.51160080548
1310343,120046.04480581357
1310977,28805.82433486497
1310978,31964.206100169613
1310998,32261.14858454601
1311036,32501.541816999368
1311059,39719.6845451743
1311092,39890.26349159423
1311108,34580.835297402315
1311121,35531.213212030765
1311139,33268.84319261083
1311177,56477.77844982312
1311218,36555.08450659892
1311241,52842.20298322544
1311244,34017.048516358576
1311245,47570.31162238414
1311246,36863.76215866492
1311253,32920.34736463062
1311271,79837.55137131375
1311286,32025.134158713685
1311297,56821.45347120827
1311336,35757.37133802385
1311367,94701.4046594147
1311370,91318.36089081888
1311373,33890.04745949528
1311400,103317.31756300776
1311416,45372.958574064745
1311458,36071.28618394728
1311489,38267.3456355114
1311491,35588.99494980582
1311504,37217.03975048709
1311540,33698.21530849059
1311543,38878.51726784826
1311611,42912.69146412627
1311612,39636.98193536101
1311626,33601.53348208271
1311647,31038.52542150145
1311650,38698.91964974794
1311700,43438.99225948361
1311703,33341.22706069755
1311744,45180.76634685843
1311755,39480.09485208748
1312744,34510.15284146802
1312746,34991.088894223445
1312982,74361.85602918512
1312994,29413.900191826684
1313005,17099.656616706277
1313114,92553.9056614268
1315322,76175.71038024727
1315330,112158.91320569313
1315626,41080.69679502832
1315627,39540.6579498004
1315656,34067.32419314934
1315659,52983.259738066205
1315661,37109.18818524696
1315668,38625.41546867705
1315700,83394.59148249603
1315820,31978.438892766582
1316572,27405.789517450456
1316576,21711.32974933543
1316580,19310.30282085069
1316590,23582.73746246582
1316596,42273.781278055394
1316610,91594.62258293205
1316618,92281.49447320048
1316637,32721.02483568244
1316662,33904.80677321016
1316688,48299.62823702858
1316893,35730.28819987133
1317652,32486.405294331336
1317655,42409.34807887128
1317686,67449.064195983
1317688,89725.5215089761
1317699,96617.79119998022
1317718,68296.180944888
1317744,62296.08517020341
1317761,70527.32065629069
1317774,68170.12983192198
1317792,73554.5897114714
1317861,72700.41489781925
1317931,86494.5908610608
1317971,65739.69163307677
1318001,71214.17154897179
1318003,71468.17851475859
1318008,74437.87524575689
1318038,70793.13823374642
1318062,72928.69737167357
1318092,73077.47218668007
1318142,79087.18282297699
1318173,86221.71898722571
1318201,82854.0829684758
1318210,34208.03403551287
1318213,73266.46980606801
1318260,49695.58257214855
1318277,30770.90774594753
1318279,31925.596321708184
1318280,84821.22926625538
1318288,79984.69202777022
1319505,66990.3134746729
1320177,59191.59246785066
1320219,64485.6504626416
1320225,63147.81194761887
1320250,53472.5234617836
1320255,41454.81108105676
1320260,55814.01357196432
1320269,56469.13806095594
1320270,47378.2615403304
1320279,51017.91121197031
1320281,30360.776065586244
1320286,44385.14314100552
1320292,60506.81160596174
1320293,70015.82526164067
1320305,62526.9536459845
1320366,51155.629652233474
1320375,64786.37197136779
1320381,61831.462831522826
1320418,67139.44882447398
1320439,74833.74537469438
1320447,66788.29125129717
1320468,41341.11764749744
1323283,14673.627307497887
1324283,82211.53240855379
1327023,19493.6458540577
1330027,13234.594677706102
1330200,19396.61235236502
1331900,58177.1688520803
1332110,93031.85240971389
1332124,50616.08666250364
1332169,58410.47298539381
1332178,52284.84445223662
1332584,90895.0865808104
1332608,57436.47595968076
1332612,59558.89752760585
1332660,95241.52458265818
1332667,52027.312628648506
1332683,61216.62020519804
1332694,19777.905971488675
1332708,24016.91304560251
1332732,16716.580807807484
1332747,15803.813159634688
1332757,17373.26517364831
1332759,19105.56126668331
1332764,17582.867497133848
1332777,15962.524638197
1332780,19406.987439843047
1332782,19486.22156771704
1332784,18327.8607586375
1332794,14854.041840209393
1332801,17981.006426768745
1332834,19058.952349573075
1332835,13829.511110515472
1332846,16365.824478067994
1332852,21807.47577993289
1332868,18477.81705915158
1332883,24129.15843107471
1332887,16780.349470019326
1332890,18717.98797146789
1332894,15941.2042177779
1332919,15696.88662651552
1332931,16441.287078523383
1332946,14191.679621466265
1332957,17811.410697095314
1332965,17671.363076509697
1332986,17715.73483216181
1332989,19710.94170057276
1333000,19592.836928416225
1333012,16572.167579957233
1333017,16122.965401367608
1333030,15153.31782305146
1333033,19483.599986297464
1333053,18499.130095840446
1333071,18605.01358339041
1333087,16601.644115820243
1333108,18805.30156098221
1333123,19671.96890761944
1333149,20498.48782109819
1333164,16899.540971865637
1333168,19780.108750690277
1333170,20107.145632232285
1333185,16866.897133703464
1333203,18166.29407297672
1333207,17696.795933688183
1333228,18510.45969826862
1333238,17063.770363538315
1333248,20512.841276430525
1333253,17295.63674551012
1333294,18952.98574793537
1333297,20055.22125081558
1333301,17151.553375609044
1333307,18577.366453653354
1333311,20947.204198838157
1333312,20265.37232357152
1333335,16688.346372356515
1333342,18085.844495843838
1333358,20830.97386318386
1333360,19228.86568349532
1333369,18490.04694226088
1333379,25260.53356596295
1333397,20260.856468556434
1333412,17562.899351093325
1333438,21169.21480763245
1333445,22849.686352170134
1333446,23381.211090405115
1333480,125098.07931211616
1333720,35239.71082732962
1333754,48065.59215631872
1334107,52555.77314121753
1334140,64821.39170873805
1334157,58713.74580939273
1334243,80007.82534095959
1334244,85478.84637148495
1334252,74825.5478648564
1334254,68833.1512773644
1334256,65237.4522054822
1334269,73217.00291459508
1334276,62158.42174621228
1334311,59793.12771091615
1334326,54742.48819031832
1334350,46480.75135023658
1334364,67141.25024227457
1334366,60829.387441509374
1334382,65044.01802646332
1334392,58762.33560687981
1334438,66660.64201222814
1334485,70671.22317114787
1334540,65504.65435224868
1334549,49123.6870922939
1334597,92994.85132716376
1334600,72557.46433838762
1334644,50134.52737562548
1334685,71124.38955444563
1334688,84391.06688464059
1334693,68115.45584116472
1334705,62096.06855914402
1334731,92802.7558209428
1334751,40163.49526564793
1334759,83989.53103562952
1334794,76306.78453079805
1334801,70344.24295937858
1334825,93010.72527529656
1334844,52646.09115261661
1334872,70641.61753974133
1334918,90595.34328478773
1336165,43231.03118027745
1336218,39763.64763162999
1336223,42963.58417124489
1336523,35832.93257787773
1336615,27630.2140817295
1336628,89107.20811121397
1336632,26027.38866187146
1336712,87498.03981418641
1336718,81586.3366536703
1336742,33406.556557963966
1336743,32659.041042439385
1336784,70058.43554034055
1336789,26444.26353028148
1336793,64886.34472014898
1337556,51996.29931985604
1337574,26495.172268653278
1337590,25074.8418419832
1337592,49019.71381044679
1337628,96486.68287941694
1337629,95599.5215023256
1337630,59668.41324307589
1337641,71151.30384891081
1337656,28603.01525550951
1337660,55247.99102423624
1337685,18715.672699970917
1337687,23569.30816270805
1337689,83140.64260516262
1337703,25308.80768311581
1337715,24047.577870694684
1337757,66327.24399629109
1337772,61226.40575563222
1337779,34869.65897505888
1337785,26689.46142767282
1337875,71384.99191131777
1337945,73520.97107408338
1338009,82326.83487108278
1338060,48653.22429337112
1338065,79922.57353786138
1338218,65645.132821497
1338237,98540.60086754704
1338528,23666.673637415657
1338566,32696.819014920937
1339064,57895.6761704397
1340246,28448.19326599384
1340248,27125.22606017691
1340249,34784.936681182895
1340250,21720.421819292937
1340255,61031.873456137415
1340297,44771.9698563177
1340309,57897.65251397592
1340311,42530.70850321457
1340313,67233.20122256846
1340320,17809.816946313942
1340327,26043.01630873392
1340338,25039.119746145807
1340355,76256.88127960896
1340401,45013.52426978549
1340413,43810.47873836947
1340416,64887.73988777506
1340419,43689.5186363965
1340448,18774.400480849283
1340460,44680.77181008944
1340473,22691.154252630466
1340482,20139.591635922945
1340523,83021.87087868631
1340539,17336.420627623134
1340545,20454.94776675461
1340550,82323.70237866078
1340558,28598.053794150925
1340568,32243.52823706225
1340583,16382.135563786584
1340599,70495.00536271221
1340656,31329.347410680886
1340658,22497.94046021696
1340660,19399.033068883477
1340706,22346.50673621981
1340728,48937.75202870993
1340738,27637.190354586102
1340739,81899.97677635697
1340748,28437.920184811264
1340775,19367.195649920875
1340787,41731.23424304158
1340827,92625.54546035716
1340909,93190.07287180707
1340912,108472.21155670677
1340949,69757.90172318417
1340962,90883.71488022436
1340971,87541.16030748078
1340973,74942.1473826899
1340997,98940.2900795959
1341000,82863.96196301874
1341052,119780.80755787274
1341058,126612.76588966014
1341087,118453.33704991994
1341097,87378.72092573582
1341118,116423.77035985386
1341131,104605.6006309264
1341149,99158.01661988565
1341186,102259.83551060302
1341208,107412.43995559444
1341213,122947.99831944949
1341235,107570.9784228622
1341362,105353.28558663154
1341366,96566.55061972328
1341392,96974.83434634825
1341407,93966.53786954738
1341410,116353.73366716792
1341463,94172.74675983773
1341510,114526.7699382811
1341523,110371.73241942211
1341559,114613.64127184918
1341596,111420.61717962206
1341627,116833.5048090244
1341741,126381.34335062484
1341761,114796.53085365164
1341766,107655.753118227
1341770,105501.02910761564
1341775,124878.79978582574
1341795,110984.25778139252
1341812,128953.7325180472
1341844,118092.3497975494
1341905,130191.61899169412
1341918,134675.15609344296
1342171,98813.68533506709
1344610,40314.25636075068
1347291,51353.0231013719
1347295,31405.265181765804
1347311,54226.50898788922
1347952,68997.20737371764
1348041,10047.015716834065
1350592,60091.453480990094
1350653,48344.225606721215
1350661,53739.06067318955
1350696,56628.50872094356
1350704,77240.30696799376
1350769,73046.94418452535
1350807,59591.46122386094
1350813,59664.05831670767
1350825,42843.10024942931
1350838,59577.08512310573
1350856,48309.53015365972
1350885,59023.322575122176
1350903,34439.52518056758
1350934,62074.384515966536
1350939,75026.66454754196
1350984,39383.29460622427
1352854,35640.407810276294
1352873,46199.68101017396
1352883,17218.053836263403
1352950,23030.0684028436
1352957,32944.53518527128
1352965,42153.95246716926
1352970,28600.00725980101
1353001,26907.32500141801
1353059,34567.3719021933
1353069,48002.16728286197
1353073,57086.71604633762
1353287,18573.936367981703
1354533,36670.78271974035
1354824,58662.95212997056
1354843,37881.14695951139
1355040,53763.37530272589
1355080,71299.09891301062
1355125,58087.47523073264
1355131,58158.71300383519
1355141,62242.71965403723
1355261,69164.94492788462
1355262,78064.07522716053
1355285,77019.24648345339
1355295,67414.31462551883
1355316,67306.68800046688
1355329,56762.46011598616
1355337,79677.81687338953
1355390,68473.4263425288
1355407,78989.01050413918
1355409,83191.17001589146
1355417,55118.21799757842
1355423,61868.57057007362
1355441,68294.4574606651
1355447,58230.419798996045
1355456,83693.5308857737
1355460,52542.205170041045
1355470,64213.92201689984
1355500,65324.79282070274
1355521,51910.20019837535
1355555,49166.1232935467
1355564,46888.645393265375
1355571,46815.59496307812
1355577,47225.95497863379
1355600,90191.88711142536
1355619,50026.54596268608
1355630,94122.84986212583
1355646,63732.38805121669
1355681,71732.15252771418
1355813,38362.679215409225
1355959,75446.10357348429
1358268,71000.55445121942
1358282,30855.74313922357
1358283,52621.05322919359
1358306,16346.70299380368
1358324,66230.14475568532
1358810,51241.82767770984
1358890,63741.94071351796
1358895,73390.80913297164
1359153,38168.90584187271
1359154,46044.50248758363
1359258,40881.82145815228
1359313,33583.1793297071
1359367,51092.47526753294
1359748,60802.00510660489
1359779,48408.830708981935
1359792,45716.58575080973
1359814,18346.310577439515
1359867,76002.91855121421
1359932,21939.83714854455
1360110,45114.83885083221
1360146,35104.44206075504
1360152,51774.379668450514
1360154,48450.97971797049
1360155,44987.38699862388
1360198,40302.28598445702
1360207,47995.44817646292
1360232,44927.77252600859
1360300,70951.65438004764
1360322,38209.11618810546
1360329,47772.50998053084
1360341,43384.84955225466
1360394,46168.61961759089
1360410,47942.51916754212
1360425,51314.262049196615
1360442,47607.55778724353
1360462,54128.59051373845
1360477,70353.73926053767
1360483,44124.12611182565
1360521,57796.148141087695
1360597,42501.21885136222
1360604,64564.10816928264
1360647,79177.53416337498
1360654,82627.38684850642
1360692,70867.54196316923
1360701,75983.96595591385
1360740,74116.74109486298
1360750,78194.02843160159
1360759,81384.7363606595
1360805,48191.2350923703
1360824,96244.66241067497
1360828,102813.83700020968
1360919,24239.54242188534
1360934,26775.75565955377
1360942,27672.12292466936
1360967,25915.134808220064
1360971,24505.75026770728
1360996,16900.96342541105
1361765,51967.95976005285
1361999,89215.28308713237
1368720,17080.306626236343
1370415,26981.573825320123
1373073,11049.675414922918
1373094,10974.565233474348
1373128,11118.165196483293
1373129,15452.755884482254
1373158,12011.797039334782
1373195,14095.82254990886
1373200,13678.578836228764
1373204,15057.913694525796
1373208,10674.552597345672
1373212,12200.068728439475
1373236,13396.019476804238
1373243,10078.181742758516
1373296,11396.27327364911
1373324,11450.11383133383
1373345,12667.941445796954
1373350,16738.28409258377
1373382,12934.1448035479
1373802,9495.204601912128
1374633,24238.68685072433
1374649,19459.317305544453
1374738,38842.70830221868
1374743,32257.751598955263
1374757,30580.97078004807
1374812,53731.3585875679
1374925,90153.2939197092
1375027,49766.041691744525
1375038,75690.2602471236
1375043,65856.44297661397
1375070,79634.71850682344
1375116,70924.23622125122
1375273,29095.62524590596
1375282,54329.53336434129
1375294,34315.29775558793
1375304,53239.84436608444
1375324,15548.969268267138
1375328,54136.707658126994
1375485,54040.48443963974
1375486,64014.62456983849
1375671,33688.54839571891
1375690,86333.87048390158
1375705,84836.41879686806
1375717,56296.23115230881
1375790,48258.60832027604
1375838,47711.67377545562
1375890,14523.056306630724
1375896,31453.222426071097
1375914,31410.967055640853
1375934,31635.166674756078
1375943,28902.2246850672
1375944,19585.22219902904
1375999,50033.42743123162
1376006,35449.795736270404
1376018,12242.70032226725
1376022,31701.485066175155
1376402,30959.12599586052
1376445,16111.544907308622
1376450,42093.28938628127
1376453,37885.49540348794
1376464,25435.267881876323
1376485,19408.2471405813
1376497,18076.55492412747
1376682,59396.15683418582
1376686,50617.26853930956
1376701,68858.53522368282
1376712,39852.74710209142
1376719,44095.38660375419
1376721,65114.91705380843
1376723,69025.91460097706
1377716,31245.115134016232
1377759,50702.37052212605
1378284,45947.58639510323
1378778,81735.06151902795
1378798,89204.60019929695
1378804,69980.44391905173
1378852,95200.22104112784
1378950,75881.1429479184
1378954,52167.42852871617
1378958,55638.29398334449
1378961,52979.80728307729
1378970,58286.50654024448
1378985,82612.50143219465
1379010,69629.99149611799
1379015,47353.10515598961
1379043,77755.96422172565
1380996,88101.5788016754
1381283,93358.5786554717
1381443,22635.35844653472
1381455,23122.634339318665
1381468,24610.36326860197
1381794,19066.788610389416
1381801,37097.5250376625
1381802,41819.44094036872
1381812,40887.95084781675
1381813,36908.83558086726
1381823,23613.81379379108
1381842,18310.068941740523
1381845,46261.112465055776
1381852,17517.539119546742
1381858,52565.00961960852
1381864,43088.82170196255
1381872,40826.8245692437
1381903,25717.45313107421
1381908,48374.00207473049
1381937,21762.317553395005
1381945,59964.16903797246
1382522,39340.71315666047
1382542,91956.452966813
1382543,90777.51065987408
1382577,57820.76540324922
1382590,87387.62694630971
1382596,91756.9902170036
1382656,80984.96271096704
1382687,94730.70298057956
1382709,44821.86706097519
1382715,92670.35266590018
1382902,97531.6875094786
1383001,94769.33263695004
1383008,88532.24376327281
1383036,89136.77236223452
1383920,89838.44877049504
1383938,72375.40688981747
1383967,97253.93011373396
1383968,122644.69536421332
1384006,89417.60772834264
1384042,128523.34302411704
1384045,107228.4132294721
1384048,85435.96539198993
1384078,92227.55807191072
1384082,92505.0093668727
1384105,111171.19870052616
1384119,99453.4190161274
1384122,84489.32569882796
1384126,79811.01857351135
1384128,82711.11129975872
1384129,116646.9942282652
1384136,76045.15951039022
1384141,117051.3093281735
1384142,79870.76637826918
1384154,119149.59181838953
1384166,87802.22413154574
1384178,94806.97827975776
1384221,95661.6628225696
1384224,89239.2405142857
1384234,73972.24661995878
1384255,110774.02557564768
1384267,107496.80598376016
1384279,76997.17836284486
1384282,102501.69335011904
1384320,115515.19612695216
1384345,103821.4819643956
1384358,94312.01701091946
1384364,110465.44182559937
1384373,83908.70139405674
1384378,114932.48550977353
1384428,73290.5140426342
1384444,87699.44788363043
1384455,107493.96541990012
1384459,108355.67207618985
1384466,94252.92550868784
1384472,107812.62760929904
1384513,119440.19035087124
1384516,112119.66078608116
1384527,105281.01969033944
1384603,129478.57847475902
1384609,113488.4839246054
1384623,127350.3556555732
1384650,124481.91486396006
1384653,121417.62784117673
1384688,131992.5037482842
1384699,85154.6208280135
1384712,132145.89600817757
1385606,74377.60201954833
1388403,20297.674138426948
1388971,41757.53592513048
1388972,38313.76475702107
1388973,39624.992909496366
1388993,45000.960753829546
1388996,45692.88199815299
1389000,39298.18670844819
1389014,38641.11917153889
1389017,38057.074103953
1389346,47959.34223507922
1390991,15621.345027713274
1391026,19235.971465635484
1391138,28359.476319916568
1391935,21701.81911835379
1392442,47293.83202552441
1392450,20684.372295152563
1393712,93331.8560498373
1394812,15287.884374270468
1394840,13805.364555741173
1394867,34607.2432262362
1394885,85744.7301848048
1394886,21808.41115282387
1394902,69158.21405767993
1394904,77390.41459900074
1394941,98161.40104427683
1394949,29038.245384498747
1394956,35005.08275345563
1394986,69453.43554349928
1394991,29912.855790139743
1394992,89871.31206630541
1394993,32507.868862583484
1394996,29872.57432372164
1394997,90271.06717321686
1395013,23758.3427562447
1395014,75027.73052975224
1395026,99948.77034011028
1395035,28875.856010993528
1395063,49052.69181539636
1395091,26033.279221941204
1395103,35390.49256706076
1395122,68861.82438265468
1395138,28438.574191717857
1395146,29996.72677807584
1395151,29609.614033818463
1395153,60667.5744495243
1395155,88184.22250919437
1395170,85079.82267955568
1395210,35490.72877521679
1395215,29841.277548211656
1395266,74565.89536358029
1395273,34247.79651344339
1395288,52112.67266924491
1395291,26099.075567017717
1395316,34184.35753287985
1395421,40449.30018152733
1395429,28589.3319093532
1395438,31032.79775574962
1395450,34268.07721456335
1395468,27283.816595034503
1395483,63299.97159245025
1395581,44917.62103350547
1395585,32242.75136673578
1395592,34053.800778440374
1395602,87387.73642925038
1395678,37796.50631965854
1395681,69228.00660571626
1395684,37584.42743248942
1396992,17827.95513237868
1397005,19218.72232715742
1397006,17491.22159077198
1397015,20102.10100701609
1397032,11856.75440935689
1397035,21272.399366103124
1397059,36186.19464374422
1397448,24022.78505067123
1397452,22656.249015894376
1397462,29772.343638858656
1397497,32716.545250048683
1397523,29672.833961842614
1397827,47178.64922482635
1397831,24684.529155989003
1397838,18201.44538912709
1397850,21941.697364818385
1397854,59193.91379167742
1397858,50757.7516426088
1397865,63112.53453554497
1397881,20328.909046330653
1399691,76544.60699026915
1399694,77965.60715449727
1399715,42284.29313502792
1399749,47414.258182909165
1399751,72261.5950972864
1399875,110315.25271988683
1399876,68369.94535511233
1399910,86868.48594964186
1401944,66304.70543390149
1402318,50324.42436619393
1402365,68048.27917390529
1402378,59317.16473850041
1402380,59741.5514549585
1402409,54449.370171361625
1402411,81775.62237333876
1402434,76136.8068405329
1402435,131634.25845383608
1402471,55949.12941789135
1402491,65353.2583462866
1402495,66947.36644245195
1402497,77249.73002526147
1402506,87916.66481579911
1402532,83724.64777651922
1402533,92454.89242414244
1402542,69742.10381663092
1402544,74355.80948179863
1403236,59184.15509667896
1406056,31186.617514957845
1406731,38381.48080051749
1407089,89592.04796254922
1407095,97261.13468140886
1407118,53505.20418206236
1407143,47739.51563297197
1407145,80869.36750416149
1407153,38902.48718234225
1407155,42362.77170629135
1407156,54805.41657756176
1407194,51810.48853710189
1407228,55574.02778006639
1407243,42299.032753650245
1407244,40465.99052068648
1407247,71424.08043564629
1407257,40905.49052953856
1407259,56321.1604190711
1407264,44897.8328152648
1407287,39012.89787619267
1407298,43772.10849499636
1407349,56870.00291898838
1407371,60813.02550406719
1407385,43608.09188257159
1407420,90334.8965883799
1407436,44246.93388215336
1407440,60016.38807019652
1407477,59111.11812938969
1407528,48755.670525889625
1407537,71997.91792894198
1407562,86625.95962344616
1407587,45872.51734205213
1407629,59217.24149915174
1407638,52406.93128261964
1407640,58558.08048153278
1407647,64491.32680225354
1407665,47069.05392076147
1407687,62252.28218001127
1407708,53546.20405469943
1407714,61198.01540677573
1407755,59158.75894785861
1407778,78369.9291325261
1407803,69368.72416894691
1407810,55163.1721256152
1407869,53283.08185340416
1407886,64439.71775032047
1408837,14326.971277629478
1408844,31610.97664185246
1408845,15384.33951413205
1408878,17211.426068163466
1408879,13383.766703985091
1408880,11581.036145411945
1408896,23588.179476367237
1408918,21699.713683360915
1408919,26912.0962638376
1410622,34861.376578875104
1410636,21713.39991300715
1410647,52822.21670729452
1410661,23746.296777191343
1410677,24507.49977291765
1410687,57697.18734585912
1410704,77385.95083416306
1410707,70180.27181357652
1410717,42488.51095347778
1410723,24981.197349729748
1411589,104498.70742264006
1411603,83094.55007501486
1411610,74744.21200497207
1411654,77287.62394815791
1411683,47945.1256583393
1411695,61279.76020840663
1411860,23555.712802896476
1412164,33790.849955345315
1412264,56081.08658001502
1412265,53091.36851666486
1412284,60355.885636687744
1412289,62255.5846932206
1412292,47395.41658049012
1412328,49612.06680687881
1412379,47184.92302354069
1412398,31032.548270648535
1412413,55223.988387696125
1412414,52486.12476714965
1412442,49537.62744298711
1412451,54748.28379955173
1412453,60810.971571561095
1412455,52323.26489677809
1412508,65158.439294016775
1412509,93163.19301195072
1412544,44378.17851991338
1412554,55060.68722222306
1412612,47225.25401072392
1412653,56211.51100400647
1412681,29891.077713160823
1412687,57628.86127165906
1412693,91052.89723551266
1412702,86600.59337888738
1412712,51168.79499298319
1412739,61583.13916540062
1412744,48039.721896318544
1412745,56332.52447468845
1412807,49955.91123634554
1412811,58671.65083644019
1412822,46980.06523141427
1412937,65544.81338790045
1412951,76997.55317529451
1413000,85204.67703251909
1413002,54535.51411240458
1413058,32292.188942282413
1413415,34370.8291226828
1413436,18948.23091543276
1414098,20862.79069338801
1414657,10256.941303601132
1415242,26090.8008936597
1415243,31741.228420227817
1415258,31163.482857288604
1415293,40174.84970338719
1415305,28362.83368576128
1415318,42162.288154727
1415320,40889.3961745315
1415323,39426.78354882641
1415365,38033.75665340158
1415395,32744.29338264877
1415396,36883.18774901672
1415436,26831.04847479329
1415464,27125.23866917709
1415466,26887.90438335445
1415487,28416.81449576366
1415493,41823.37131906837
1415516,35694.60801931196
1415559,35961.27005263902
1415560,25715.25154293085
1415584,38520.30288280049
1415599,34415.20415590801
1415640,34996.18829236494
1415649,38334.49350326898
1415666,39169.2110398349
1415682,34746.51304006146
1415683,33878.64735379232
1415690,35466.89946139886
1415699,37960.40842435524
1415700,34726.40030823727
1415710,28274.462314836343
1415714,39908.5681670708
1415721,41315.38262496865
1415725,29244.3327114794
1415728,38769.61968408227
1415754,37148.16248208177
1415756,41928.10358872636
1415761,36807.75131558268
1415771,35721.26265738647
1415778,35845.17568302127
1415782,38807.960616064345
1415812,39356.55020528186
1415818,41322.69319974526
1415832,40801.148396350174
1415848,44772.679129105374
1415902,38965.48674544579
1415904,39519.60597917381
1415909,31530.929850906665
1415914,27601.02557021772
1415943,37395.53482444308
1415950,35704.90584101712
1415958,38255.27932220903
1415975,40209.42021812224
1415987,31721.40079979564
1415988,34275.9722414703
1416013,31979.190643157388
1416014,40080.73420327091
1416015,34426.72835403924
1416029,33410.486247801455
1416030,32961.97993098264
1416040,37260.54739709785
1416041,39461.04959404319
1416044,39320.256041223016
1416058,39828.97418188356
1416067,31482.35893485929
1416072,41335.9031306449
1416077,39512.60003757698
1416094,41496.90385580913
1416120,37897.25717888904
1416126,48453.998649634486
1416168,29758.00829900232
1416171,32120.297740888946
1416177,43473.75936700353
1416205,27665.511761860325
1416207,41537.547824762405
1416237,27004.93740929921
1416316,46643.75786130794
1416319,32191.582342177036
1416324,34290.06040967356
1416351,46015.82440591
1416352,46024.66576476048
1416357,39442.497418406245
1416370,43814.128074068205
1416373,29851.402093373785
1416377,39048.776576131655
1416383,48286.81894569207
1416386,34064.27874464038
1416418,29133.46732008468
1416423,50751.57583501586
1416447,41385.00231347698
1416450,34012.387874057924
1416462,47156.83296364943
1416499,45478.38403326092
1416505,44548.07934859984
1416521,43294.91714553543
1416526,46069.96395639634
1416531,47323.41831619904
1416539,50802.28868485799
1416544,29990.81806878927
1416552,39555.29668066616
1416564,35501.708828207615
1416571,32082.12972054021
1416580,35837.86162087845
1416590,44521.44800432277
1416660,52472.03622306453
1416668,38535.86784323248
1416671,46630.91458748486
1416687,47701.87953663998
1416703,50371.64112252634
1416713,36359.50612393685
1416716,51944.50568845274
1416741,50645.00807669555
1416747,36223.03074439365
1416777,31807.521804457785
1416785,36275.00515005451
1416810,47863.3792418328
1416820,42834.15699034882
1416825,39387.4914601438
1416871,32490.23272102621
1416893,43683.96102749558
1416894,51422.18077633687
1416912,54607.82973671312
1416915,44328.74032428568
1416923,48627.60058899066
1416940,43108.98953470292
1416951,39804.83780864336
1416961,37937.19649848512
1416964,42525.09272830106
1416967,38014.52629287298
1416988,53107.43730222905
1417025,59736.74859587054
1417050,60157.87142599834
1417056,51120.03275739882
1417082,55555.00216951327
1417085,55656.06960700918
1417106,59372.68543966201
1417131,38697.49973793759
1417151,58299.73269584266
1417153,60694.464726063015
1417161,41833.72535640373
1417208,43858.96824492004
1417241,50998.39383516708
1417261,56589.373208059216
1417297,40892.46698540234
1417299,45873.26864196654
1417303,46177.32268972725
1417307,46440.896625666006
1417336,68473.15609719238
1417368,68733.8601674025
1417376,63698.163465707294
1417385,44594.202699180205
1417387,45658.68883825992
1417402,44851.32674410551
1417414,45302.02852344336
1417421,47130.27107098526
1417433,43144.885657239705
1417434,84095.05645217052
1417446,57945.111004931554
1417451,70011.87426838523
1417488,64201.73938251274
1417496,42249.10762349446
1417497,39988.9958068635
1417517,67429.05645987095
1417518,44249.53555762926
1417522,53922.20531702086
1417536,77939.04166559674
1417541,61833.61104472761
1417562,41329.31833141786
1417567,59282.86317167757
1417573,54313.48292841535
1417579,70633.80608531952
1417594,61066.723808544506
1417603,81356.34237708765
1417630,85516.77154190713
1417653,50448.273738203454
1417683,37817.24995537598
1417690,63106.10788393411
1417697,91246.81117045542
1417707,45031.55623439472
1417714,44928.78141820555
1417731,77244.16647039022
1417739,46579.82128227087
1417743,43171.21542887065
1417789,42269.14495438586
1417795,86429.46340333497
1417796,55662.84061424095
1417804,71888.79945492321
1417810,59161.49076492769
1417831,53634.17150244347
1417841,51337.972482906735
1417843,74647.66199275924
1417847,66043.6433336728
1417861,74435.58134524344
1417918,56072.39828782108
1417934,74158.27295137948
1417942,60239.14911623412
1417946,84833.70147859282
1417954,80986.87767879828
1417961,98698.9947373921
1417968,67728.56689165707
1417973,65170.269832147074
1417985,88474.96213468855
1417998,103320.95277163589
1418020,48482.3963497775
1418033,59476.71312185149
1418035,45267.01671080352
1418047,48322.46579622633
1418066,81669.11942272975
1418073,55544.1369130004
1418079,98297.87371867108
1418103,85215.8971703197
1418117,68532.97918431155
1418151,71132.4544411274
1418158,86092.36972013982
1418160,71238.74009561483
1418205,107358.1388424548
1418211,55612.29128566428
1418244,100789.82061399188
1418263,61697.172600120844
1418271,66340.4481678894
1418311,52875.39694392857
1418320,110682.78954936072
1418340,110314.14119135724
1418381,45058.40509598411
1418383,116167.46491859353
1418388,62644.90466390564
1418391,118328.05117708984
1418400,103882.9025646252
1418440,65631.19421712722
1418447,110918.36758765152
1418481,111859.73770940604
1418483,85761.74976622261
1418510,67598.25140307065
1424167,44616.537052715335
1426551,34287.48440768449
1427544,10157.30438989105
1430180,117460.56733602294
1430225,107620.71821845626
1430226,108128.380918882
1430228,106524.54448434262
1430247,80143.77198884916
1430253,55900.93387358978
1430254,61332.56100766258
1430260,56056.53486101251
1430286,53871.65968834323
1430289,54690.12301556344
1430313,53492.59988056694
1430404,52983.25260583262
1430408,59154.99424202446
1430421,54963.76699276768
1430446,77498.35586223875
1430452,54473.98504279364
1430475,58369.001962270646
1430477,58294.226977565326
1430482,59025.02569161024
1430542,68128.4026901005
1430574,70696.74901225857
1430589,58689.43590208845
1430627,46742.63741740096
1430630,92885.1533994548
1430632,71448.94684167489
1430637,63165.15402064261
1430673,60203.27270357373
1430680,71327.65760542179
1430685,61923.725282423664
1430697,59078.66174921673
1430698,56081.14636980166
1430729,65061.77249801868
1430755,67166.95044219252
1430760,51102.02553300881
1430773,76255.67737675112
1430787,59559.38386739601
1430790,64274.788333212
1430863,70077.79342522248
1430875,98723.732809251
1430880,63386.47562030288
1430882,54301.05368635419
1430889,79316.78369956717
1430899,66197.01263478809
1430913,59978.63015335536
1430916,70263.1653103075
1430944,64657.54871577895
1430957,85287.03501756531
1431025,71141.38442025028
1431038,81184.18078798469
1431040,70262.098682095
1431045,64997.24028823746
1431060,65884.50265969349
1431082,74188.40761756443
1431098,60174.94354491861
1431129,71078.14328109042
1431132,71955.67168832327
1431635,77580.96869140118
1431648,62140.87735063139
1431654,67482.12260399002
1431657,76832.44023062958
1431732,66013.49373840791
1431740,61803.68054922948
1431742,64771.833339118544
1431748,75612.07058696088
1431764,63864.98687750147
1431817,74214.22375603586
1431882,71425.63360842827
1431883,59653.11940949145
1431978,78093.17544626846
1432009,72193.08181935608
1432036,55631.13515428628
1432041,58673.40164843424
1432056,73257.16791871571
1432092,83445.69051583868
1432103,83393.97923292541
1432115,71757.81741553103
1432142,72722.33952055065
1432149,67657.12668657122
1432227,54547.52559704325
1432240,77191.76502115029
1432340,84003.78882838685
1432349,97001.07623559942
1432444,83310.3886629935
1432497,81486.39951333709
1432521,68707.10382524494
1432534,86419.38156921657
1432555,78334.28826340103
1432562,82642.89037266944
1432563,77513.9912270713
1432571,60471.86025797994
1432624,91085.1145960344
1432646,87867.75444595859
1432694,80745.50158375283
1432707,91603.27407389216
1432732,74498.28997467161
1432747,90762.96955912448
1432749,84365.72601656524
1432769,62840.60615921325
1433047,50467.274043427664
1433077,92823.4666188225
1433483,50115.0583494538
1433751,85573.66713094641
1433770,55780.68503482735
1433780,37346.92038687788
1433785,97129.77762729333
1433790,60466.269173466106
1433796,50709.42531498597
1433802,54105.99275989401
1435279,27833.966407848307
1435286,52791.76659256352
1435287,50411.24376268316
1435290,20111.23798739928
1435311,18998.34826196762
1435323,19142.09636589136
1435344,23023.908418278144
1435351,28858.227302380503
1435358,18245.361706606876
1435363,21826.88863216363
1435371,18807.48868801278
1435377,22267.33326433054
1435397,21652.88795824767
1435424,21033.95289408138
1435431,23908.90087050726
1435432,22967.652534528934
1435445,39676.69312880872
1435447,19871.76706873605
1436116,27050.37023616765
1436147,55721.73244324484
1436300,32551.158100868008
1436301,101276.00287955708
1436317,31864.197562569207
1436356,35149.82280870619
1436359,35010.89725271809
1436362,39954.12185320445
1436371,30338.85922428115
1436384,57160.66807476587
1436438,53973.62346013111
1436457,18560.197259265275
1436458,18395.964277854087
1437413,74706.45095192076
1437430,24356.526236046808
1437447,69073.53661601836
1437471,23966.974181692025
1437475,88765.57728625576
1437486,90267.56368261774
1437492,26996.801602380776
1437543,61770.993219721946
1437553,54988.21286475833
1437559,46121.13188233383
1437566,51771.97549148259
1437568,48360.899577239084
1437598,97632.46652168655
1437649,88604.60503827092
1437656,11229.130561958276
1437826,32182.383271579805
1437933,39299.66242921303
1438293,34741.61799258894
1438303,35657.86375689781
1438316,36715.39648548912
1438322,14244.4218470569
1438323,41051.27554903763
1438331,37411.49643155429
1438343,41294.42338195108
1438873,72270.55268683507
1438901,47049.78996168067
1438910,85689.61638560423
1438920,60804.52564169185
1438932,45336.56691105362
1438937,60251.289942548814
1441638,15861.651250276926
1441661,12722.010399514744
1442034,38051.37302712335
1442041,38893.153977776135
1442047,39550.20209237587
1442061,45187.2245165171
1442090,39787.79368097622
1442108,45486.7878776355
1442181,43385.10240943118
1442209,31920.928166682355
1442217,38443.64872987609
1442236,37527.96468526571
1442237,36366.2375322982
1442238,39356.83030024116
1442246,40605.70830832311
1442260,44044.87931308932
1442269,40439.13429951755
1442270,40112.839207656594
1442276,39865.87331126073
1442347,24691.958070474717
1442353,33347.523633383484
1442384,62369.79473414539
1442415,43338.18537911794
1442434,50282.34612048924
1442846,110783.33243738057
1442989,74181.79686088412
1443650,9008.709065838728
1443652,10099.05626490628
1444893,10730.70369403928
1444898,12019.8396025999
1444939,12367.392120599909
1444945,15408.455567099943
1444953,11960.140485081114
1444956,12458.849819216804
1444961,15582.998548892792
1445008,11795.60614525459
1445010,17487.764841982404
1445021,16602.73304426337
1445047,13505.66371289558
1445069,12176.10355150926
1445074,10697.876752229413
1445097,11543.269830089
1445103,14467.691269789311
1445126,14784.90612283877
1445155,15486.12142078397
1445165,16854.220739263652
1445191,33219.438914555605
1445202,38714.72142576896
1445231,38305.79115944015
1445236,34842.563404855115
1445241,30640.571346745448
1445265,40732.5438788501
1445289,37932.59404094696
1445314,38819.734961545226
1445319,37467.25789964148
1445325,40561.278079379175
1445350,31671.71334702859
1445378,41573.49611406028
1445403,41191.72916120673
1445408,39103.04151745222
1445428,33995.868716198966
1445429,32770.28027741429
1445430,27967.29923907822
1445448,39142.48645084155
1445455,34266.52904250389
1445475,37730.49570515037
1445499,37894.99913573197
1445501,33245.74382410981
1445516,26010.8039680198
1445529,38735.75301480574
1445530,37406.29813539529
1445532,42618.22657120096
1445537,37818.92658936736
1445545,41390.47143745989
1445547,44069.45582705635
1445563,39442.9110606951
1445577,32946.56581982133
1445585,36268.43256911488
1445598,26881.280656127627
1445609,33173.67055852417
1445638,35275.69864320814
1445648,29200.432322070137
1445652,32766.194104303988
1445663,44534.2517970164
1445676,29981.372992058998
1445746,32281.6858590592
1445781,47740.648953436365
1445805,45739.26455551408
1445835,44407.99803539976
1445840,45254.33465280971
1445872,44006.147586185456
1445874,42238.1320018997
1445894,33306.02293739085
1445898,45798.12038228343
1445910,29842.30686627582
1445949,35259.41807384946
1445953,52243.56804650896
1445966,40902.3558362043
1445974,44269.01996408038
1445997,45443.41389362112
1446094,35944.4645805886
1446149,52645.46590994822
1446158,50718.67305041609
1446170,42277.92700376087
1446171,45857.94644637393
1446183,35611.63794124767
1446188,41853.65124385473
1446189,55109.55164976182
1446220,39006.7320676879
1446270,39804.05271117602
1446279,38952.75270567242
1446287,71767.7215956402
1446288,55385.30623024545
1446304,53989.41192268094
1446309,61888.09260996155
1446313,60739.1645168705
1446321,56038.16363969319
1446322,57123.87351329087
1446361,42676.56595875861
1446395,57197.208540783286
1446405,39588.00997743448
1446412,62293.63964273437
1446416,62650.44830783008
1446436,45775.12703528119
1446444,62277.82393240195
1446465,43848.35502550912
1446480,60150.248220584006
1446481,42867.68419133528
1446486,52618.26746407831
1446490,61710.70950653985
1446493,57081.31187323466
1446498,34285.005639875344
1446518,45970.13203924782
1446551,65678.19906772414
1446562,41824.73563786496
1446573,67109.07963903273
1446583,64399.70761548216
1446617,64008.32415761944
1446622,40293.62587393823
1446639,48870.309985673804
1446640,48168.47220257903
1446677,65109.09155825314
1446691,66748.43648875368
1446694,59033.37074491556
1446701,54504.15920203734
1446721,46850.688881358576
1446722,68467.11766345691
1446725,66781.81972610852
1446745,61234.82860383106
1446756,43045.782691003806
1446773,41537.756293703096
1446799,37361.73350605658
1446843,46820.11393238928
1446854,52763.84138208785
1446855,54107.8453612891
1446857,55408.37672316492
1446890,55834.721538655285
1446896,53312.66120592254
1446897,61750.72977471464
1446910,34138.16168912653
1446922,42355.681573888935
1446936,55885.43035472855
1446938,78164.36402180768
1446957,63020.5221883088
1446961,42920.17206034887
1446973,66591.03972507207
1446982,49013.08725201787
1446990,63486.158417086604
1446994,46121.95634494514
1447007,54703.47517118987
1447016,72048.6391871027
1447052,69757.85832422468
1447064,59357.73675813169
1447086,60753.859653915664
1447104,55476.53304104634
1447111,73153.38578161952
1447118,48504.44471104059
1447126,47191.08296314621
1447135,58921.29804025432
1447138,60276.19992809772
1447144,61302.074075245895
1447164,71072.48882325663
1447181,52717.17276634988
1447190,62216.18091093676
1447207,43999.66908658211
1447226,44842.93196772692
1447239,46264.02479507022
1447242,74482.54520948984
1447246,72521.74917573066
1447253,43497.09644062215
1447258,49847.34042146782
1447268,72281.00782457198
1447316,52251.28078378043
1447318,42481.04731810645
1447322,52343.7552359076
1447326,65812.31710028788
1447331,40791.48272715255
1447339,46218.51209028876
1447369,50639.34125193942
1447396,57672.266763304375
1447424,66689.85765717199
1447444,61781.9006730436
1447480,50561.153204539645
1447482,74658.61438964278
1447491,87540.68106287834
1447505,111447.74430583586
1447512,59843.02020649701
1447530,100195.4012001123
1447534,35126.64534315366
1447561,79562.0619620919
1447588,80443.03939753192
1447617,55734.049375776
1447624,48871.68663252213
1447640,49451.65043898957
1447649,83625.50064459804
1447671,79280.58104615888
1447721,109276.19826911503
1447736,63113.24077108581
1447742,88188.08292978286
1447760,50213.00032207324
1447790,52806.304587854975
1447801,57552.77915217082
1447809,62869.22826544853
1447841,45713.83896134661
1447885,52980.86297984746
1447892,50727.05056778641
1447896,51344.78640496104
1447903,64739.71299561089
1447916,52844.49300780489
1447922,78414.1747582943
1447929,76556.31673042936
1447933,101929.1583696501
1447989,46671.04023568815
1447992,88748.68251265136
1447998,42495.20066830245
1448013,76039.9704409325
1448038,83245.9641385988
1448039,87435.58996443363
1448049,49780.83842865704
1448067,45970.47589288124
1448083,104233.27039183576
1448111,81627.95808357006
1448140,49987.27957231269
1448148,60139.50338383392
1448157,70538.58905698506
1448165,86555.69616054387
1448203,54553.07302925269
1448214,52296.65971375696
1448227,71859.91916301748
1448239,65419.87685069185
1448278,100990.88030048343
1448325,79057.47860446964
1448342,91972.93828382978
1448344,65994.4157868853
1448397,71974.35460781446
1448402,93311.45648542357
1448403,78410.0403726395
1448405,60725.523926681
1448437,81395.72357875662
1448438,68330.70555067237
1448476,109782.75018783456
1448481,95013.24372320212
1448534,68780.35169620172
1448611,64310.76751031023
1448652,61931.58692514646
1448656,54757.33629410901
1448664,62488.4289702326
1448669,75604.67048286978
1448682,108255.18985837784
1448693,69743.02766995004
1448694,124138.53106842905
1448701,60607.22672382369
1448743,59512.14380389551
1448750,68684.8619364241
1448764,68034.7923352896
1448773,65970.56604808499
1448791,66918.58128489167
1448798,73868.69921686537
1448800,58878.90833623818
1448848,103314.63182709004
1448875,60716.50511732984
1448900,121788.87621060648
1448903,79332.22014972076
1448908,73723.93128659585
1448916,62752.98681059502
1448972,69637.22450141539
1448973,60408.415844100055
1448982,71341.05425326097
1448989,61362.03360993022
1449001,77064.88433185953
1449028,78654.355563811
1449032,71813.37515430959
1449104,125752.64143329364
1449121,52324.4883276143
1449154,91827.67802965148
1449168,83923.85572806413
1449189,93989.94620102034
1449202,70862.17711389091
1449263,62785.76511820127
1449276,54342.1200901921
1449587,14660.920063651494
1449602,10918.98500629642
1449613,11853.317640411577
1449693,12247.430506487031
1449743,10738.069720065789
1449761,15795.07909906951
1449765,9655.172591354083
1449813,13495.6692447832
1449830,20865.13640450968
1449841,10764.954734710453
1449843,13148.375895230332
1449849,21019.95387090264
1449858,11288.957394198222
1449863,12019.55617440911
1449867,13427.455507500308
1449881,15203.899977270668
1449911,11711.485058155313
1449912,12458.363479108382
1449933,10863.470967340812
1449971,10536.257862521365
1450159,30351.27399177411
1450186,31695.981287574978
1450189,32686.928145332666
1450205,20506.011370734108
1450207,29893.588096229003
1450208,32837.86564719712
1450244,25947.2626277232
1450261,23166.31589126036
1450283,27207.661377310986
1450303,30644.138626243963
1450309,25685.736508546077
1450317,35189.639679832966
1450346,28888.9987620865
1450382,39437.24367374906
1450384,41081.64118552504
1452189,27609.82468076272
1452226,23593.918794997644
1452847,29627.65273605479
1453703,30830.531629629448
1456118,34733.41204225197
1457095,31070.698206340625
1457555,38607.10245839781
1457831,41055.43426930605
1462705,54018.92165105029
1462711,93353.77521294268
1462755,40615.143588804975
1462764,46634.20319491307
1462775,100619.403538357
1462806,46548.83508907179
1462828,76051.14381295766
1462961,64117.03067978722
1462999,52644.9283671274
1463035,19291.732011557244
1463046,24732.233489127542
1463063,13641.608312477536
1463069,44917.24640761156
1463071,20582.543196545983
1463091,49633.90441043273
1463093,17698.913695555013
1463108,17645.018650243484
1463117,57394.7004361322
1463124,64323.93862956582
1463150,73760.01603897836
1463185,16748.900116071505
1463188,18803.282031353367
1463193,19824.792614950675
1463204,15534.938423159734
1463209,16552.95583575212
1463218,53897.62614471346
1463220,18073.29417245093
1463227,36829.79314615173
1463241,16419.107652525934
1463249,59160.63708721132
1463252,19084.25364741143
1463260,23363.309327463543
1463265,47307.14819290369
1463276,34353.02956597497
1463306,24091.5089396403
1463370,45846.49347679973
1464154,33845.24398626397
1464827,41029.20269422281
1465266,18626.195173151835
1465762,30484.721869346915
1465763,30796.088386791747
1466266,59526.82507496165
1466295,76529.75329653826
1466298,49313.15608924835
1466322,57336.9770714165
1466330,54146.670587994646
1466439,34449.59810116579
1466678,84193.89129092477
1466722,60779.2378061722
1466790,53608.526258147846
1466797,50616.557654299424
1466808,51202.58919565193
1466835,62631.73237302079
1466839,81819.89222829262
1466847,46688.42755825166
1466918,46727.66941626741
1466970,26533.16974147923
1467019,48514.984800444094
1467052,52278.8552899494
1467100,77156.7884214878
1467129,63000.65269563791
1467481,21937.192609169004
1467487,18310.35050863074
1467497,32083.214907743808
1467503,31570.547109589774
1467507,36300.90979543167
1467552,19535.40011667154
1467578,35397.91932034539
1467609,19785.641942836948
1467619,36121.989088383256
1467621,37514.876096455264
1467634,20454.603673416637
1467677,18162.96773233709
1467684,18475.819272264525
1467696,19049.040554907268
1467724,26091.50665868072
1467726,32537.177775088
1467741,22166.929975642357
1467786,22058.13934567429
1467793,18119.33999154708
1467794,18156.22992347465
1467808,22440.81920799411
1467810,24310.140972389712
1467818,27996.27066125971
1467849,17277.77297319785
1467851,29393.16135548612
1467855,21167.21835217672
1467867,20055.395262929236
1467870,21933.77879257382
1467880,25121.1729416932
1467904,24223.467759268005
1467916,19258.401169337307
1467936,17831.10249713617
1467971,21432.268654155378
1468004,19699.12934821198
1468010,22083.82461345603
1468011,21965.697861238183
1468015,29698.577934084547
1468023,17237.415996432872
1468043,38781.6159157258
1468047,20926.577690680813
1468050,15998.449425539606
1468087,22405.399147647306
1468107,22072.65128457646
1468114,31492.87194525598
1468117,24088.639738600017
1468124,45268.73024727679
1468132,19062.177238367425
1468136,18164.688178572367
1468156,20700.38981158873
1468170,22090.10632682723
1468171,16633.4020453455
1468181,18174.60850888273
1468215,34070.468972135175
1468220,19279.873650289774
1468265,19829.270122645656
1468273,20675.83632382077
1468278,21472.6042891548
1468290,32838.15698946041
1468303,18252.49360770781
1468339,21498.157841538672
1468342,23547.88337472526
1468344,20288.29629523763
1468348,17033.881596749095
1468379,36680.10134469229
1468380,36843.76583992598
1468391,19616.496463865995
1468403,20512.973094546625
1468411,19312.30508611762
1468429,23850.81574864519
1468435,23945.52865339149
1468436,33835.63439224196
1468437,30983.582717496043
1468449,21041.465719761803
1468469,27755.13925953284
1468472,22726.980789962778
1468488,16270.9225757495
1468492,23022.500560816377
1468530,22206.67424340077
1468544,18248.08374873587
1468567,18621.39547607539
1468579,36733.79066134564
1468586,18532.02248893585
1468605,28366.28695883725
1468609,19377.074489712213
1468618,22535.609271674857
1468619,23035.09169867426
1468621,21817.29070186032
1468624,17383.419936551116
1468651,19980.17597779841
1468652,21277.03886175863
1468682,19082.41284559965
1469585,41778.5841008143
1470006,65955.38943752597
1470019,52521.77836536287
1470066,20000.10033066343
1470074,46875.05807708341
1470079,46339.733490260514
1470092,86202.27342037701
1470113,97073.79465073082
1470123,23777.76699510376
1470137,18332.183486291688
1470143,20483.826564811094
1470159,24944.658336033943
1470168,78305.90491011809
1470178,23875.34930944301
1470188,22576.99547362087
1470206,42244.44627960715
1470219,93064.92128320268
1470223,24360.323489129223
1470239,13303.738482684845
1470261,92735.01564406313
1470552,59059.49470799566
1470582,74476.09395835188
1470862,37410.84925498547
1470947,37009.2321073431
1473040,25370.893532883227
1473216,23927.271882504818
1473303,24795.03708644588
1473350,11657.659818798042
1474594,12242.843416703545
1476704,18508.71765230564
1476806,33154.95340598424
1476819,32004.01039755852
1476853,37776.35076852958
1476887,34556.2578706487
1476991,44435.428354409785
1477010,38384.222786463775
1477043,34215.73833564669
1477072,35112.97632251715
1477097,38714.22685252279
1477338,30094.652402853342
1477373,26268.37518102488
1478135,46763.93659338738
1481908,30152.124949896555
1481933,29382.46152248349
1481962,26163.734026977345
1481963,32759.62236844936
1481973,26674.86679150765
1481985,27918.151326185565
1482012,31156.88451194112
1482019,33036.406216382995
1482036,33369.06665468009
1482037,27477.08975196088
1482044,24064.48992433573
1482068,26366.554908961432
1482077,28394.109734097005
1482078,26194.69258255031
1482093,21074.0391321324
1482105,25288.22934989963
1482107,29650.792077175167
1482162,24485.48714558534
1482171,25256.987942528143
1482172,31126.732863843
1482184,32446.240939225565
1482190,26431.346843562715
1482192,22619.74485824191
1482219,29692.193408317667
1482222,26856.355430214964
1482230,32802.40134059783
1482232,22786.811683567124
1482233,26245.61388482648
1482249,30081.50949329152
1482253,33540.04222412767
1482270,30571.27897350609
1482285,30859.196919798087
1482300,25122.150118025296
1482316,31405.58379522729
1482318,30471.613176177707
1482347,37756.95267623586
1482360,29977.123608088703
1482380,26311.814950080952
1482418,24759.346388082704
1482421,30488.28200328058
1482438,31641.001094002637
1482486,35253.07537919698
1482512,27806.656662698457
1482550,31392.246465112778
1482573,25503.88543987948
1482590,36607.19133515547
1482623,41058.867356171446
1482624,44055.16045448336
1482626,38552.207657882456
1482723,32418.972856198856
1482767,45939.39905710923
1482770,28821.14039977669
1482793,40965.927360562346
1482816,37507.7240445449
1482822,34193.719100335
1482825,27978.271791382813
1482829,45531.2316044361
1482849,46811.59051796574
1482879,33957.43242978018
1482892,43021.47742672293
1482912,45008.91330468366
1482920,48596.98770483687
1482923,59395.95616526833
1482965,54970.50872606658
1482973,52129.0952214221
1482992,43430.84664611219
1483039,37961.1478991469
1483042,62806.627004157104
1483051,49703.33836608887
1483059,36651.37288534883
1483077,39832.37988130881
1483095,43840.4120176569
1483124,87376.68669514067
1483125,43992.11705557526
1483444,13485.935957645574
1483455,11625.672923925376
1483456,11156.662792550123
1483459,12703.642403065402
1483495,9532.614737385004
1483500,11018.33259255737
1483502,13939.823456041704
1483514,11279.585105781054
1483532,9430.846798592422
1483559,11312.523528454469
1483570,11851.50641586191
1483591,9109.305001405835
1483594,13315.734245022437
1483646,15144.705454191257
1483647,16240.362753257445
1483652,14543.524590700004
1483665,12333.68848094166
1483675,12116.39507867084
1483691,13619.238566268592
1483693,16866.873639113954
1483739,14128.54858895352
1483755,15342.592569626877
1483807,18563.53857525322
1483813,17646.15564785186
1483859,18588.30888250576
1483882,20357.85885437438
1483900,9787.158730827136
1483951,10645.49266710456
1483952,11877.447652002991
1483955,10503.534308164308
1483971,10295.332674465964
1483976,10191.348451796184
1485429,76163.33689320431
1486053,93903.36260973444
1486071,73767.95152814334
1486710,44828.00525285291
1487126,31699.852712672404
1487983,60432.61873302299
1487989,55143.27425454595
1488000,45332.11723238148
1488001,50449.59189872686
1488004,27461.80038197124
1488027,74952.58416009841
1488034,86083.42567031567
1488037,84639.4138669927
1488038,53079.659407726365
1488041,48999.41620756934
1488076,51336.5513346975
1488114,89079.81887055837
1488124,65464.08910544292
1488131,65889.88106302668
1488132,55739.27639150596
1488158,70651.66201487923
1488192,81131.81860530225
1488198,47526.808992160215
1488199,49738.69029068416
1488209,49666.86515102407
1488213,94386.11531053552
1488249,47257.33671787864
1488267,30692.994631121328
1488298,61842.7984146436
1488299,48673.95566766562
1488313,48816.04030783921
1488323,55732.70917163758
1488547,31904.75173503904
1488553,41275.76729586078
1488558,32096.313683259097
1488586,56076.55311413098
1488635,76823.39298698754
1488655,54439.90389480183
1488664,54689.05355396492
1488665,50200.86999815559
1488676,75685.89371178907
1488678,69574.12811268296
1488684,48438.2685639053
1488685,52755.43467888484
1488694,44737.95479109394
1488699,53069.53243167909
1488717,55251.43183351469
1488730,78685.6666077991
1488789,34056.743935179766
1488800,33370.74873245116
1488803,33634.30260794697
1488831,46941.23484357236
1488841,38227.42481317696
1488847,33908.25468473545
1488851,36382.98341845931
1488853,35555.68307318991
1488854,50869.70774798154
1488856,33490.1283117179
1488883,32209.15785676558
1488907,35499.35760496989
1488927,62498.27303140513
1488933,36962.40233786257
1488936,38342.29027911677
1488940,35740.97560395077
1488974,44734.48449509
1488982,46155.82018427061
1489073,76143.84318121235
1489121,69663.54060008528
1489176,89017.63632001549
1489235,46030.8990391245
1489257,42146.76529467565
1489266,40727.709755037446
1489267,41657.277390322735
1489268,41240.15776742651
1489271,44286.72333090172
1489277,39346.18891300644
1489318,55141.663620378815
1489351,45965.0144147292
1489377,48711.57083121212
1489394,49113.89870237344
1489439,56267.61177095542
1489446,40642.420498519394
1489494,40328.95556948532
1489499,41125.16785426182
1489502,50595.40212675254
1489514,41064.96067091919
1489523,61720.66955378544
1489525,84640.13162106683
1490472,18840.80789428021
1490480,17471.368043836163
1490484,22009.36396684201
1490485,20565.9398813565
1490491,17877.603949395016
1490495,22529.555705625207
1490499,16213.4526756103
1490540,39039.11709035789
1490558,49706.27983629683
1490560,104714.89011169344
1490567,104284.51651451131
1490572,105385.99187811196
1490600,126358.12204663266
1490695,90227.2149493568
1490722,61347.49139381827
1490727,49566.49005468807
1490731,84936.89773098365
1490759,45376.951685404914
1490775,45354.75310136162
1490790,45839.24511725548
1490801,44148.89600193811
1490875,36766.44667931712
1490900,62659.97730087529
1490970,41642.5225518002
1490982,80565.7285606895
1490992,39043.76453936343
1490993,43520.888414025925
1491019,80851.97523065965
1491060,51675.44823321841
1491071,48311.57699758189
1492484,50229.48268753095
1492747,78601.62046892595
1492777,69745.62604104847
1493822,42317.74565446897
1494051,34560.767263881906
1494077,34377.750874189645
1494089,42501.59574375795
1494092,38156.541926522834
1494100,88797.11108698556
1494146,88187.19604037442
1494150,57721.68249898015
1494157,88952.12238832352
1494204,58693.10046993884
1494222,52242.41382930332
1494265,41800.28203746316
1494285,38767.17150262017
1494311,30691.04138613471
1494398,36071.6331086522
1494433,65060.88202878672
1494656,14490.781804313716
1494737,33787.23928492496
1494997,26021.59554846661
1495709,30501.316009816917
1496065,20586.91895745221
1497470,42601.05951508899
1497506,83862.44701630018
1497586,56031.81889844191
1497622,98296.83608986648
1497647,50962.28552479269
1497648,97654.27531845208
1497652,57403.17874550293
1497655,67249.24094760741
1497710,35627.1295471906
1497759,55213.6128880676
1497761,47561.72855878897
1497809,51788.45778385944
1497815,59816.46959910487
1497820,54525.09493679396
1497843,86216.13695238349
1497859,72033.30999734279
1497875,64839.53427515148
1497901,52297.93237327681
1497952,52442.10153796752
1497985,62085.26808133458
1497999,59261.923917903165
1498020,42892.13427291481
1498046,65259.93328531742
1498054,72077.81457543586
1498066,54405.335877387646
1498086,52313.63717098992
1498109,72967.14301568328
1498150,65338.0235662411
1498174,91006.4319153619
1498218,59796.06031293616
1498237,70695.33307805694
1498252,44406.32238366212
1498524,75622.66238770686
1498574,76153.22368192297
1499490,64963.61884581877
1501277,11845.894012810028
1502071,40940.14510176773
1504745,34297.96640292142
1506001,59316.43333181767
1507226,66042.90571275874
1507303,32529.2482657153
1507304,33959.65498419803
1507341,45696.19906784416
1507344,29068.4229108722
1507366,26111.57467554607
1507373,35170.49137949092
1507403,33174.66868606475
1507420,33222.372833611546
1507441,65908.70526511702
1507449,39267.73406228596
1507451,34332.63178741852
1507467,32534.849294864267
1507482,43350.35286957448
1507514,43984.45773108437
1507528,48662.38535048594
1507550,44320.897698390894
1507600,48787.05380456237
1507628,46978.62621826314
1507631,63612.82993171987
1507635,58195.34025443719
1507642,39928.11599327573
1507653,37477.266054156935
1507678,64695.06217154353
1507728,58534.89090911831
1507740,65677.44448464253
1507749,70068.407749442
1507750,50328.85293464199
1507761,49827.45969172233
1507788,68269.08499274982
1507793,99339.76618459116
1507807,62108.94438735888
1507810,87841.49618547436
1507825,69893.42096657644
1507857,80664.26954756021
1507865,120206.71158474708
1507902,87510.42478372456
1508955,27533.536184876437
1509432,48323.58653356831
1510507,64908.990016950935
1511590,8916.219649704988
1511608,12000.87610146294
1511638,10852.663885043125
1511648,9626.833818428257
1511653,10578.107299505506
1511703,9901.319485329665
1512627,34551.30976013158
1512633,33338.4548121382
1512634,33144.974955582096
1512635,48373.12501348517
1512639,29072.759239721912
1512650,30860.883406201232
1512651,33143.87707346609
1512678,33266.0187812716
1512698,36373.04491772967
1512701,55279.594027277584
1512767,37182.758441685495
1512768,34863.28047880062
1512773,32779.391740192295
1512792,41256.40760961827
1512802,44115.089164655146
1512823,40689.55761618243
1512875,47513.769267807096
1512879,31982.13433260413
1512932,45420.73242126263
1512945,36696.68813417855
1512954,37690.58832834727
1512972,44167.90195898094
1512975,38026.25678013358
1512980,40564.41943075806
1512998,41052.04346840696
1513031,40084.952907362574
1513051,46081.67106529272
1513065,45029.1794302838
1513088,43953.67018671524
1513089,54515.57935182612
1513096,42718.26643499044
1513112,54299.4330580461
1513116,30214.6079825409
1513126,49629.76895739514
1513130,32673.19615193554
1513154,65692.51015602736
1513185,54704.417516596826
1513252,46532.10901470138
1513263,52545.39274205598
1513308,42711.09056296991
1513335,53747.583810362536
1513359,45525.99910485956
1513366,39836.51027009502
1513382,56937.02218095635
1513406,44899.33254216572
1513409,53504.25356494186
1513415,40584.06489563346
1513437,57935.88658937885
1513444,54930.48609616504
1513464,36018.59690501954
1513515,39415.792986525325
1513533,51391.11104508425
1513555,70924.41146068307
1513578,39752.64704468649
1513603,61964.228356034495
1513609,64865.56373793574
1513614,45486.33868737316
1513636,52411.806418297645
1513641,56592.92712217166
1513649,65002.04058285453
1513652,56965.00107943587
1513658,62235.093969893525
1513667,89945.78059341466
1513684,52533.91211731697
1513689,54860.34730088103
1513697,51958.53810155157
1513704,52600.96767384056
1513729,88496.71189020724
1513734,79428.24447186844
1513738,57930.16625651795
1513740,57032.53938780542
1513743,68510.70003328627
1513778,48818.94601454812
1513793,59512.92192558515
1513807,77546.64567037353
1513809,103605.57548483876
1513842,56142.58610909706
1513848,75735.3223502457
1514024,61963.9372081815
1514026,82230.29579571013
1514028,80169.95072050212
1514029,111194.57074654449
1514058,48967.650497100425
1514081,74690.95927845134
1514083,125681.65612117988
1514091,99883.68708426936
1514099,76843.22415008256
1514123,103266.62395273284
1514238,113448.9234587922
1514245,72256.34049949143
1514261,86068.95175875057
1514296,102169.42580022367
1514310,93580.77457208004
1514319,97350.7681150488
1514332,83148.75656907512
1514642,10771.313388174203
1514654,12922.583573029464
1514670,9850.211008012107
1514676,11330.724044007628
1514871,9864.257678753676
1514924,11158.35764294399
1514961,10359.056261152768
1514965,10906.757681671334
1514979,14044.874979186456
1515001,8960.777914178761
1515026,11900.221653712892
1515036,10896.15270490882
1515046,10173.352239479109
1515048,11584.39309560906
1515062,10080.244921949963
1515084,11990.143758319811
1515095,13688.326126402171
1515112,12894.561571014545
1515170,10486.030021166243
1515180,8447.630501170384
1515198,10374.92869146267
1515205,10747.4219151394
1515224,11100.623709448952
1515245,10293.155573639897
1515260,10288.1560975165
1515274,10455.436765311324
1515280,9903.506601622785
1515281,8740.226825137153
1515300,11722.767231233349
1515318,9830.431228041572
1515371,10376.346271714085
1515389,9760.509531336787
1516011,11689.544288071624
1516030,11411.9310506999
1516099,12075.551997132678
1516105,11601.020173638592
1516106,10957.817288040487
1516111,13909.273092562751
1517099,76843.47281048924
1518855,71321.68586786304
1519171,34097.39991734766
1519243,16268.139902592298
1519695,36459.55496578138
1519776,68960.85847394634
1519785,75529.56189170791
1519787,74352.6011881089
1519839,58834.39277936955
1519867,52240.64520638324
1520128,19707.786225357944
1520560,77716.40028388928
1520566,110834.3965653677
1520569,91147.63421733298
1520805,29043.39361587893
1520938,39805.31844411077
1520942,45474.84599849328
1520967,43570.43801674364
1520994,64741.3331462501
1521699,38721.446723714624
1521707,27460.28415122452
1521709,36331.68609715266
1521724,35686.03058870556
1521725,51654.026399715134
1521730,50219.8111639413
1521734,42438.300027181
1521753,92990.2457663882
1521821,16864.592255811454
1521828,17539.17802226008
1521837,22864.890180443017
1521842,18791.89622639864
1521844,20831.566031660976
1521849,20602.292788757357
1521895,17688.79764087964
1521898,19089.97599656059
1521929,32977.957359794935
1521938,21242.45414832264
1521973,15462.957199322283
1521991,16891.602834327325
1522000,28611.299191429345
1522015,28372.54033005421
1522034,17128.184170810127
1522042,32914.58043203103
1522056,15337.362634234858
1522065,18042.17554665304
1522077,24184.17255790283
1522081,20026.652395924382
1522086,28765.43188331199
1522095,18465.13668355745
1522099,14652.115782453116
1522104,26883.545824485856
1522109,18353.386986963636
1522115,16540.00569813014
1522118,18559.850012580737
1522120,31960.569324220814
1522145,21915.863802573054
1522154,23231.863994437757
1522165,17987.4637372707
1522175,26064.413776222176
1522178,20653.43546275098
1522181,19684.203855383144
1522189,36526.41521791363
1522190,18119.892576847065
1522191,18127.074358346206
1522209,22741.045848932667
1522214,18408.845580290148
1522217,20713.02536406298
1522232,19683.639055303145
1522237,22413.17924521545
1522245,18654.642860456952
1522254,19405.620594001364
1522275,21001.190943675047
1522284,23047.972494245136
1522294,29485.90430800901
1522295,20275.03015336469
1522339,20709.967692186627
1522346,19331.239572015016
1522351,22077.38798359921
1522356,16478.50308640718
1522383,24585.21763141112
1522384,19942.818946839907
1522385,17287.568869906456
1522390,22559.85299451531
1522399,23497.40667522307
1522405,19289.17911723333
1522421,18282.49153552422
1522435,28435.94208860697
1522440,17228.68792665685
1522449,18790.005596969397
1522485,20496.38197003545
1522488,29985.96123626096
1522515,18126.42480351651
1522531,26938.407237804025
1522536,18485.247101416127
1522545,19174.836582866323
1522735,37020.55598429426
1522757,44556.590157559935
1522771,22581.631536212604
1522788,30571.54024883817
1522810,35382.90768281608
1522856,32243.65704193071
1522888,51694.52235068547
1522903,58321.67913522048
1522956,44901.37059647887
1522989,42084.14852851134
1522999,41310.74983499736
1523004,50332.20135668154
1523006,36705.49827943585
1523019,33186.297040729936
1523047,38404.718804554286
1523050,33196.99395588397
1523064,59919.60258436152
1523066,34994.28541171615
1523094,37663.98357307709
1523098,38867.86665108152
1523108,37709.95192919449
1523110,43633.14573679331
1523153,56310.15721823677
1523180,45271.29631037465
1523183,44010.08072913967
1523189,50340.64808693042
1523190,50887.57779943567
1523191,46549.033628857775
1523197,50637.40432129445
1523215,40174.8947816226
1523223,42376.21260846979
1523225,45259.5901156548
1523229,40112.36139077487
1523408,50262.95055520319
1523420,53984.186311481055
1523438,110668.64205487313
1523446,59003.97078289598
1523463,69448.1968647006
1523526,68038.29206187553
1523545,59847.356679692864
1523546,54491.10815332685
1523555,105274.3109524278
1523625,119698.82873596664
1523638,99463.67553126928
1523658,55891.84625552367
1523676,62225.099866541896
1523709,39024.36096371943
1523722,60862.546837745904
1523725,51448.815037460176
1523730,68965.69138327044
1523732,58613.53002008367
1523757,59706.09240147239
1523764,34336.935021256104
1523765,39814.85489875646
1523766,38681.00583486297
1523782,58210.20425708699
1523785,86999.82347378651
1523795,39579.38011935674
1523796,38154.61947817475
1523802,36811.84504043044
1523809,60581.27481886238
1523832,40641.38160841982
1523849,49808.54581402183
1523890,79961.94784750801
1523892,33880.55685978422
1523899,57775.61866328382
1523974,51612.73967558596
1523975,34651.97374979916
1523982,41700.51333987892
1524027,99979.36579608211
1524078,41702.02829507332
1524084,44322.79347409373
1524095,45036.01504578111
1524138,62592.860562539485
1524145,37232.39579424578
1524161,37927.62246428043
1524167,36971.50783702085
1524198,42131.54940310631
1524220,32155.31615669883
1524235,38784.1206610996
1524244,46875.92015483655
1524254,61278.36564383558
1524265,91885.53933478169
1524269,33657.11985738922
1524279,25608.62354152302
1524292,40632.312339559954
1524298,43607.28298670833
1524302,36142.71998337138
1524397,57701.95641556836
1524423,47447.42899440947
1524427,41887.01186543538
1524451,44179.677202438506
1524483,48513.09653235477
1524493,44714.46455476042
1524508,48849.05990721578
1524509,38930.1805008622
1524513,61457.79034541195
1524545,38835.99523955741
1524601,42428.2126765923
1524674,43621.089052168034
1524687,46458.91631444417
1524691,46980.68561968335
1524732,40135.40466996909
1524760,95383.6802825754
1524814,53413.97237819634
1524818,42466.49647923389
1524829,70119.01457509569
1524846,56803.69482741485
1524852,40943.75236585332
1524861,29588.054390754256
1524874,68625.11677412005
1524875,71932.690406476
1524880,46722.43498551253
1524922,54655.855670767865
1524929,47325.55597725206
1524941,26877.187788477808
1524961,60157.33054558286
1524965,45651.49830492622
1525015,65073.63073250045
1525017,79215.4005750515
1525021,68564.76415127245
1525031,64854.50191812724
1525046,50872.06216506509
1525690,82390.93038060251
1526058,74398.85796745721
1526067,24161.91379408621
1526105,18682.295786208924
1526109,74282.89365321993
1526164,26324.96383046687
1526178,52616.47235732464
1526187,56624.38173461123
1526286,23651.02787716528
1526293,66565.756502631
1526296,47386.24566176815
1526297,42772.99711864602
1526310,59713.63657610095
1526312,62214.44443982903
1526941,66988.00075369442
1527041,36178.1860456063
1527057,34938.384603245984
1527074,36475.03760968205
1527080,46994.57630405846
1527300,43312.85576788381
1527312,80027.51562925355
1527321,55498.65225208937
1527340,45491.02982248847
1527354,103614.88529615308
1527359,42346.06015512845
1527366,87401.38020480328
1527383,64247.16748559344
1527388,35751.47787970913
1527427,36924.04742973695
1527431,45009.884034074144
1527436,43988.68561360516
1527441,40270.33891401443
1527442,37007.88119301155
1527457,39367.583466347976
1527463,83718.17424951783
1527507,60840.75766140816
1527586,73808.33863764617
1527588,85441.06869912075
1527598,44650.40339120349
1527600,35487.305866341616
1527645,41889.556642965705
1527671,40276.5248984612
1527681,70184.05033037225
1527684,48487.64768259005
1527693,48247.97613182224
1527709,54616.62449293075
1527716,39638.139061618334
1527718,51250.75645661261
1529749,49224.04948000386
1529755,71850.75959511858
1529774,69230.67930672722
1529811,25175.73030058766
1529820,42361.32995849515
1529841,28972.188858961188
1529846,66527.34766933543
1529857,28408.91712888034
1529956,89157.94291437483
1529958,93180.78707053632
1529993,117297.09011005152
1529995,84940.55265495798
1530003,92368.22258594612
1530045,113464.5679367219
1530056,118065.01389482072
1530074,122796.71904043514
1530095,123436.54800834048
1530107,103986.1001790714
1530345,82246.87304042108
1530360,27195.725877850156
1531263,25022.29093283641
1531270,47568.93390891278
1531312,18129.06957143981
1531323,34493.54183118908
1531347,32900.4400095096
1531426,20720.348916021358
1531444,60189.28092243876
1531470,14154.942222046338
1531473,15027.516960521025
1531487,36776.15333304509
1531488,40304.65874952734
1531510,46285.55860519836
1531514,43482.597082844666
1531526,13904.889882561953
1531971,61527.15774670867
1532001,78828.67879476739
1532063,71334.40785759341
1532068,61370.70970442353
1532095,65643.36024885433
1532146,64790.55707643816
1532167,59785.79527450977
1532236,72440.40462127989
1532325,78599.48988609278
1532361,67882.95663640846
1532692,23850.715778443864
1532854,39250.820488630095
1532911,39492.31152199824
1533226,16132.68148361596
1533589,87358.04297703688
1533836,113763.51740405727
1534267,42868.31452324922
1534419,78463.58910787836
1534619,131032.15660681436
1534741,109951.74979357873
1534808,26534.640532399328
1534821,27717.09940552723
1534835,32921.45043279844
1536214,73936.15428211194
1537137,69540.74958055155
1537142,86837.70121380256
1537144,84691.9214649418
1537155,81588.12088478371
1537157,75391.1407634322
1537166,67770.55580944163
1537184,72557.60379350171
1537196,88518.5173089638
1537215,68147.13452798675
1537235,77905.84331373009
1537238,87272.70664552959
1537616,81987.6682651311
1537631,70169.88045275843
1537820,87169.80720608872
1538429,87103.3509290796
1538431,87258.63525229318
1538634,74908.07620597802
1538635,80078.55202887222
1538642,64714.18650005759
1538669,69681.47557260831
1538700,83512.22991259159
1538704,102812.5842484628
1538732,79764.74039053344
1538734,64423.86228455229
1538746,71409.01556304989
1538780,81826.45600655553
1538797,66884.91093532242
1538818,88971.15290995907
1538842,84315.84627091992
1538848,74396.40774545849
1538849,83542.2106486578
1538860,64316.22409785303
1538900,82560.12805253293
1538915,74935.93951484581
1538949,92211.19789690204
1538950,90778.038106665
1538970,81849.3970842665
1538971,81186.45877836747
1538987,89483.18994856054
1538989,45485.14042704756
1539017,96072.49536808176
1539018,77517.84121354403
1539025,82083.65304879875
1539043,94126.94826279677
1539057,78302.84800088273
1539080,81439.96023961963
1539095,73630.6734601239
1539154,80360.25133174402
1539161,96275.34778869896
1539167,53503.6787584421
1539178,73248.80454862546
1539186,65714.70219664773
1539221,75248.9508751614
1539237,90252.4780143326
1539254,91569.90912757062
1539446,93272.416521418
1539763,120249.55577245408
1539884,122571.54902910616
1539887,116950.67336554654
1540721,81102.49372175186
1541334,70331.39943576409
1541755,82909.3892655995
1543256,33194.89937051512
1543270,39384.27873808992
1543317,49472.204699428745
1543798,76379.75970028297
1543814,32524.91433011156
1543839,41629.109522867184
1543850,22621.62111392153
1544014,73077.77946507606
1544023,49178.23888441091
1544120,90836.27490825686
1544135,86803.78172700216
1544400,61048.94387488034
1544408,96318.89021281192
1544421,62126.74692917584
1544441,98715.0958230512
1544484,73022.62931476338
1544515,67252.65066485619
1545104,37275.13360802314
1545601,31169.75122357037
1545818,105319.15844920516
1545843,88043.69631510582
1545873,68235.57744224906
1545888,54271.86852894221
1547033,24871.73015988953
1547036,25381.727563973796
1547098,30530.58192272832
1547667,100159.54540659155
1547668,99347.78369318297
1547773,42245.37846770853
1547809,106118.97718583884
1548154,21212.24764968281
1548428,28033.042167249245
1548502,43857.61352829387
1548718,55420.41105487599
1548752,54167.60890255711
1548754,60427.30556946164
1548814,62129.40957586006
1548818,69377.60681220432
1548835,30937.19974046317
1549052,70781.52898923212
1549109,49632.56369140051
1549114,44789.15530068616
1549151,63690.737254405634
1549195,44484.19328653802
1549199,44876.800372138605
1549249,59141.385109382616
1549262,64231.606575046535
1549374,42153.94349313906
1549457,63895.628623312994
1549489,94115.25420255808
1549547,103539.39331451776
1549728,119536.79569178035
1549902,86800.0471883303
1550896,73226.37275143914
1550899,70667.08409282014
1550927,73714.725393206
1551016,42619.794538499584
1551133,79762.64318337623
1551135,77540.53753011799
1551195,63782.22697289495
1551228,83954.30398487844
1551281,63537.002670765934
1551295,54269.4739068067
1551424,50541.27675025683
1551425,58466.12343015347
1551433,65946.51281472505
1551479,33289.7758293597
1551501,54049.794227030514
1551571,47125.6709240763
1551580,45240.48700201607
1551589,46560.505070348925
1551625,51187.00589150174
1551644,47055.40761798701
1553720,35068.421867514844
1553726,36711.12018536026
1553738,50604.97184867291
1553795,71890.88776938757
1553857,74768.49819458819
1553954,58874.58379872697
1553999,64276.00397413748
1554011,59425.98621283027
1554073,71071.9671409849
1554081,68780.97648689066
1555426,37731.09595201668
1555474,32697.89051125345
1555481,19759.32537142717
1555757,74289.71524902259
1555865,78987.19959305352
1555995,100938.69653859694
1556126,90549.9034841135
1556198,80674.15323627501
1556206,54744.15952247809
1556212,87825.93324425524
1556386,59620.30558659693
1556432,60892.280373080415
1556448,77325.57771476121
1556489,76967.47257974322
1556573,75304.7293950036
1556637,76802.474232609
1556792,82743.08658295141
1556880,92183.93857221886
1556883,94239.7137403292
1556972,18886.99385576676
1556975,19920.94865611421
1556978,16785.715958952
1557016,24830.416573838167
1557074,13312.448792381098
1557325,87987.42781221923
1557446,31363.250148433344
1557453,23843.832018069923
1557506,33052.70914536774
1557645,69313.84322331994
1557652,85051.3390109299
1557671,84035.65780267454
1557690,87424.06135714338
1557694,92223.67265910846
1557936,93252.69117377208
1557954,82960.62949512141
1557955,90140.90025896188
1557959,80570.15538727767
1557973,63991.06917081439
1558043,93581.64918295151
1558060,88108.00701459064
1560112,31870.56064035565
1561073,22466.507751939636
1561115,21482.64805729972
1561139,25403.80128401105
1561177,92695.05603967309
1561197,83055.39235663251
1561249,10978.352845782289
1561275,15790.170279183198
1561376,92426.5236744054
1561516,79943.53983169753
1561639,57617.18284725238
1561651,68682.98741421738
1561680,60503.973268808055
1562934,8109.887580539184
1563338,26350.67474202739
1563546,47894.88283508015
1563719,25548.88441295305
1564002,77442.49863733651
1564713,102096.8570572705
1564720,94045.6892089852
1565437,61273.60673849478
1565477,49965.25116525681
1565526,60179.41199985037
1567041,22624.90528864342
1567069,20794.67010869564
1567086,23748.104660860536
1567155,28838.21760516446
1567201,13033.71458342912
1567206,29157.540585352428
1567354,88058.64757762045
1567373,56339.43872001633
1567385,70120.1330302835
1567416,89358.82476030114
1567432,95347.21706311504
1567445,53983.26288560842
1567450,75630.860017583
1567452,73126.65214108829
1567573,68696.9088439622
1567635,104476.34485201404
1567679,74433.25155446981
1567723,77232.8597496174
1567734,81049.39526278217
1567787,82329.29899626761
1567956,64743.31798526912
1567973,72766.49715823945
1568159,88699.48844674215
1568164,78456.09157345482
1568174,90586.15282951524
1568193,84535.34599686415
1568371,98672.84294737762
1568709,77978.32928553759
1568734,67937.04047738267
1568777,53904.787536592215
1568783,56698.1184651327
1569511,11752.963283131608
1571073,37283.25227185209
1571108,36430.4300809089
1571113,36557.063630018885
1573770,71650.27247928761
1574228,37931.96547522374
1574392,88848.39291050602
1577364,13286.313632666772
1577564,21906.499427866635
1577827,19502.36420605693
1577893,27364.14548049224
1577939,16745.140156197092
1577944,19834.547461295093
1577948,26073.296139294114
1577979,34204.11625220551
1578045,30868.24051193384
1578083,29467.12809718434
1578090,28367.28852377992
1578091,33273.61328752707
1578161,19788.397566487954
1578191,17975.04262247823
1578212,14420.595942021417
1578273,20363.57719504928
1579336,18061.20740713856
1579365,14118.85040500324
1579407,17321.471075150694
1579670,32841.71364798369
1579692,16523.51382655153
1579761,21426.908455772493
1579777,22094.32197452949
1579786,16602.33918912657
1579790,15134.221336323686
1579932,11487.707972400509
1579942,26247.504473812784
1580032,24934.446000462216
1580055,10946.6081816205
1580128,27371.42341277387
1580131,19508.769524031355
1580288,33349.68975955159
1580449,14122.04288565537
1580459,13173.639601410408
1580549,18384.26383028945
1580733,15568.971246913668
1580772,12313.849601801703
1580856,12086.381393416536
1580864,13584.081506177952
1580908,11937.671709577751
1580922,39743.42968578103
1580929,20231.65972367945
1580934,18486.318917281176
1580962,13672.009942303275
1581015,12075.002884050597
1581055,15379.590180604264
1581123,17352.754020465203
1581127,15161.364013057608
1581180,13155.06622397223
1581181,11945.20768994108
1581188,9682.01996401974
1581190,14890.834888820324
1581197,14255.55234687312
1581205,19129.548877833065
1581227,12493.604044729094
1581247,29024.224093628996
1581307,15857.83415086132
1581313,13937.025720275082
1581332,11861.239477412895
1581334,9471.698037732938
1581337,11863.329093636812
1581391,18208.641330519586
1581406,24717.208017301517
1581430,12977.822928776555
1581432,46262.43173068694
1581449,15524.081233573572
1581490,19361.92440984038
1581495,53766.37422489807
1581523,17301.027071384164
1581527,10232.56204360798
1581528,18646.749757455065
1581539,33198.2497301424
1581542,16363.029714780794
1581553,21052.606596045367
1581565,35268.75874609059
1581619,29589.971960048075
1581632,16920.297707483332
1581633,26463.252535825963
1581702,13548.909429001911
1581704,20173.66256070425
1581710,29601.92465150497
1581749,48029.54393951516
1581752,27583.948621469262
1581758,22622.32460252698
1581796,24592.31106098154
1581819,11653.32429717133
1581831,26374.11517179561
1581846,18249.560549424008
1581853,15169.291675626322
1581920,19581.1163274658
1581923,21051.9877592404
1581947,12282.172924409924
1581989,16651.734055092747
1581996,19681.45808488518
1582038,20784.098452369573
1582050,12769.136049293142
1582054,19953.58719099545
1582066,12326.57557672174
1582089,20639.6343313618
1582103,20326.52235057449
1582115,21535.35079651812
1582125,68023.1127577334
1582154,34723.873699760385
1582199,35595.7038187728
1582201,34679.020595009104
1582230,10093.64851335867
1582271,63085.82418645304
1582279,57858.98263220942
1582282,56954.66974892063
1582298,20496.65059192662
1582325,17300.386354703794
1582334,24172.96705568608
1582337,27935.068436237638
1582348,22129.924971690867
1582356,22921.97362469076
1582402,31312.16522536577
1582418,21255.777980989315
1582424,20268.39383316223
1582454,37144.07072178781
1582516,18767.46033513768
1582527,24142.34671654792
1582543,28093.177753854416
1582598,20038.489520195457
1582613,17581.00159242734
1582614,18841.17418179011
1582649,21948.267594826382
1582650,39484.24521406951
1582661,17663.27375338493
1582667,26302.57385387809
1582684,24150.341297915144
1582745,16306.24706978118
1582777,22129.141777739376
1582803,54304.35025640629
1582805,54785.836425776106
1582824,34695.13046117771
1582862,23699.73198469254
1582940,12557.439867496352
1582957,24428.9289582516
1582965,20418.5635188019
1582970,19324.25089886601
1582986,12913.56225056454
1583004,21210.013465752683
1583083,26232.011105100064
1583092,23198.314338183387
1583140,15905.975230400822
1583172,22055.943319789665
1583177,44362.91280398156
1583191,15280.66278683738
1583218,22980.16582495077
1583225,24831.06317365074
1583236,14448.233620854371
1583243,32987.92282037351
1583247,37821.68602131316
1583257,15459.15379340532
1583259,22893.817849409545
1583272,11195.134039519073
1583276,24714.060521934327
1583287,13225.102343113276
1583304,27242.43738018218
1583305,23672.993835054403
1583308,48460.16059940909
1583335,29446.804970102905
1583351,27878.777406180325
1583360,30214.272406417072
1583363,16554.933215562996
1583372,13781.795124707622
1583683,39551.47923953948
1583757,31651.915046046517
1583761,33115.82619761978
1583764,67949.77116987016
1583780,31316.449232125
1583797,33755.38726346035
1583804,63513.03514426916
1583811,30868.458908755078
1583816,40879.23993345565
1583848,40027.69685515172
1583852,38192.28819572416
1583859,40919.7807947666
1583876,41000.65578914843
1583883,80723.87961317664
1583884,43737.430522845
1583888,17540.9961920019
1583899,43664.32923726143
1583902,42894.02564081893
1583903,44521.0618101882
1583904,43412.89022100672
1583906,39683.42583066083
1583909,43283.93891825221
1583962,46187.6728916222
1583980,23399.97530838177
1584006,31666.438027269367
1584020,26008.74655461674
1584035,39285.68098111559
1584050,62990.057238008274
1584059,42715.63487168855
1584061,32275.54116724647
1584091,47958.2320976221
1584112,38300.976167665045
1584122,50190.42207496605
1584172,45310.12859291808
1584176,15615.454326520396
1584198,20780.494412964494
1584313,23860.056606228503
1584331,23616.198297071038
1584355,26952.005381223797
1584356,51274.34645290339
1584384,21175.594136172916
1584399,29657.21052388386
1584412,30738.88062835886
1584426,27216.96848705655
1584450,14539.839441449903
1584516,12773.43190828915
1584544,39540.29565930917
1584556,24092.46138406825
1584631,12711.421702153242
1584659,13606.711135153775
1584705,22789.24435468858
1584763,35048.137964180874
1584783,21800.85133855164
1584806,27086.44635848537
1584808,55113.44598498574
1584810,74206.02925102635
1584817,11606.865707824652
1584842,25711.254773191456
1584863,15625.76598749508
1584873,26147.573744457368
1584888,30458.11043063508
1584906,53728.41002942056
1584928,18522.97695080599
1584929,21890.212559057996
1584934,15309.717367354686
1584946,16730.832052553902
1584981,17189.528805482732
1585023,77735.32961152657
1585087,23958.34412801179
1585109,62580.9975753785
1585141,31917.35326191299
1585181,87523.422794105
1585247,37940.55991612225
1585261,36486.41707523052
1585262,78163.05401210116
1585443,12825.607834577238
1585449,63376.00774907314
1585450,50354.9862401014
1585451,56437.57191693889
1585459,32499.45789819115
1585460,65564.40903328075
1585467,54464.03279858784
1585472,11915.700251089997
1585488,31455.67862286393
1585489,92145.60888233912
1585495,56618.67777733031
1585497,27364.963658712688
1585527,82860.88845133816
1585558,44228.37334852951
1585560,31387.89197373015
1585585,20470.85929242245
1585589,23033.212932831084
1585603,22004.07884906767
1585605,13711.958112479064
1585642,17751.95418997964
1585679,21167.188090960928
1585691,25931.39419372311
1585692,22544.35362188328
1585695,14247.249122500029
1585712,25228.622782430688
1585767,21631.349831655287
1585780,16182.879948756045
1585810,38786.89924358687
1585812,19273.16438165821
1585825,14598.290953289055
1585920,20088.636246433616
1585951,17903.440212272028
1586021,20272.903971616743
1586030,26829.70892624681
1586057,27148.654751891445
1586102,21874.03093833025
1586115,13505.84864637605
1586119,24068.548646112347
1586127,16519.09996816816
1586148,26376.48396451464
1586165,15579.528972516677
1586169,16285.343064200002
1586308,46085.436920928696
1586312,21473.223003948533
1586427,26382.09858576623
1586437,20706.038423669
1586483,21529.78696464724
1586489,20044.453431958176
1586492,15986.059677841857
1586511,26016.28287259089
1586650,17479.847246282872
1586681,12591.659919593549
1586792,21986.425447971036
1586810,14058.595508400776
1586875,20738.40960485209
1586909,27369.716435877235
1586930,25441.064670071886
1586938,50157.668961455216
1586955,73157.57743527222
1586965,14712.370289166449
1587046,57154.05923931419
1587077,29181.96130453403
1587086,23860.496121654065
1587087,26557.73799268452
1587233,30839.03677382925
1587285,17675.04271225814
1587333,20692.17914957364
1587345,43304.24605775093
1587347,41047.7843004437
1587358,36190.86106297925
1587410,37541.14929306896
1587413,18722.332473287563
1587463,22566.440425840767
1587468,35519.40990111645
1587473,44992.48460389424
1587483,76740.05945818694
1587572,28865.891858402865
1587611,19060.807926273694
1587745,34823.55666183437
1587776,30419.01775207325
1587883,35285.232668695884
1587944,64629.17311430749
1587965,29853.471549424958
1587998,35298.95651724469
1588034,19445.0112236845
1588055,32125.85520577394
1588192,42537.60847051511
1588352,94318.3986171072
1588434,35790.295760579465
1588455,78827.72972927516
1588474,59050.066315221
1588530,88207.7764585254
1588804,84440.1147795461
1588811,109614.03090056677
1588876,93096.735548845
1588987,86454.77601813163
1589030,81438.17805860624
1589411,34063.52658110461
1589450,30834.622417693052
1589471,16469.722423479427
1589485,37313.11829267866
1589510,17220.135889800265
1589537,19438.808833559226
1589567,29667.827286127464
1589593,95424.23959317856
1589609,15885.724627694255
1589612,11228.795593845309
1589616,23577.388697085447
1589640,29077.0031222458
1589641,36186.36543608239
1589646,16647.905772436385
1589677,37915.20782014671
1589754,19803.36836982721
1589757,36418.78228403522
1589815,15950.112441595567
1589914,15309.781730285176
1589924,29582.80354838657
1590023,31167.5497463207
1590054,73690.89869434907
1590055,23348.899766837138
1590146,33373.54183671443
1590147,24425.071219497386
1590239,33838.54616513549
1590259,53559.94184442127
1590292,28647.78020004532
1590293,20410.138491933423
1590358,16345.863510965704
1590382,14595.397884660682
1590460,17258.02347033032
1590462,18259.38755828714
1590513,19310.90341619048
1590696,9612.054401873847
1590955,16108.386199963914
1591473,37647.75123718949
1591639,42167.72991607453
1591671,22206.856163059943
1591688,21863.429511638755
1591719,25641.30018531081
1591785,44082.06351347205
1591803,32214.073615134366
1591831,15092.447194203629
1591838,11270.292076063091
1591939,32988.512806982195
1592349,10575.563526973629
1592358,14064.69801917483
1592364,10831.33007095584
1592380,11237.380262125724
1592384,10530.043641271834
1592395,10258.378288280754
1592402,13575.500938996413
1592410,10675.57923810713
1592418,9019.769976040629
1592419,10444.098425813398
1592429,11973.64853867377
1592486,11376.655558226244
1592512,11140.553355787282
1592527,9770.73587322139
1592549,11390.584039001453
1592561,19153.472439258727
1592583,12078.85287251877
1592589,9062.004964661122
1592594,10104.241415899323
1592606,8955.829625368191
1592654,14067.803941139166
1592661,9783.446469405617
1592723,19615.69156166349
1592727,20330.78493919452
1592918,12362.716258615446
1592921,15097.814504551428
1592962,15890.762135490557
1592984,13613.210239830492
1592993,9816.246716970378
1593016,10106.79937542829
1593033,19019.721062339828
1593076,11340.35755685378
1593103,12655.652935959097
1593106,11523.695258072788
1593187,14243.922390192834
1593322,23538.953840424867
1593338,13741.13372444799
1593347,18288.211485691765
1593378,13428.851316342458
1593461,20575.74084713435
1593474,14332.726391756429
1593957,28729.47805021087
1593962,33765.51642345042
1594163,35424.63842578652
1594179,30531.0011961815
1594465,30213.56475453086
1594506,16163.21446740892
1594546,30737.220504813187
1594547,27392.53609750001
1594576,17066.883647399132
1594588,22156.641811911017
1594727,29512.889314063697
1594738,14410.774968872494
1595031,15368.6170788858
1595274,9184.554058333892
1595547,16889.73319300296
1595989,39322.23878009318
1596024,48406.51313098689
1596036,67947.58893354751
1596087,19304.862176960203
1596259,33195.51994146891
1596299,27141.54524965446
1596301,10932.391950059458
1596528,12733.44469258645
1596764,41830.8782181308
1596806,33961.03023566106
1596996,26661.43971563045
1597132,27724.40012322402
1597725,17571.966405383697
1597756,14119.22743670128
1597846,10537.095162033507
1598048,31083.67478656544
1598129,59275.8851541112
1598286,40015.45598510864
1598440,37847.001347591344
1598732,41147.80248260713
1598758,73600.04829064416
1598802,15189.011369201971
1598827,43775.54185456986
1599002,44219.46870964439
1599012,46868.989887356
1599043,62587.84192937681
1599214,15446.188886910202
1599689,11699.376027345452
1599705,16317.00515695352
1599730,12956.553988409552
1599757,15910.856149050298
1599980,19986.26768459799
1599991,27150.730217305347
1600151,27317.26680006252
1600164,27828.128654472253
1600192,18896.117956898812
1600259,29383.33208744621
1600286,34113.67067015528
1600301,33795.1935706918
1600397,16504.61962346579
1600398,22380.787439817155
1600405,13359.287933775664
1600416,29648.121711664327
1600440,18272.350190184232
1600482,44812.75014699692
1600503,20041.90323348621
1600660,19942.700528248344
1600683,15763.556814663249
1600716,19406.432389286856
1600725,18586.1071813097
1600762,25206.41563615201
1600838,19272.727577566315
1600846,13384.46618629891
1600869,26148.196576007264
1600912,18124.168749327237
1600914,19997.7674331262
1600961,44924.00067426183
1600978,41387.39040053573
1600989,33860.47741654077
1601022,34408.368479106124
1601052,34738.54854083354
1601058,49368.85491082607
1601061,14122.588961675854
1601080,45554.337327522815
1601081,16666.247315965862
1601115,21383.91700056305
1601123,40624.373109191554
1601150,31441.977036851145
1601236,16711.422510103926
1601352,82312.0732167159
1601390,37687.00461428046
1601447,41656.271049203584
1601482,49469.81809167188
1601486,17942.32057485424
1601491,8844.450334368086
1601546,52255.73720958087
1601547,48695.75737818804
1601572,50362.453820754425
1601578,48641.152617998414
1601608,66204.01056461399
1601611,11219.618945733551
1601712,12792.262947973006
1601720,10927.159500363863
1601748,19964.92371225063
1601799,17259.329056922463
1601829,12074.1926976619
1601848,9719.016352366612
1601898,17340.503971008977
1601916,32052.88407377996
1601919,61260.31472483216
1601933,43648.10926092529
1601939,17472.489551557002
1601946,25153.893425183614
1601953,22631.47499152977
1601964,45645.49185455519
1602004,42627.19345511743
1602006,13829.812827465828
1602008,39562.707787419815
1602011,53774.36363910218
1602018,27079.059880544748
1602031,13959.679037885357
1602034,46902.75515877928
1602049,70612.96010329832
1602053,68699.48988134741
1602059,26012.916331755256
1602072,67403.54477844495
1602152,29311.280803121037
1602163,35795.69557170493
1602248,48497.24726153143
1602259,79092.87347618613
1602287,44471.0199517182
1602297,48106.192745565495
1602302,51817.29491520947
1602313,55465.62885862523
1602341,58813.80094319755
1602355,17931.5266554075
1602359,31142.494205099287
1602380,59311.98286295289
1602399,39882.30462970366
1602422,55842.09730297509
1602496,27999.8459418915
1602533,51013.63479127702
1602545,28051.44052635744
1602571,63457.1808736476
1602594,19306.490035418225
1602620,55885.50803951453
1602642,25331.836550945434
1602664,14193.71075553489
1602703,47755.84305360546
1602719,62265.77331755604
1602786,66366.26986087795
1602800,11893.412399166536
1602810,11640.915841272834
1602828,39564.98108190856
1602850,42814.051997409246
1602855,17289.360818845264
1602858,18576.704213102017
1602861,60094.72014703182
1602864,35510.55393561567
1602881,12558.22703640782
1602965,68277.19693592584
1602982,62211.8788083595
1602986,74859.70085777252
1603014,55507.14869073364
1603024,58682.77097719765
1603027,41463.61069382005
1603030,38443.32354754185
1603043,44341.29070326756
1603052,21959.30658560109
1603081,42508.68403769571
1603135,36798.9727304452
1603161,40062.16151386671
1603192,40744.96337106463
1603198,51918.686036864536
1603206,77355.37637198283
1603232,43267.92556010634
1603275,42956.477480561
1603309,83519.05707461102
1603334,45942.76797047315
1603398,26113.71438938024
1603424,53034.411820368725
1603432,10650.29266640818
1603436,11963.2360798452
1603494,50533.9570902015
1603513,52324.39199727484
1603520,44052.68413611414
1603554,50757.39714967707
1603638,94248.3377565908
1603650,58869.94537685964
1603654,59858.33507265061
1603694,64633.70159064598
1603734,52241.73564754828
1603763,70120.03238992448
1603774,15978.272707420932
1603776,56846.32354648309
1603809,30693.171326138647
1603834,19584.59425499836
1603837,68587.39934247396
1603848,58692.09577224639
1603868,58205.64816714065
1603888,18901.296787384683
1603916,17114.25608880254
1603935,27760.309951061885
1604004,14346.244183907618
1604017,16745.54984214856
1604026,39738.73346810111
1604027,91806.51622126393
1604044,15635.217152680263
1604059,18691.07194098475
1604112,25326.32157132586
1604125,21464.34027831425
1604132,30483.360389264053
1604188,33002.81111832462
1604194,42056.38510463717
1604211,14554.969550663698
1604242,24276.525139590696
1604243,22667.16497408048
1604259,27573.512863205488
1604276,25077.544098405702
1604285,31164.585857761333
1604322,37524.6951705676
1604339,15483.684058774432
1604363,22069.583827423816
1604444,26932.24320796734
1604514,59856.96215742343
1604536,23835.870538306463
1604544,27701.00773057304
1604568,24916.63749379447
1604611,20169.024506756174
1604627,41046.97530942074
1604641,19971.729628404577
1604647,23212.35559059893
1604725,33453.22417832496
1604751,24336.64656459927
1604752,21526.41750319565
1604808,20940.067744838823
1604868,24749.34397384758
1604869,24883.84216651613
1604893,21441.341784677297
1604912,29283.748864138543
1605001,13917.42911670768
1605009,22964.95695144121
1605050,24749.22756188076
1605063,24253.602304113894
1605068,31304.31124822834
1605119,26305.53326933451
1605134,22609.607729252617
1605196,13654.82741386992
1605244,25200.817761418544
1605253,11321.565514189546
1605257,27658.821855232763
1605297,23658.841325294285
1605309,27015.98899121688
1605333,19129.752638008555
1605368,33804.52598986114
1605384,24677.22971053952
1605426,27712.565778187552
1605480,26897.93556895609
1605493,23824.125175400182
1605499,48289.97575711744
1605521,31846.526815713587
1605525,37025.707607337215
1605542,25169.554814529634
1605550,15076.868128624685
1605628,35176.37084374135
1605641,18499.073598314066
1605658,52003.94415513523
1605664,31642.986162014524
1605748,21786.46079696046
1605797,30045.760664651927
1605857,30078.55973401557
1605859,30531.59873216908
1605863,26061.609752316814
1605920,30086.07492271994
1605975,19164.48910579029
1606001,21131.457685978963
1606014,40455.52340717302
1606032,30835.63863081577
1606072,31393.06075786236
1606194,33488.61162710232
1606210,28907.97655030376
1606226,26367.63445410671
1606274,30790.780776149888
1606279,24837.7828429292
1606296,26202.5661711501
1606310,31471.14129540337
1606311,27956.142099003715
1606324,30952.72667537713
1606344,28039.08756192555
1606351,26063.45058728421
1606366,12628.434986840535
1606372,15895.052248688991
1606385,24670.88987228252
1606416,55653.94590063056
1606417,27533.304070981823
1606456,17619.68784581706
1606505,15444.223762349146
1606531,27708.954856507844
1606537,20933.274069272997
1606539,32618.640980425203
1606656,43177.54675399853
1606673,36712.40703812934
1606698,50622.59691291934
1606711,34102.99239283062
1606714,19153.16318635361
1606729,46219.14503425603
1606807,31191.87821191793
1606882,30621.024815192726
1606956,30632.50994152996
1606996,30359.12783678549
1607061,35228.4416824175
1607088,65975.93721256088
1607120,31248.911031127904
1607152,42521.09669112297
1607160,26606.9803658464
1607165,33249.94557606097
1607226,27652.428139913784
1607249,34147.89631044207
1607313,16419.771517717476
1607366,25507.509055314425
1607386,24023.683283939983
1607392,33548.11672157251
1607397,18060.280422367003
1607487,24958.896376321747
1607564,25768.570485376986
1607607,17888.449864905546
1607614,34977.955509803054
1607816,54527.97132024266
1607837,25377.96453584049
1607839,32518.845299753182
1607897,81639.9506765704
1607906,27371.121462009884
1607937,46677.30747245007
1607994,35800.320013670804
1608053,41942.86385019103
1608060,71188.94557692311
1608103,28179.666517863192
1608120,33591.87862489572
1608225,30794.50238226474
1608255,39201.69312543444
1608274,30857.782965378687
1608288,40071.24705790424
1608463,29057.58895094469
1608472,37857.89175945439
1608507,28272.86045681093
1608551,35630.84451557163
1608562,38918.28730983561
1608591,27652.99023658008
1608597,46428.40722527631
1608606,29921.427052816187
1608669,25202.395392174163
1608686,43980.405496578656
1608700,73019.99918078266
1608833,38560.3687336036
1608850,29719.87876721297
1608922,16749.232581172175
1608924,43475.7025657531
1608991,31912.644487094258
1609058,32281.22757145148
1609062,16252.042531681627
1609095,27921.552057620946
1609136,39005.12800886846
1609162,31752.93370310616
1609246,45398.20972120805
1609334,36323.99799548792
1609360,33794.30497863026
1609365,17082.290841394166
1609499,68574.99550488882
1609627,58166.7959030012
1609743,67391.91454105047
1609788,63968.46724236391
1609793,72444.6637639438
1609837,19917.92128494401
1609857,39938.71285038284
1609866,66365.42282397074
1609907,30884.519046127145
1609994,33339.97521416964
1610000,74256.5537863012
1610018,89429.72662686651
1610022,33526.35965619388
1610121,57413.28951164331
1610129,60659.42012240259
1610183,51655.27121806168
1610335,61253.50045401044
1610379,59402.89251556881
1610398,82226.04874205246
1610437,53066.51634646679
1610471,39796.797526934766
1610486,68330.03354721275
1610494,43597.50163404788
1610564,68921.5365971727
1610592,85804.95748771838
1610634,54899.56107954877
1610654,71369.62773495706
1610699,35019.693132305096
1610722,53296.63923881507
1610809,73604.56219184707
1610818,40223.72396012255
1610941,90986.41630400144
1611114,60811.70832670396
1611237,67066.90987556058
1611448,97099.94161296716
1611671,92959.1573191242
1611759,50365.367257070895
1612052,69792.25927114845
1612125,60827.99160830052
1612135,44803.93396234375
1612160,53595.61070499394
1612208,87845.11000121656
1612280,71287.56837485923
1612347,55370.250731190565
1612483,113100.68352716674
1612510,113070.51941516506
1612523,114352.90643846968
1612528,114262.58086581311
1612595,65345.02952205542
1612663,53865.65818782265
1612765,62546.30724897244
1612858,110853.21021586226
1612859,121296.93572436504
1612868,119281.02393125417
1612879,118779.9345490837
1612932,44453.79600509884
1612946,69594.2908664456
1612959,41030.28341400197
1612977,41626.17607976141
1613243,60503.68374847321
1613380,69003.88532345447
1613396,79330.34045174564
1613416,65078.9471250742
1613460,104247.64102797072
1613607,32629.30831074788
1613658,37937.624064953074
1613664,21019.52552125292
1613684,25621.643521338363
1613685,42477.9464063154
1613705,50836.60521198233
1613717,36700.99166560049
1613735,27707.600984029268
1613740,37091.58493274171
1613742,16983.57678969045
1613748,25398.77951684216
1613782,59900.65770161285
1613796,23388.040400892653
1613825,33260.80058289459
1613874,54877.68050509281
1613920,86987.36590173228
1613980,66665.98789159878
1613987,46243.25740066187
1614010,85147.05691427765
1614022,44493.03638269616
1614031,40157.57815589196
1614032,70291.17582835956
1614042,93621.96954202144
1614044,53333.427850899694
1614046,32473.05774143433
1614060,22055.49233467313
1614121,76192.11284957407
1614127,47708.35566464887
1614140,48891.38866055863
1614143,94205.96324410792
1614193,98738.77373905668
1614253,88985.64974375414
1614274,80066.0961579399
1614305,83158.54098278098
1614313,80763.16889919256
1614318,137019.11720455502
1614417,28843.92810912366
1614505,58608.67076996501
1614524,123298.44072910953
1614593,17039.114611709934
1614688,34871.93244038423
1614804,14854.47052214656
1614811,18754.9659047274
1614831,23163.6156608045
1614871,11606.672089680833
1614875,17739.152537980124
1614885,18967.70715406732
1614906,11179.691875458517
1614931,10800.383033706068
1614962,20043.26888721536
1614976,14290.962042416024
1615063,17273.290968271882
1615069,16184.041390486582
1615081,12285.813409425537
1615297,37191.71061151275
1615314,18737.520950031627
1615333,62152.42506562938
1615349,76802.6820580712
1615360,51119.36037524436
1615379,47474.82673395921
1615385,45115.143943414085
1615397,56095.579849655296
1615469,52764.09367115104
1615534,75636.60482328982
1615688,17248.4831674908
1615735,14812.028120384257
1615754,16121.076096314457
1615853,16269.525548372743
1615930,9314.36463500115
1616236,58741.593674871954
1616334,33083.348271112234
1616469,56050.04135592545
1616549,33340.822459774165
1616609,22894.49150239487
1617573,22464.534999907384
1617636,11407.336722238735
1617773,38059.68263321839
1618036,18653.549216731237
1618173,19311.79720475556
1618750,18799.42186979088
1618787,22371.19780378213
1618965,29525.758389739178
1619267,12934.515138726949
1619376,50215.16647372705
1619544,21719.938146279437
1619621,11784.59589137274
1619740,26389.500054263364
1619826,15138.981587485952
1620154,33400.51323562975
1620381,16228.6328059127
1621410,17417.635728656125
1621768,17736.134210439326
1621894,36822.315367017945
1623426,20446.12575074134
1623806,26194.623704807997
1623832,27610.574877374595
1624383,11111.638618212692
1624403,10391.803570778276
1624758,11757.7569540957
1625052,18352.858704776067
1625268,11311.56223651574
1625801,48269.45593266067
1625837,23686.35812506737
1625884,58164.73603670619
1625986,11213.697880007188
1626198,9408.233672149578
1626256,97302.68017856704
1626306,41513.20872104436
1626410,56746.23995411585
1626411,61558.79295055594
1626437,90548.41329663106
1626439,60877.808066181606
1626511,30699.661250872257
1626583,56980.97576081409
1626611,45408.30831812478
1626691,29072.79446611912
1626737,28642.731818554726
1626741,33264.51747673041
1626745,21991.2008964747
1626805,75117.44684966985
1626839,27923.888563648743
1626925,49150.0411968051
1626926,37666.21772404456
1626981,29963.11274500564
1627044,24959.059530735733
1627045,26529.4283371082
1627169,22586.707445783875
1627204,19601.803784571464
1627269,21048.029568325404
1627551,34499.154245296384
1627651,22713.639594243486
1628094,26339.210504264785
1628145,11997.454168674472
1628195,13453.915375047414
1628287,20747.24768950763
1628592,88812.72371095349
1628645,82284.44111042556
1628674,34166.318001049964
1628723,94074.38912744127
1628753,83018.8776790696
1628881,68034.94911030245
1628928,74526.38586960544
1628942,92772.88566559595
1628982,43624.19619019862
1629009,63398.32970045076
1629143,51449.08502429378
1629384,43138.80874635774
1629402,55314.66753591666
1629709,18224.387092620476
1629822,80355.33536461144
1630052,46818.098959602015
1630073,52281.07368789258
1630116,60574.16790166686
1630282,57698.75398011036
1630584,73108.46376282333
1630643,22716.84917147763
1631184,13579.4502100213
1631906,18621.154216899937
1632739,17202.46661065818
1632817,20161.761872749063
1633006,16627.771126394684
1633187,14838.782242524969
1633408,8590.291815746474
1633663,19279.151197170824
1633896,53305.54385532429
1633922,16927.375723949088
1634064,10240.985714701768
1634207,20783.103792199538
1635255,46970.227903011895
1635836,16778.754936953206
1635868,95336.30977968677
1635988,15598.505318988924
1636050,14491.865639334534
1636095,21905.466588460265
1636145,19467.614542857875
1636227,14461.782962962208
1636607,14213.983027209137
1636625,15400.04623060964
1636806,13297.162621005533
1636834,15103.214354859496
1636863,14760.702703850073
1636871,24834.98185639103
1636880,20533.56961230457
1637030,16839.335554270034
1637132,13667.425175720631
1637343,16820.21652732444
1637541,21773.748180236045
1638295,18854.93880027496
1639108,25643.996168050064
1639278,21245.28493888648
1639487,70358.16545425013
1639590,27761.90611483628
1639616,36435.49643979431
1639646,38540.66346833452
1639664,63531.35053328897
1639842,26412.97100295932
1639845,39381.92234600875
1639887,39039.708257276114
1639906,39538.873600265135
1640213,22441.00124396555
1640220,26898.095404506723
1640241,23905.76963897149
1640507,29181.314379272688
1640508,32934.23317895389
1640524,75920.40822479216
1640546,84225.75622514953
1640561,101169.30983841266
1640750,13181.362306258738
1640853,29036.52989140521
1640965,25030.1151633087
1640973,30383.500663054645
1640999,29488.109216238627
1641203,24280.662477651247
1641205,28842.843205394507
1641223,28234.915675375687
1641265,61220.00356327154
1641314,29000.043171069578
1641488,29566.71730940494
1641613,38215.88055535479
1641788,27689.9494297717
1641848,43345.073203075626
1641886,39387.69786230798
1641889,19102.47537116676
1641892,30611.99591777865
1641930,48150.30585677182
1641983,26810.459294756365
1641996,29266.2429011199
1642067,25145.430854735387
1642347,25234.73759923164
1642353,21100.62829350187
1642566,19044.235794850545
1642624,30869.192109447074
1642861,36714.86857067933
1642996,21674.246114615256
1643052,44751.98213464202
1643065,24454.537897614755
1643300,28504.20266528052
1643302,27170.10365552752
1643387,26110.23172484788
1643401,27492.490472412865
1643469,25511.90175027025
1643471,27232.943982391203
1643515,25351.50774866671
1643589,24521.32195177778
1643661,25357.0097567268
1643695,25869.062264464115
1643714,24012.828476746745
1643725,25833.7007578459
1643764,28724.424361373018
1643770,27525.09073183067
1643874,23858.874486241108
1643922,50002.48146625454
1643938,29617.181935431905
1643945,24049.03795256328
1644017,27563.2244442162
1644067,26582.7552776394
1644175,27292.75793839137
1644455,19426.29057126571
1645082,35409.41144957805
1645186,37502.58307606359
1645222,92218.67184748572
1645318,32514.852362071288
1645319,41403.70029080501
1645327,37038.80772155574
1645372,21835.888418528844
1645377,23092.68593411778
1645404,37722.93316768058
1645412,72477.1846256592
1645476,57131.99704527586
1645522,28122.738966323523
1645526,38217.79632689668
1645539,20726.819072235827
1645550,39400.26823649472
1645565,45921.09291551601
1645573,57508.6699253157
1645863,18730.418519366933
1645866,51411.58712821564
1646639,11068.044411108856
1646705,14801.783337577996
1646709,16493.035440449836
1646978,15047.513970111138
1646983,14363.314350729515
1646992,14809.414233400232
1646998,15748.754000040632
1647347,11612.56966798219
1647356,14273.312795432668
1654432,18432.99404702728
1654436,14982.713367404796
1654446,13985.732472939126
1654608,10227.406248845922
1654618,40113.77589539653
1654619,36049.65960276818
1654825,10651.33710844704
1655145,12824.18982465478
1655470,8555.424365875097
1656122,16901.31808896986
1656164,12847.008767561274
1656235,17675.946766871595
1656242,18254.219827954505
1656246,13916.277707737318
1656257,10814.657028453545
1656267,15562.639526905556
1656297,11834.37371016168
1656612,27415.192515731585
1656672,24527.28251289972
1656839,9026.086204101804
1657102,27022.2761596472
1657121,15880.942802380774
1657130,17686.690296282195
1657131,12107.308274610754
1657137,14162.862774707755
1657367,31754.26293491062
1657511,22776.56714785902
1657541,25747.595424465377
1657612,22940.092095602125
1657614,20934.518082815768
1657698,15485.450302963018
1657863,18777.236876213334
1657868,13180.394994506869
1657910,43878.90810266362
1657925,42816.408915579545
1657932,57194.00847538537
1658146,27320.434997195556
1658156,32293.890610015784
1658165,50162.49048617456
1658168,33516.697499821545
1658175,31587.215148601837
1658180,33620.44709702162
1658183,46910.409993073394
1658185,51225.282687414125
1658186,41267.85120626555
1658192,44471.76828566542
1658197,41562.301777146255
1658201,41458.92345245662
1658212,41882.52778120869
1658221,47841.686098295744
1658241,49293.81126933176
1658242,36703.78533298424
1658249,55756.38193664688
1658254,32671.95389586199
1658256,38832.73358184245
1658259,24051.603381090543
1658260,24793.323431792614
1658267,24412.539775559195
1658434,10286.238931000184
1662703,17088.74018813033
1662710,15347.073456403548
1662797,11011.853540780376
1662817,9763.890948023369
1662843,17554.30289076214
1662975,10618.28375679099
1663148,9056.813963437957
1663353,16934.52336689341
1663380,19995.16316724892
1663441,12636.977409055706
1672244,13799.511713893147
1672542,9192.675874128288
1672669,23068.019665161533
1675634,9793.855896736415
1675656,12925.05795592775
1675659,12746.017075416868
1675696,14217.193808129692
1675757,28809.955636702754
1675795,15116.897524403928
1675804,12523.186924285024
1675833,13720.69359634414
1675840,15939.96304335645
1675841,15126.009170196394
1675842,15081.535769264614
1675879,12234.364221005311
1675901,12905.5230569743
1675919,11502.433283592603
1675926,19266.7250323295
1675930,17037.011009074304
1675931,19559.17682539556
1675939,15390.07748838436
1675948,16250.779091751114
1675958,12720.345841617363
1676049,19253.01149008284
1676071,20179.70348932121
1676238,23345.5453267696
1676246,16729.17244848167
1676249,14351.26688628702
1676261,26321.75291453949
1676277,28859.47024919744
1676280,23748.256754237485
1676299,27542.37014312616
1676319,22183.93156528195
1676405,11906.342074883209
1676671,9338.925453570318
1676696,10978.89920644656
1676703,10821.014912427778
1676851,11860.305310802756
1676902,13217.59159220806
1676933,10856.17507606025
1676951,10364.693545241214
1676996,10075.496501782498
1676998,12247.158206144202
1677007,13963.662291836905
1677008,13883.327733287086
1677028,12867.250626855806
1677045,11462.51985627728
1677109,8814.882205730715
1677178,12887.820338260664
1677263,11329.056002326646
1677290,19703.22318203371
1677514,9756.01194983314
1677598,28446.925150501054
1677668,16900.292649608848
1677726,20434.863972777683
1677733,17019.774376852743
1677784,17674.860376681274
1677792,16791.237828441044
1677899,9722.511799462289
1677901,10265.213174530629
1677902,11335.946010197413
1677915,9883.740568383666
1677919,8509.729483887771
1678001,13609.480928335535
1678008,10584.418264912018
1678029,11022.167444139344
1678033,13553.2438556759
1678041,14457.20225351039
1678049,11609.30890724011
1678095,10584.931648031856
1678215,28378.230296721747
1678287,11253.797278297568
1678494,11050.046444138176
1678524,12860.67539692341
1678594,61568.68010149653
1678669,54283.48043163702
1678686,71484.93307582234
1678706,11876.04436541852
1678740,8265.283477970821
1678760,57575.10507387909
1678771,34583.45018533424
1678783,25020.401591999565
1678790,31082.84916569116
1678975,62829.37656911378
1679212,100915.53049408636
1679316,13960.542202206656
1679344,9300.190762091555
1679358,13065.070425932205
1679418,10576.646034599178
1679442,12605.995889809856
1679496,8682.095627736435
1679512,16959.451289907054
1679525,10608.582942516015
1679594,8459.128924339311
1679616,8401.756061985809
1679673,9867.440841364938
1679677,10148.062157752816
1679678,10049.65077899774
1679693,9410.534987906593
1679698,9897.530145920246
1679761,11883.571270709344
1679762,11818.627173275112
1679769,12082.726406220569
1679776,14716.023338326331
1679995,15170.808644342897
1680018,16691.25070401084
1680068,19863.85790350859
1680102,17707.493277023357
1680135,15078.710126482016
1680193,18022.778493953625
1680216,18983.950353555512
1680254,69856.10120586114
1680257,69203.71808426242
1680289,81493.6278253909
1680312,46503.594142139125
1680346,12740.508831923114
1680414,8275.938858968475
1680421,21866.71520272173
1680613,24477.397124620515
1680634,23532.35177488444
1680636,12505.670270199576
1680657,26924.26165069748
1680660,26173.363494765348
1680866,27582.68157824554
1680937,21246.74022618288
1680979,21212.225630913566
1681023,22096.714095193725
1681094,21269.5864382796
1681120,25279.08596418176
1681122,21141.99982794368
1681188,28594.5423310539
1681204,22917.617058574742
1681216,21478.086140662224
1681220,23924.907417159317
1681242,27507.53618091444
1681251,20227.718441643563
1681269,23846.829096698133
1681271,25354.39239603102
1681289,23518.578057669023
1681298,31744.20044840204
1681313,24172.78042800608
1681314,22654.89681750831
1681325,27208.006453134847
1681328,25825.90028476388
1681365,25177.12312416185
1681383,28998.207757705528
1681410,22434.41992988229
1681418,25160.21333727057
1681435,21360.4549969633
1681450,22646.26283021574
1681468,24379.644961647067
1681481,20942.530159328413
1681503,19484.293329852462
1681520,20271.010686964182
1681523,27535.31931710597
1681526,21010.187057145875
1681543,29998.775920601245
1681551,25428.42300867949
1681574,26036.276499488275
1681597,25958.472879168403
1681624,23379.971945838926
1681627,24887.09192147102
1681629,18374.765341991573
1681654,23438.796602902625
1681681,20518.50386297213
1681713,20566.145860447585
1681720,23074.766642020262
1681769,24541.092572501675
1681776,24564.10559305597
1681792,22510.327643171087
1681795,24599.06582073029
1681806,25236.08030405815
1681809,20621.867201335048
1681819,24845.92685828083
1681827,20959.368650436987
1681828,22185.36971378663
1681831,25875.11648239051
1681842,25288.077364045355
1681849,23960.021520826645
1681851,23744.711483133644
1681891,25142.434375065262
1681896,25357.374559577776
1681899,24099.69230740792
1681900,28101.227086084797
1681923,20527.688987567253
1681930,19094.628443091908
1681933,30153.79872780924
1681952,22091.88246873941
1681954,34590.359541687765
1681959,28346.76098155891
1681980,24521.293906545998
1682008,17545.74243648649
1682046,38816.41747344288
1682052,24391.274548667698
1682054,24386.678741392065
1682063,23851.85985081991
1682066,32342.524788121187
1682338,30545.577476785107
1682381,13931.537574313235
1682410,19888.262074612336
1682443,29522.713125083348
1682450,10897.121440308969
1682491,14567.325813733196
1682527,17945.94629824201
1682535,42437.86600712515
1682539,37304.99301118212
1682543,29397.68646083863
1682578,23211.8554933736
1682579,40834.48599717384
1682619,43770.43466600478
1682621,30204.96044450854
1682710,31920.19681602421
1682745,25111.870892073028
1682750,17104.745139039656
1682818,21242.92985329516
1682869,25292.47196754453
1682880,24542.26048973737
1682918,36628.46242517298
1682952,20135.57628960401
1682966,23667.929799556587
1682967,46052.64334730333
1682976,28434.28074928859
1682991,21532.403953034973
1683093,26368.5391792076
1683121,39569.4755116384
1683150,33367.02601481116
1683168,29693.012516777693
1683192,23537.18285260792
1683216,26022.63589661501
1683231,29374.21390751531
1683234,40231.9590209827
1683250,38327.87441860716
1683347,18937.10400055637
1683351,24749.85104554493
1683356,38502.46315902227
1683363,26176.00372767053
1683377,31522.171849418024
1683393,22241.98323422245
1683467,71761.06775306942
1683544,29500.10928404087
1683545,23451.00088886359
1683587,27322.24567558134
1683589,25636.832754283667
1683622,36352.507587278495
1683665,48767.930932834446
1683685,32164.946752458985
1683712,40349.63466109013
1683735,42097.83891849366
1683765,28950.46494636073
1683775,46249.74322180985
1683782,44657.61472107321
1683785,31785.74383763502
1683872,33740.9895235533
1683937,38744.77283889562
1683986,70223.53286438243
1683991,35567.242166985554
1684023,28175.41781210701
1684037,46069.27025242914
1684065,41311.415194809815
1684077,39664.04646117104
1684083,50463.94302122378
1684093,60615.044525901125
1684131,62663.62413255439
1684151,30402.197592455457
1684229,49362.91260779422
1684231,51080.91281228801
1684317,39366.325715414656
1684331,40626.62871367097
1684332,38970.37678262286
1684346,36176.26522936507
1684406,46166.7632449576
1684407,45419.09473835644
1684418,83292.07496603827
1684432,55125.38733004572
1684436,38237.54751586194
1684442,22466.428568265324
1684470,36425.19230229539
1684496,33146.59570031128
1684573,33927.02702335875
1684589,14795.34523564743
1684760,42122.72399821435
1684770,31038.79626581451
1684773,22246.73704909778
1684775,28298.0945517512
1684937,57297.28336935712
1685038,36905.54707811055
1685043,34651.79727453548
1685045,21914.13299673648
1685055,23011.72996361965
1685070,23250.02420162761
1685074,79242.5013946592
1685111,73194.10237528422
1685167,16200.047940722432
1685186,26554.73985290564
1685208,31132.47888065164
1685312,46330.13051121152
1685397,36596.763969738415
1685400,18247.44482324132
1685443,34807.96435800425
1685476,43909.86452335226
1685479,39272.72241888843
1685485,32734.92649773715
1685540,100060.546600784
1685593,47724.39534238692
1685669,22642.75096162301
1685672,27360.553395346265
1685681,20872.59195579056
1685761,30636.21641906319
1685791,29818.97665304305
1685793,35527.4396008809
1685797,86742.75420191899
1685808,53625.99386418415
1685809,42253.5067764612
1685830,35684.83903717186
1685838,42169.92056409207
1685847,28308.4229339257
1685882,57711.10178260143
1685905,32743.44752176653
1685914,29672.764852099663
1685939,27952.88062117745
1685971,37259.871044738014
1685973,20002.460563245048
1685976,32835.3152176384
1686011,33799.43709010484
1686021,28588.027269895727
1686031,50280.78506794854
1686077,29682.32429733739
1686125,51923.24850053596
1686153,50413.12801932178
1686164,27046.753542110768
1686209,86715.56952399101
1686216,33630.543344331905
1686227,30737.687165494124
1686234,35898.78721456178
1686248,51552.29731281616
1686289,73387.43341962888
1686305,32141.163115343075
1686366,49096.66336143242
1686375,9817.922703976705
1686378,27384.875791682927
1686528,12234.633732134893
1686552,88596.21924454019
1686571,31149.44667394646
1686586,52851.6610203118
1686591,80813.02787544143
1686603,85250.54135713009
1686640,49937.05667530096
1686697,53498.585200885405
1686700,39235.32367121562
1686712,32421.06332445546
1686731,33355.46534163873
1686751,35284.9865246382
1686796,34868.51029112998
1686810,34967.858999701144
1686815,30469.39422108498
1686826,33974.56577154742
1686830,35597.35883299618
1686841,50779.500847528965
1686865,82128.9605883526
1686873,47739.51855120439
1686899,73861.85247345697
1686905,50556.24897000296
1686920,51195.1680762473
1686923,52129.81039844744
1686955,17249.508145170985
1686957,47801.34767741966
1686968,37127.61913951525
1687007,9647.363384777782
1687014,30820.6783346786
1687016,38759.10991195907
1687042,44784.28263484455
1687073,60598.24380854932
1687101,55943.49102258079
1687125,81028.9078624995
1687126,67587.44603834889
1687142,78308.58132436287
1687149,69626.62479291283
1687152,55396.09603666022
1687169,59214.69347789124
1687217,51515.11899526974
1687255,27674.45430139127
1687256,24600.319281523218
1687269,46982.5443488872
1687275,28667.581479485223
1687292,30069.498321703864
1687300,49802.15000001274
1687459,10071.780428643551
1687505,46976.711431360585
1687607,12437.472498941366
1687685,35465.77375062319
1687697,56841.3326214736
1687705,36494.36214760509
1687774,51236.95929723499
1687806,56151.095690453054
1687895,9759.851257830833
1687898,9799.72167515717
1687931,10785.642758745267
1687940,12518.772627657723
1688264,9072.248781760212
1688287,9933.114672916136
1688296,9853.625695848796
1688423,10610.22620332754
1688552,12949.787680840112
1688572,10732.906783589327
1688588,13983.247403970838
1688602,9568.128539492918
1688628,9886.001084666235
1688682,11211.994369668004
1688723,17533.166859397013
1688804,22530.56529015667
1688819,30334.32874165996
1688861,34962.84926744548
1688881,30168.00666591716
1688884,28990.47738288027
1688905,42813.37947155599
1688923,43739.879773106055
1688963,29109.87557177936
1688981,39506.05137183795
1688989,28922.554390643683
1689015,28361.921771308404
1689072,30990.852252068937
1689123,22166.00717280496
1689136,28388.501785920515
1689205,44205.71273691978
1689209,45885.607922356365
1689226,47380.28922773985
1689252,74360.02283298
1689296,37037.47835408847
1689332,79572.29221870538
1689342,65183.23841551137
1689373,70652.49379395094
1689402,25193.08954649448
1689412,29980.4294551903
1689420,40340.21290014048
1689453,47879.88337513919
1689477,48274.172097170376
1689479,71526.70911175822
1689522,20851.53355901453
1689537,69512.91573044939
1689554,74484.82040182038
1689568,68797.78388558648
1689619,9716.77361321912
1689637,29419.860903585723
1689645,44660.81744621079
1689666,30714.97696111512
1689674,40599.41464259992
1689683,50440.3364441057
1689686,38571.3795364065
1689734,11212.561332617302
1689739,12451.50024711061
1689759,10198.25155660998
1689770,13268.549357167532
1689811,36013.29041605606
1689820,73205.80968910293
1689884,10269.105654514504
1689904,33590.58898385744
1689922,15022.025686202824
1689949,24007.70732216374
1689980,85371.8666309134
1690033,9199.255321103305
1690049,13525.225893365005
1690060,9798.38187311662
1690094,9334.548501684494
1690110,14112.347040701234
1690111,12203.31019347935
1690115,30770.527927353894
1690128,13731.82737714667
1690159,23268.09138826348
1690211,40295.58630591725
1690232,33884.28081889754
1690233,23948.24885455479
1690240,20414.37986779708
1690263,23814.827135141564
1690266,22547.740592516297
1690303,13989.332269622391
1690345,28814.90353185285
1690346,30490.083681293232
1690347,55124.06795658871
1690349,23034.100057200943
1690380,22768.83422727444
1690383,90328.96004216166
1690392,25031.370558976952
1690399,75217.87403389183
1690401,24075.200739672156
1690404,38773.18167318398
1690410,20658.041765509737
1690412,75287.2483060389
1690417,106532.1541471031
1690464,23840.46471309161
1690467,22149.99838907382
1690490,21278.879858890406
1690492,22438.299937536955
1690495,26750.87761585679
1690497,23016.66860474496
1690505,22066.53487034406
1690520,28414.495778715635
1690525,23732.31912077122
1690529,21058.415456679977
1690549,88524.14236155813
1690554,72987.77739239784
1690556,19074.67133836062
1690569,25085.981612646687
1690580,37126.79264875435
1690590,29642.40449259546
1690597,23845.477668064443
1690600,21904.34708289052
1690628,20639.32219174746
1690637,14182.251174599083
1690675,26276.42305072944
1690678,31348.12314774327
1690692,23769.382182587226
1690721,25526.72473933237
1690757,91504.86799144186
1690781,22240.916658217844
1690782,21573.974712241317
1690789,12324.841349824756
1690806,72028.47611042185
1690812,68307.6529027524
1690822,68835.2335578361
1690823,18922.87559344893
1690828,54525.58234960011
1690831,72166.387016378
1690853,23041.677442772874
1690860,20591.24931405616
1690863,22213.66980462213
1690875,25215.056562439888
1690884,28042.872244124763
1690911,23516.35734790458
1690927,22723.051947626096
1690961,21329.97067344269
1690964,75253.7945946036
1690966,26742.494434615517
1691004,24902.34932092845
1691028,25019.314659978383
1691072,25727.963444174835
1691095,31658.00689366796
1691106,21775.78840239955
1691126,39812.98264525067
1691143,24374.023545748503
1691146,10074.283750861685
1691152,16333.314748446075
1691181,29346.27087367639
1691182,22256.692270961485
1691183,25462.459536272785
1691195,30122.90941715964
1691200,30598.9923721281
1691207,20826.60890452524
1691212,22594.91049168834
1691227,19729.3735543846
1691287,88941.60770381472
1691290,81326.72803120609
1691305,18658.635438896818
1691329,20968.94945016696
1691340,36291.5965081419
1691342,27252.61060779581
1691347,28659.50313112243
1691351,27086.130937664457
1691355,63515.06492030472
1691356,22111.80421784276
1691405,33950.325371648214
1691409,16194.56520470327
1691410,29539.02306711541
1691411,23874.06294379143
1691444,18142.84328854581
1691457,29639.882757328345
1691488,26405.9725052462
1691489,19298.898958898968
1691507,22704.799369326254
1691518,26712.711293701374
1691530,29407.767244931398
1691549,11724.808141146405
1691550,12569.761568920894
1691554,9355.379124525913
1691563,33750.154472119015
1691625,73870.74935669132
1691626,70719.38484531823
1691667,52711.89221078925
1691676,73400.86759820071
1691681,98519.11476176733
1691693,28832.761244707628
1691710,26494.496671176385
1691747,38693.9474207121
1691770,33678.936388900096
1691771,41354.77972863236
1691794,32141.39930728677
1691797,34438.18132012656
1691806,42619.380953680135
1691807,29157.54866844718
1691813,39236.551426016944
1691819,37392.35776975757
1691836,46050.160467434085
1691844,43278.0854120318
1691852,51838.43148494554
1691863,39620.73749991688
1691868,33574.559673236785
1691877,31687.421680929485
1691883,42530.42320519751
1691896,48244.98751761817
1691906,37885.13835749125
1691927,38199.87760930807
1691992,51296.94845102247
1692007,19413.821188854337
1692016,31953.11297118242
1692031,32261.769521854625
1692037,51446.93477029359
1692042,41836.38541958102
1692044,22248.516195091182
1692071,20238.90820232894
1692129,47747.585807441545
1692138,24222.21426101557
1692149,34280.35409704143
1692159,37097.70378348789
1692175,32276.99340140976
1692200,49359.45993324506
1692212,35623.13755388736
1692242,61922.00795604048
1692251,42227.45551463629
1692261,58519.87869674986
1692337,8399.46634580101
1692347,31702.76964580184
1692388,11528.661046828029
1692441,37949.85093134584
1692444,75519.27310342476
1692467,36403.72958473458
1692470,36784.18043783095
1692472,42863.568867473645
1692502,10954.180222808644
1692506,19612.76545423153
1692533,99099.78264315212
1692544,88039.45692076783
1692575,45352.47104061438
1692580,48646.96611363074
1692581,64072.49161097809
1692596,28677.995769262605
1692623,37037.577609914566
1692663,33776.17941954378
1692793,10618.64776398463
1692800,49300.58731465323
1692880,37358.50724590685
1692892,44274.665552963816
1692901,73115.0511646843
1692944,53001.95666666874
1692950,59177.895908148006
1692960,62753.6248388417
1692962,30966.195138587773
1692971,79263.64554966817
1692998,78299.40629707475
1693002,76987.83717573003
1693067,21990.414378635774
1693088,32697.7259019988
1693089,31632.4498713479
1693110,39392.43602101811
1693113,37945.89411549055
1693136,60277.24238599524
1693139,40210.233123621176
1693214,29763.151942138527
1693438,18723.537207090063
1693451,60310.67898093005
1693485,28778.90398905681
1693520,11994.583326519893
1693521,21491.79473639279
1693543,9388.805950687676
1693644,10467.102874737018
1693736,14710.532039597643
1697786,21713.52158392352
1697804,29728.79700694157
1697818,37373.39597489366
1697855,22240.773051810032
1697862,25327.84990885818
1697899,28221.814397768856
1697903,45255.50550824015
1697933,26892.37030053555
1697937,31603.322611344287
1697945,20989.83529323195
1697946,18505.24841991609
1697954,28086.923333686704
1697966,22926.559438576496
1697980,21699.83932630187
1698123,21157.37212834251
1698156,24977.709434255405
1698171,16845.717580381996
1698176,32273.64150738195
1698195,32348.847794220022
1698225,17248.13731015644
1698314,19884.901669082443
1698341,25421.424068443437
1698424,42774.03722767022
1698439,30146.93487189572
1698475,62001.13250676264
1698487,24963.056891947672
1698508,28321.94840285658
1698530,34120.458118574985
1698535,41981.90193056843
1698685,20168.874219697354
1698691,20478.196125227307
1698706,41900.89233402453
1698713,20002.65032057371
1698714,19355.263978140694
1698942,62577.49781752544
1698987,65851.39227303321
1699027,63299.00211584807
1699060,17715.44024835083
1699204,79910.5758673177
1699288,18966.32335826812
1699292,26788.019962921564
1699299,19413.153432437022
1705457,23060.15758017572
1705487,16219.26241029159
1705495,10794.61747204444
1705551,14905.366754486622
1705566,12637.24350370639
1705580,16245.273197302748
1706357,30475.462536896157
1706372,33493.588561518554
1706381,31126.961514236555
1706383,31814.44259474816
1706387,32259.878520475275
1706391,45994.848721874725
1706401,44960.74908864121
1706408,38396.93728532274
1706432,31809.445053395862
1706632,39628.88950781111
1706789,12765.290686433924
1706814,40631.50234916476
1706879,44982.37926513419
1707236,57590.60049798078
1707254,61449.92894442526
1707258,64595.18292089107
1709404,37551.58972900093
1709426,24540.23210997067
1709480,49247.353299528295
1711213,19923.987222175136
1711523,19578.963406330484
1711986,39721.20137230936
1711987,37202.44425698674
1712001,32171.25960265084
1712039,45807.80914196613
1712054,42555.08619359245
1712056,44042.63556741225
1712076,42462.97204537038
1712083,63092.55863102272
1712085,40480.89059468318
1712110,39681.740100046925
1712111,40158.12181749092
1712118,31700.145132837108
1712127,29083.88243776788
1712133,30354.76895459036
1712156,35299.318447672595
1712247,38513.028993254935
1712248,34285.15300925502
1712284,65373.56271812934
1712528,28570.30702195097
1712574,24079.65200254418
1712575,22414.124839333537
1713116,8827.830084721598
1713538,22668.8270361178
1713887,25218.24214221646
1713913,21066.47182963885
1713938,15804.320214795993
1714027,15655.951718716433
1714036,17609.931882190653
1714038,21298.255125979125
1714043,21521.8768165224
1716889,25320.88658085398
1716906,45351.55578401577
1717282,32623.91743959258
1717357,9301.135573868838
1717440,22508.11456995254
1717463,32362.31371553968
1717520,66335.67949268066
1717573,31069.350559293787
1717587,22542.14447391739
1717822,26946.23298438303
1717839,31736.66483838532
1717867,30987.583179696197
1718155,24189.280366889183
1718160,27977.21474568885
1718162,36412.40770061214
1718186,32053.169993548887
1718188,36804.839759756185
1718202,38220.36630326875
1718236,49246.67645944488
1718239,58325.2171064217
1718244,61714.28202537468
1718246,43032.95586065447
1718264,71032.0988447862
1718343,15662.456899816292
1718417,14750.052697419938
1718532,8598.535320160103
1718535,30684.344499404517
1718600,9585.361283522328
1718644,10288.840384365974
1718672,33874.736870994224
1718678,14194.155774662768
1718693,10202.084120778069
1718873,70711.08958389671
1718898,55200.05600134312
1718899,50381.70310208783
1718908,79293.61562333758
1718911,39845.945847397365
1718929,59488.94385033577
1718942,23157.553504703712
1718960,12214.382363775669
1718989,12636.042655492029
1719518,89366.15643822376
1719539,40123.054558578966
1719548,49502.55249449852
1719567,32533.21728921506
1719574,22102.38641364627
1719576,31342.424740011305
1719616,34465.43990353272
1719617,83088.61739773377
1719620,41921.42394422821
1719627,42954.372915275824
1719636,71892.41239930753
1719650,47616.67477063653
1719653,51244.27648852176
1719674,71484.7153717383
1719682,80448.57742006722
1719687,71838.66386110775
1719708,74191.1255982026
1719715,34954.50493422373
1719717,48453.65635806415
1719722,52114.97679708153
1719733,14743.052623782169
1719781,27823.85325831533
1719803,20420.117582202467
1719918,45790.59819569588
1719946,19239.277378720104
1719958,17000.090005829246
1719959,18664.772124681367
1719964,12665.560129702182
1719986,19040.74834944058
1719987,22796.42623736453
1719988,22427.348392079955
1720001,17454.957826842066
1720003,18513.515189881786
1720008,20239.339917721474
1720060,20912.83851994108
1720159,13317.078829609629
1720181,15612.70907082787
1720243,20394.699617038685
1720245,19704.58052188538
1720266,12281.27166320328
1720450,22186.332409867653
1720633,15231.57353183491
1720639,11980.537579603775
1720646,15380.63390409742
1720649,9930.598253694168
1720677,9931.507096476507
1720765,10084.368689986017
1720836,12598.589278961996
1720837,12594.248336234685
1720984,16510.614635157617
1721290,49359.47711543941
1721365,34812.87807431209
1721372,26932.047323141363
1721403,35030.13557818963
1721412,34137.05084763959
1721444,64779.97285729277
1721477,22730.469730747525
1721485,44259.86582599244
1721490,35891.385761416735
1721491,27189.46751780265
1721496,29524.031343630533
1721503,37293.1680420936
1721510,48720.89681342749
1721513,52346.23333576679
1721516,38506.34024281608
1721552,64865.95048713351
1721562,66605.57224365155
1721565,96832.99607381129
1721581,51080.74694046708
1721584,81116.86986329267
1721615,71622.35845917769
1721617,70758.24801849746
1721624,66355.24357366384
1721675,72055.24471172085
1721682,58586.923168785055
1721684,43307.85646571847
1721728,42741.67759937853
1721733,67255.50573852636
1721737,40543.26858002492
1721746,105352.75963084692
1721753,31418.505490345677
1721756,42175.93703108806
1721758,20321.712896454017
1721761,37575.789607504455
1721764,29827.52879512768
1721788,47634.664596908464
1721852,59577.94650889408
1721857,22025.312904694085
1721863,24979.405804626706
1721879,16644.39514140514
1721912,31742.99687407967
1721938,37751.735976200274
1721941,23604.9293434522
1722007,40757.20526844647
1722033,67124.48234631337
1722038,45654.49757704586
1722039,40625.21914854807
1722059,14533.128052664426
1722064,36253.8688715948
1722072,23697.776192161004
1722100,30589.04925534394
1722101,24749.923258015275
1722131,25403.462776562323
1722135,27136.80365478446
1722203,22316.532037842724
1722207,22639.13841783545
1722317,11388.910456954172
1722369,9811.834579515966
1722387,9741.384358649364
1722459,62365.5116071551
1722464,23166.71461172766
1722469,62552.10093600039
1722491,84194.48311574156
1722494,30398.12610656443
1722495,40261.59959153113
1722507,44743.362941077416
1722515,38825.31223495255
1722521,46575.41365155664
1722530,54600.833161783936
1722558,40805.59847000029
1722562,38084.68321295206
1722567,14007.548852784552
1722572,16909.595574755906
1722601,25616.306792834013
1722617,23810.0434297946
1722622,29757.275338289823
1722633,29924.76979323596
1722635,33850.02887157397
1722637,36865.65706542268
1722638,36325.59782225043
1722655,21666.402629185806
1722657,33183.41263707713
1722660,25831.781069280285
1722662,27621.42611614168
1722665,23597.58422725232
1722691,28834.77532563073
1722703,27701.77131222884
1722708,24779.13923459845
1722709,21773.347385596117
1722714,22889.446801996783
1722911,25199.73619941161
1722920,18184.986399923306
1722938,18360.744802716268
1722942,17945.20063020933
1722958,18595.045945882142
1722976,15821.274782629644
1722988,11377.54421147528
1723033,18304.07700309436
1723046,17119.094075498986
1723057,43617.33173614596
1723061,22107.43556422781
1723063,27943.307058373604
1723068,30830.87497497638
1723070,19481.03897454381
1723072,22752.47209008225
1723077,21478.310065914717
1723080,13893.539405538855
1723090,24283.42765933959
1723093,29406.58990506319
1723117,38252.51656264541
1723120,23085.63256557725
1723127,26746.57077319327
1723143,26843.603044755622
1723162,25361.33421312562
1723173,22783.514099833494
1723181,28365.450337525133
1723195,26799.355680252866
1723199,26748.020162632783
1723213,15671.298526997063
1723216,29064.815892273487
1723232,13938.838839471076
1723238,20557.769930421666
1723241,29780.09825426095
1723261,41699.74412766159
1723294,29104.804895570367
1723323,68092.94345670173
1723401,25427.004420997386
1723406,24620.75890738085
1723412,34714.772058904535
1723418,33007.14890469608
1723420,33828.27816665749
1723427,45499.09194691038
1723438,58199.589643584855
1723450,48734.442773012495
1723451,28905.89309131305
1723452,62931.72632106132
1723468,69377.16847380002
1723503,38256.94751055367
1723507,68354.130428087
1723518,39552.15087641823
1723525,58808.14764424248
1723564,53107.958759467285
1723677,61598.80231923409
1723734,41748.60107853698
1723751,35731.6397058158
1723753,25779.28026887985
1723755,55627.04740763232
1723762,54729.51777937308
1723772,70162.63936555164
1723782,32684.90656065247
1723868,28972.49060113137
1723871,26617.081168086195
1723907,29593.07431539909
1724043,23584.70228573983
1724120,27352.85805452569
1724217,22403.541388910915
1724259,25434.21253617232
1724319,44503.75797431355
1724336,46672.242176063024
1724362,23101.77013529578
1724385,19318.97609363276
1724430,13102.118434931255
1724462,13144.913899550822
1724506,16220.94647175626
1724532,14210.757043740206
1724542,17428.290966002376
1724557,15658.959085753397
1724560,15460.312327740172
1724562,14100.670776618366
1724580,23570.077967515877
1724581,21519.29450945199
1724599,37334.69571299343
1724617,43437.18287866309
1724626,79050.02152081794
1724630,70916.77802914983
1724648,71782.73577985264
1724689,43623.1389179328
1724705,66085.3096002079
1724706,47111.04836406231
1724710,75533.62340877864
1724722,12531.575056438567
1724777,39717.22665447838
1724780,17337.257946254336
1724871,61470.49027494433
1724872,26951.967639828334
1724918,34269.86743766535
1724952,29600.856431938304
1724970,62884.343846866126
1724973,84712.82764908123
1724992,21601.445543701
1724993,22007.967558838583
1725003,41989.22419454512
1725095,16786.321238238306
1725150,39921.9470451446
1725496,14642.723625270472
1725582,21591.271713098235
1725650,21612.79006880169
1725885,16992.492123107193
1725887,20434.44452493949
1725888,27231.407582930657
1726196,20372.832906640186
1726309,27756.10567320765
1726383,26495.27410259384
1726690,31673.62445715628
1726735,20807.86756009141
1726736,19210.136452993087
1726738,18111.319829662767
1726763,26287.08853509216
1726778,20954.68906043588
1726829,29309.70662096509
1727014,28574.17598080022
1727314,36383.41428541424
1727347,29012.603406387992
1727407,30766.36608686641
1727660,17290.606596630234
1727731,22221.13132306377
1727753,16450.566934850678
1727782,14970.00017676102
1727951,48126.475322176666
1727992,57065.574127421394
1728006,17029.43082068536
1728468,54823.61781832777
1728806,45557.96036124016
1728850,19327.268968994103
1728860,34893.857724641806
1729173,41055.01930471748
1729174,46484.74098070435
1729389,26315.926133377096
1729482,63566.17465911251
1729509,52321.96874377776
1729515,56387.43944737926
1729805,37185.92727473193
1729832,129186.67587159836
1729994,39718.52286442889
1730147,10414.883917380615
1730215,13872.702211734517
1730445,63455.06268697678
1730541,73490.5326909097
1730644,34945.54150719438
1730726,11317.293347890582
1730912,30719.65974944144
1730928,56821.07480351564
1730996,52958.1771692145
1731031,10554.46639149644
1731071,51298.7538272749
1731098,17093.481699648444
1731420,19911.91678199186
1731427,10548.727507700052
1731481,9860.82568664038
1731521,22836.021198190472
1731528,13887.403952258575
1731529,23408.10167670508
1731637,13235.622175908447
1731724,9598.754214321956
1731809,19248.143403678205
1731861,51674.18967424161
1731887,51011.94192794562
1731902,11144.365318204436
1731908,10641.557578368487
1731917,10667.159790475893
1731918,10077.142888636885
1732068,21200.548145555134
1732175,12170.04393296844
1732177,20487.153267207173
1732244,29827.557309845884
1732274,58000.97989590964
1732317,52787.28540111052
1732333,30084.44785866642
1732365,16950.117389824132
1732415,29759.32660269879
1732423,16752.537769130933
1732548,17408.62372374276
1732592,18471.695047052886
1732717,10417.921842997705
1732790,10894.51496050036
1732823,10475.673907001084
1732856,22690.5575254592
1732976,30126.18168805445
1733032,15073.554741100794
1733033,11577.61554599406
1733038,10304.178875050253
1733048,34724.19617535094
1733050,10734.487206797005
1733076,34559.84704085211
1733130,26263.45287970097
1733178,10575.361082153562
1733193,14269.840862123465
1733363,10260.779822853328
1733372,40499.85494342906
1733382,10609.958481182584
1733412,24720.478109981013
1733513,43779.25913962224
1733549,55853.69645387822
1733556,20575.409707970368
1733559,10613.45784225454
1733562,35049.40663260399
1733583,9792.59736895671
1733601,44797.48119125974
1733664,16946.647602162746
1733678,11173.000297785378
1733691,16611.062256942547
1733699,10190.873233698072
1733703,9565.181624793378
1733710,60296.327823257954
1733716,16262.297156148818
1733733,10639.780501074423
1733839,9427.027923645684
1733856,25978.680926906345
1733896,17767.119695893773
1733921,14798.156238301077
1733953,14529.922702448835
1734008,9683.897365160405
1734054,45473.7869153319
1734120,8990.651998617666
1734317,24996.1890563034
1734331,10594.500695072247
1734349,63871.44049007048
1734355,8684.137224872444
1734455,56854.49723067449
1734457,37177.57812685174
1734595,46537.57839993816
1734660,13777.219620966896
1734726,31182.093829319885
1734840,42751.800407721086
1734857,12283.335565505402
1734860,8643.92803680454
1734917,12710.074334773131
1735446,16493.081901616857
1735515,29508.08090717879
1735648,13700.158101850951
1735693,14464.81107630056
1735729,17551.37002977969
1735777,21357.874856407183
1735850,10225.73618580084
1735851,11398.483845907664
1736074,26790.80546480464
1736197,36207.61440149525
1736235,39210.24425109944
1736256,15823.884726506494
1736327,11574.10102566357
1736464,81015.82342736557
1736497,20344.09851380172
1736498,55771.425256940536
1736665,68999.27808853862
1736741,43212.58230842479
1736754,42520.10463655695
1736824,83466.06785796057
1736850,24777.34450521117
1736851,96542.5414797329
1737070,17147.10555669114
1737204,21564.679764676905
1737363,20267.63179136515
1737366,21993.633647445626
1737456,20187.28570943596
1737485,24484.77360723408
1737554,54490.834460424034
1737684,22105.49559191164
1737735,13878.75684232964
1737746,21503.38736166641
1737773,14020.4430486084
1737803,31413.9741037698
1737814,19349.21208634058
1737832,20364.363676745856
1737895,13390.224070407095
1737922,38759.99388269021
1737994,25222.706557882782
1738084,34530.44762347681
1738164,27769.6605712051
1738178,27370.358464433237
1738261,33062.34159801925
1738288,31021.60335415561
1738351,16484.936689322454
1738352,15545.30515443371
1738363,19984.24680734545
1738377,10284.787989377905
1738424,21290.155174522853
1738445,51230.28078793288
1738526,23591.494766084008
1738539,31987.827690483788
1738579,19380.53241929757
1738635,25832.2358479351
1738651,15331.128228567242
1738657,14687.719691072964
1738683,12450.377005598077
1738713,27438.079971596373
1738733,38133.07012197268
1738777,28424.41851068949
1738840,44367.59588975356
1738887,18253.20958336204
1738893,26148.789229385107
1738898,23073.404854959463
1738902,28482.87129764776
1738905,22538.10595217246
1738943,23009.565337600998
1738949,19523.6414047176
1738950,19550.84654803062
1739001,53157.6697150183
1739029,22898.929105548425
1739049,10550.418044918764
1739112,25158.288280602424
1739125,23094.712294704543
1739173,18096.028855324163
1739209,14908.866084789051
1739216,14167.034861597582
1739224,28377.15458739865
1739232,21606.296094993504
1739243,18239.374119886124
1739316,14242.795043184413
1739343,9768.494339404162
1739373,12819.410097131447
1739385,15705.997535648768
1739425,30853.78557408688
1739475,12024.016994435826
1739553,26932.72941592251
1739559,13656.29615091698
1739577,105386.92113936789
1739619,24778.669870382462
1739830,31885.545173821345
1739984,28941.829486514114
1740016,80768.99048518196
1740104,30652.584458156973
1740126,18187.146911875338
1740215,28100.00325187733
1740268,11327.604842039294
1740269,12880.55051724385
1740273,28714.194186412475
1740368,18671.973492647405
1740391,27973.10991043601
1740400,10232.205872760229
1740507,30814.93589157757
1740558,48400.87844170404
1740681,25686.17289447758
1740956,29403.837487971366
1741020,12878.21344426878
1741026,49923.0708012101
1741034,23422.5000871508
1741103,10392.578323087746
1741307,71480.62184684703
1741595,23719.56708111976
1741751,14974.619440854058
1741770,49927.07507975434
1741808,34672.0704022906
1741866,15863.175173854852
1741867,10548.027770428347
1741870,39418.44719159267
1741894,43416.71082472426
1741895,32354.41869725308
1742113,28376.936720313937
1742350,30848.077557320044
1742357,21720.513468142937
1742418,69982.27198506882
1742423,71634.79513648107
1742595,26969.49412242896
1742622,21504.741490000244
1742686,20263.200344300876
1742970,16179.653410056057
1743161,11760.25615269712
1743341,10832.553124784246
1743395,26936.65078699295
1743480,22178.915151396825
1743559,21367.583846953767
1743730,14002.015082822409
1743779,25083.23143132045
1743804,40457.85222631936
1743814,24234.05258966592
1743830,80718.25050644742
1743866,37966.25585691139
1744122,28628.60438607903
1744123,24495.498189482416
1744133,30197.25427129341
1744156,23787.32907447206
1744202,10403.59784935323
1744354,26699.758928973777
1744380,19741.286354412565
1744396,42132.50487208014
1744410,10803.732576356211
1744411,10579.014578040147
1744414,23308.687373051504
1744426,44135.7602455586
1744506,12906.36164103964
1744548,21107.809959521284
1744623,51512.97441908396
1744625,80140.36132784863
1744808,11618.480798362658
1744831,48545.459333923456
1744959,22034.16343901698
1745006,26473.55185479534
1745138,8963.36301314475
1745183,16333.91894192608
1745189,13572.090679698398
1745273,9611.189217852165
1745281,12171.79878203586
1745305,15321.88755439444
1745340,8458.09793807405
1745343,9046.60719318451
1745459,21334.62027842519
1745492,8787.024316640653
1745563,9247.845613544445
1745583,8314.96493228525
1745653,12059.35080610588
1745663,16978.249042356147
1745664,20466.23086455412
1745683,16064.981181894273
1745684,16214.396237147286
1745713,23457.07709755083
1745733,11973.745109254076
1745819,23342.126813355728
1745836,77885.89852187791
1746022,24878.53878209112
1746025,30530.49688557474
1746032,21731.74333377906
1746121,23509.58475662972
1746125,29391.800848860275
1746149,30149.404318975056
1746153,23047.09282348464
1746273,26874.95063432108
1746286,103169.5941118097
1746540,25212.74083626957
1746627,11307.6976561757
1746673,10076.46204232427
1746710,17569.8653339246
1746763,16967.171569510872
1746872,9832.044561820236
1746877,9130.598595454749
1746878,24501.841889775194
1746897,9380.57160608964
1746943,42306.71723961739
1747037,12443.326446090654
1747211,31817.259932497494
1748133,30063.44104457164
1748198,27432.016611723306
1748289,23485.64957196122
1748386,26483.149356625392
1748431,14079.673106673465
1748873,30090.22701778397
1748899,17539.820360553047
1749015,32784.84217178206
1749095,18568.7846890567
1749123,28363.924035280485
1749146,18901.37075073031
1749186,18471.79728257704
1749261,17129.517179734736
1749371,19523.871684643265
1749457,19303.094734720085
1749458,24369.46613825125
1749461,20870.136746235738
1749633,18782.25326529247
1749879,26955.73566526579
1750071,45308.47974639089
1750077,36793.37273762637
1750114,18276.196510653783
1750154,26276.27819152063
1750155,43271.63783875093
1750181,25180.57161379865
1750196,35506.709439941544
1750243,26343.513080148063
1750257,23612.44054132306
1750318,36970.3039551885
1750364,13451.645346075731
1750488,19097.63901337596
1750552,25371.14362762649
1750557,27346.20870223969
1750564,36917.33909624127
1750610,23948.014950400186
1750639,28736.461823285197
1750693,19964.081561187093
1750841,25958.830561160736
1750869,28096.18821637341
1751080,17557.178229163037
1751319,9350.248952032329
1751406,19475.28013336273
1751478,31286.811006033407
1751576,27163.64222541486
1751595,28012.449013875896
1751608,109618.3542179388
1751704,25796.11837606834
1751714,33400.25502733818
1751735,20738.44127984073
1751832,17420.148466461585
1751833,14696.883804743504
1751866,54213.14272171704
1751942,39905.083488414646
1752005,32355.921833336022
1752052,47780.58009019328
1752142,18658.83242391353
1752148,21242.812188033604
1752171,42375.12559992382
1752308,23917.06724854952
1752310,23830.73773065599
1752321,14457.426057213614
1752409,33235.72619938781
1752510,25879.696734112127
1752654,28350.83783248877
1752671,52660.58923226921
1752674,52641.73102830746
1752854,10360.721187838417
1752874,25396.375561129564
1752887,37193.16573481566
1752903,32813.51326685089
1752958,18756.17296486089
1752959,20002.49495481272
1752964,32579.6133021835
1752973,19360.92764512824
1752992,15797.00992059822
1752994,26633.105172124677
1753159,35122.224242945376
1753216,33707.73905737844
1753220,18120.401292984163
1753250,16682.503151129105
1753291,28253.99079885315
1753295,24190.7669580806
1753307,9860.497170756336
1753318,39580.72362452715
1753394,32775.42574336855
1753401,22506.844637965365
1753408,44832.623750484265
1753586,12424.558726828403
1753625,18654.76352261396
1753661,36423.41533612143
1753691,31441.4297909591
1753782,23656.21325046025
1753793,30372.17375222787
1753953,14556.153395936435
1754024,9326.53767669488
1754027,9043.838633177464
1754205,12684.255253484172
1754404,16717.19878460038
1754565,14356.562207839444
1754577,36805.0115730361
1754659,15156.000069264352
1754672,36907.43847313849
1755079,26086.0749810251
1755512,44221.110532718725
1755540,19121.838379197783
1755946,47118.06796290114
1756185,16798.53184468169
1756479,56511.5769008279
1756505,49260.23427012365
1756817,24267.829421322014
1756824,27677.48674330073
1756839,54894.81004236382
1756933,18266.746773259103
1756992,16124.03204543272
1757003,9997.680915687291
1757034,99578.44605343428
1757264,65785.50379384408
1757365,16349.485194568377
1757688,46354.53678794043
1757782,26922.538799390204
1757810,22210.53143126537
1757841,15363.90667802699
1758062,24904.759703925574
1758121,39473.72511014541
1758137,24391.81850124504
1758138,17685.51345816117
1758266,44425.1400908159
1758733,19469.74620710999
1758768,14322.303919685848
1758853,16441.346047399133
1758874,21731.356302285945
1758950,42863.8050839445
1759103,15622.56741217758
1759628,9044.38283195952
1759646,27077.970597603417
1759697,17293.079573299918
1759714,18629.133102287746
1759806,61296.41799934197
1759963,45103.33595692009
1760109,78425.87701111568
1760126,50933.00450674381
1760146,70054.43396721446
1760177,65818.99205824421
1760549,17686.209690598043
1760593,14635.066137109085
1760598,11779.35130383166
1760633,53208.94675074743
1760666,44567.05027510403
1760870,34444.42101075399
1760926,54001.98300724543
1760952,11503.542339432415
1761063,24252.0731641705
1761126,10327.395085375205
1761203,11370.240275105776
1761207,12862.27542159292
1761210,96153.00657526618
1761211,10621.48582578409
1761274,26073.79402307015
1761317,55564.79477141118
1761367,17994.33822385632
1761398,11994.171070994422
1761410,77860.48335996346
1761411,15313.935572166723
1761414,16597.76570878033
1761416,22032.91560236328
1761428,39718.7289265469
1761430,8277.132557993118
1761432,10654.28917205478
1761463,54897.28518359466
1761471,11177.651204630389
1761503,41594.268907981554
1761516,35090.80186323659
1761522,55653.37776844788
1761531,51361.12721788151
1761561,15299.281766174536
1761568,46287.56473308752
1761619,54178.70194366068
1761629,34432.92916396425
1761659,59469.54707161081
1761670,17970.714474868408
1761696,8490.072139331452
1761716,41546.34759498341
1761733,17101.13238496654
1761761,36182.89613913112
1761919,16286.105840354425
1762040,10461.594547158264
1762107,81607.0609993614
1762375,43961.91874301364
1762395,19859.98270928881
1762403,76504.3965749738
1762404,27254.23596649996
1762418,15859.31358595473
1762422,46622.835688078165
1762457,50380.43904380194
1762469,19308.50201363294
1762556,31693.19363715628
1762929,46228.0155819904
1763026,28795.269868957934
1763810,22855.337947803662
1764415,44601.62035314253
1764423,47838.25312891538
1764432,38075.775529311344
1764436,23667.99107710654
1764439,20243.793752896927
1764441,22966.14373467263
1764499,98377.75776817724
1764503,23077.0120241639
1764515,14445.2397927107
1764544,35583.13793871757
1764575,18767.346829771865
1764604,59390.228510427085
1764617,30035.684289979617
1764621,51281.59795626221
1764626,42069.89728369128
1764631,40587.27700386512
1764676,57197.799299223225
1764955,20531.94403125289
1765377,85013.42371094685
1765454,35022.2658864963
1765853,21860.61242590566
1765946,19462.60355277933
1766051,26839.419187346983
1766052,65268.52124979928
1766060,20693.894696612304
1766061,59317.5869462333
1766203,22490.445769016485
1766213,25056.5980186532
1766271,18120.68180355008
1766300,25633.236262883325
1766329,29639.9953668274
1766334,54302.12210986199
1766411,23497.733367116914
1766482,28725.28951521497
1766485,19813.169798859613
1766501,24119.559506414127
1766520,42552.54828601926
1766524,31984.864010690795
1766537,21108.862095122036
1766549,32567.460041628958
1766550,22689.463040877963
1766562,62406.19388636251
1766563,30814.88914862612
1766599,61565.91373159403
1766600,53409.19483714608
1766608,19518.411101674108
1766632,86642.61025471285
1766645,18556.858447204737
1766648,27803.2578148508
1766658,60704.65503361137
1766662,21358.382405181037
1766675,98860.49547581316
1766677,68677.9712134846
1766741,54077.0278018401
1766753,33067.46140371094
1766775,27465.66872288365
1766792,35870.25310773053
1766811,23101.490267994763
1766820,41840.86687483015
1766836,34236.26972571574
1766846,65526.49534362479
1766852,22552.29356998532
1766858,33687.90823785639
1766874,37592.04974612006
1766888,32170.67598364938
1766889,29201.19172671553
1766894,24995.8625715901
1766903,67261.9343611899
1766929,32203.464383962757
1766934,76431.73673272488
1766974,25630.668444868064
1766984,31947.401806082784
1767011,26413.847791869837
1767058,34467.051031937226
1767065,30059.292132030445
1767148,65957.25549839626
1767159,27093.48052184241
1767161,29728.24600949216
1767162,28497.62172829184
1767178,34368.009442237875
1767179,35685.90453005332
1767185,74358.34529734851
1767216,26676.266228108965
1767449,41430.69955401534
1767478,44163.8344066902
1767845,70134.19329149535
1767937,45413.49324848291
1767941,45179.506521022086
1767976,39270.28008545315
1767979,43221.11703567947
1768017,41945.32582023306
1768036,53940.218459037416
1768041,34451.56827846267
1768046,72661.95193059003
1768067,55536.62088977863
1768085,34287.97025980479
1768112,50847.72064504159
1768116,48265.18832683535
1768175,48054.6549631239
1768219,41851.00215475133
1768231,57021.90798405027
1768271,68118.00340263238
1768292,38833.55678287422
1768320,45345.91114336717
1768327,41423.173733610005
1768378,84251.67978632299
1768391,55253.55520417143
1768462,74628.15046164379
1768471,61076.0925817977
1768500,27214.266606128644
1768525,60846.19250013822
1768539,58858.40235116823
1768576,69622.27009885339
1768644,52054.82254039191
1768646,37455.44161387376
1768658,69106.93591639539
1768667,17624.028389058607
1768688,54801.76223405349
1768697,43041.10472813577
1768722,52048.882689127575
1768764,50269.60900695633
1768782,58778.73409932356
1768787,30145.893835531515
1768827,63198.65706761681
1768936,39079.760106256464
1768938,70931.57119124691
1768969,74112.54805182663
1768981,47803.64717680727
1769001,49652.30379023712
1769038,37774.6767401315
1769064,75922.46618583817
1769112,30520.82636607542
1769232,35372.963910503066
1769236,55829.34221857871
1769287,97826.8115406995
1769288,54639.43890437159
1769296,74794.61174504933
1769300,53322.45966748675
1769308,64405.43541515342
1769311,81265.88724395601
1769422,70845.41881503417
1769435,64711.18126460777
1769459,47345.11521770572
1769485,37441.33612303672
1769489,37510.70900549225
1769538,39305.67829806302
1769548,56286.686530302206
1769583,34039.774498283026
1769584,28355.62762734697
1769586,45983.18382833642
1769588,43099.28714698256
1769600,56130.046527510734
1769621,30858.67433542363
1769637,35121.20145840906
1769654,47151.69618279312
1769669,43490.39273590007
1769676,35167.77910108879
1769682,33871.68829609405
1769690,41929.4716541269
1769702,30755.961317086563
1769731,47059.2024702866
1769758,69577.75664904376
1769760,71021.00526036657
1769785,72004.02027884856
1769811,65506.30561335058
1769817,45072.134704904274
1769836,66727.48922358782
1769859,71154.94113826062
1769879,72425.69237255894
1769910,45092.60825711211
1769911,30935.01253213359
1769916,64086.18311266111
1769923,39924.80884259341
1769942,40587.68247189104
1769951,78778.32476707567
1769960,62193.322312067896
1769965,47351.62644069312
1769972,29042.83313285089
1769975,39590.171916390114
1770002,53298.88921267182
1770020,79484.24929549193
1770024,76567.81382869772
1770034,33142.05636990331
1770040,25469.179306290956
1770076,40953.8472641711
1770085,50239.75149628238
1770121,36583.84400151586
1770134,46284.03762287534
1770137,45860.257827546215
1770138,84201.86728876921
1770139,53386.58384884152
1770146,41242.8779672916
1770228,40501.902720254766
1770318,43425.53425030788
1770370,47940.64864597724
1770378,42022.12509471745
1770392,50415.58044291528
1770423,45579.28446701436
1770430,48149.123640837584
1770476,47080.09875369786
1770495,52020.90192647799
1770566,36073.31616389463
1770575,55811.58940094518
1770611,58727.76457969935
1770612,55986.50045730574
1770622,85590.37744593405
1770626,90721.1395671378
1770653,70795.40875695788
1770666,88404.94690734643
1770746,72543.68116685872
1770754,65423.96262017489
1770812,83311.60692420651
1770899,71755.27782398196
1770906,30117.717902108227
1770916,94735.4250770595
1770933,75758.23247794792
1770945,76325.29379058606
1770999,95228.71132942088
1771085,59927.00087738325
1771128,91307.59801303894
1771174,91277.15852129644
1771198,98548.9477333563
1771320,108863.50667906272
1771469,52668.04745706956
1771476,55600.32011352157
1771535,79638.41374000834
1771624,81939.43753116345
1771693,87253.54154201601
1771823,84520.80890357525
1771874,85077.13528872283
1771968,45794.48708167405
1772018,63503.6369695536
1772024,87344.55312118433
1772105,61483.7535477559
1772122,71924.6754289017
1772178,92591.6876127636
1772202,46292.89386727123
1772239,94155.34885946671
1772453,25601.184792814296
1772477,37772.33780361686
1773426,19470.06159124177
1773881,25130.47800198311
1773959,39325.46055664277
1773982,38800.92724570032
1774011,59151.151190072014
1774064,91337.75620542552
1774094,64069.58552676437
1774112,58791.45304043291
1774121,68260.18775294624
1774187,89024.91384006372
1774224,55169.14168025766
1774239,50420.939132289874
1774261,95772.3738146466
1774459,53881.022594733695
1774465,30053.20781752441
1774645,15875.94173196497
1774653,22476.902450221703
1774691,8890.977773804047
1775424,89538.96885604823
1775453,90064.06600846244
1775473,49014.08680602379
1775524,92656.7138412148
1775574,18738.820613752207
1776086,24261.83773679458
1776092,29460.635702128908
1776105,30585.86141027485
1776151,37438.47640272055
1776177,39067.85582019502
1776181,89158.51045316899
1776227,32776.93858313383
1776231,17378.15024951852
1776234,34956.50300754872
1776307,44919.34048280618
1776344,36666.42274124884
1776374,79555.37291130063
1776402,36183.65173091164
1776431,32669.065693782817
1776469,65889.77882264412
1776478,69507.65014283694
1776537,27093.25821954722
1776540,66010.92013803156
1776549,44315.45935906319
1776551,44466.12984257266
1776578,46386.610561000045
1776588,24806.20934080801
1776623,68494.20847421054
1776706,78777.77509160092
1776756,90090.04904558782
1776761,97427.0309115132
1776795,103137.98428311457
1777130,26781.19181517677
1777270,46378.06967783034
1777589,20498.14886193754
1778259,47730.68489589383
1778510,15720.900766877072
1778650,24851.81943361531
1778839,17784.89433149057
1778894,29011.980523077375
1778912,27565.28532686751
1778917,34131.99593631404
1778952,33542.38607104613
1778954,27418.036876153827
1778957,35143.807450350694
1779505,9891.810742754427
1779766,10947.683677451296
1780612,15297.738703865814
1780645,9109.04493752588
1780661,8829.66638328449
1780702,26789.906545893555
1781547,22932.143146507857
1781852,12682.667723011216
1782169,19494.81562930532
1782657,17946.93257836932
1782663,12461.657838325247
1782825,28056.69679896597
1783087,28462.243761181868
1783188,40342.20093775061
1783192,27436.481020900523
1783885,67725.3540483579
1783926,89586.39112381078
1784121,13143.551434496738
1788939,21178.398663069147
1789841,9239.82112942485
1789842,9216.47926969568
1789855,9768.5950529743
1789858,11820.433379052782
1790314,18559.734821710703
1790316,18467.64259965288
1790335,13221.895591667051
1790425,13205.313462513992
1790489,16838.814103844845
1790520,14113.370933311153
1790639,10954.847481624738
1790857,14091.837078774595
1802462,14624.4081040956
1802743,14192.428727254815
1808574,15666.257233321878
1814754,12253.456014315923
1814809,22418.37871648495
1816617,16516.216920840638
1816907,13954.625356537625
1817483,26742.15697844616
1817581,19009.197937865305
1818569,8077.393624558066
1818603,9276.23980610735
1818640,15752.428797378496
1818655,25541.33898706287
1818656,15099.0910540098
1818790,14928.478054079984
1818829,18277.018259740267
1818973,14604.08174180119
1818978,12457.462548197873
1819595,8395.777180006513
1819623,10440.445638932932
1819628,9491.38800032376
1819822,7772.51038851632
1819885,8602.979653735878
1821495,13772.460527108173
1825467,58863.38317978536
1825469,24619.995810165605
1825508,16132.72614708964
1825534,8343.385980238145
1825566,15429.036044600942
1825568,15236.376993775648
1825578,14444.119131627289
1825613,17144.599908349894
1825665,9558.821518374343
1825708,36928.514074774524
1825737,29232.262990835607
1825755,34995.46616406794
1825780,27558.846558133555
1825783,23718.2935315934
1825784,32229.47398497118
1825798,43405.007002847815
1825804,36092.600566464986
1825808,28775.2746321724
1825809,32183.52717326794
1825818,15396.096679655771
1825826,14200.389835703616
1825827,12742.029586752924
1825830,14276.76967653466
1825863,43041.805440142685
1825968,22979.02643179876
1826100,33107.42714236518
1826107,47096.97551924029
1826110,30005.801859215797
1826163,21928.41757583692
1826173,62367.9192816195
1826174,25583.199563345668
1826187,30600.699787953334
1826242,24004.66580032516
1826248,38057.76726625703
1826253,54628.60131917844
1826262,30340.938598140685
1826284,49111.26115429154
1826292,54417.073032872686
1826295,53715.22583249293
1826307,52360.16931254338
1826321,33410.54441471936
1826414,65730.11793573416
1826421,58284.261663757854
1826427,39751.79108297536
1826434,55700.27040073063
1826458,19171.02408655393
1826467,15749.861333349249
1826535,25466.914208999453
1826633,32259.9460932644
1826707,69660.82231089124
1826721,32616.35037469281
1826754,60861.45622533042
1826762,64695.02417941146
1826873,35084.94296255252
1826885,22313.168819014096
1826887,36846.755180673856
1826893,28263.42789415145
1826935,21562.00571076362
1826938,33822.98562958943
1826951,36586.875725406986
1826954,32443.086654502385
1826957,30606.4513017309
1826966,68626.48213159102
1826973,21252.59540512091
1826982,78625.20315734195
1826987,36542.57460616932
1826995,54381.40820399774
1826998,44623.1557838665
1827026,48963.76215336191
1827034,56332.3663830603
1827166,17515.19498145953
1827278,54283.9405775824
1828221,13804.70037669142
1828223,9684.396736338953
1828230,11198.760893177156
1828481,21777.1622306765
1828493,21244.72796000924
1831361,27946.061963598208
1832091,17703.785000782584
1832758,12155.560597140313
1840149,25489.888552978788
1840183,18080.424873241376
1840195,18112.98312874543
1840214,16879.39083291689
1840224,20372.128482054577
1840250,17879.459944878618
1840267,18722.8739074767
1840277,25864.09039791588
1840283,31761.67451065295
1842601,44224.091744780366
1844759,12221.374413646095
1844769,19136.03264146087
1845435,12307.886331659038
1845458,11308.50602914731
1845463,10964.982275515458
1852262,12442.04800672231
1852266,31136.45372984739
1853523,16600.38801331359
1853721,21102.906606872955
1853727,28871.415790701238
1855057,22533.50499578421
1855086,40276.42662885098
1855088,14997.103259126568
1855112,40753.1968626664
1855113,30429.57077866544
1855121,38011.88524912787
1855132,39082.40717667993
1855148,61564.01882027938
1858255,9401.210161792556
1858265,8543.475845504683
1858552,8761.130317301198
1858579,8402.605731894015
1858608,9834.288003754758
1858616,9354.133030507715
1858636,9404.568125821588
1858643,9134.329312407725
1858651,9815.460261243425
1882651,8922.760034359533
1883169,10881.441381834144
1883682,9549.555640076847
1883824,13209.640266380396
1883976,15300.019712986134
1884120,13177.63228629756
1884815,9288.23870673911
1885113,21779.99528583329
1885295,30176.35666783576
1885484,10021.354226552428
1885807,17619.206961239153
1885817,16699.57919817456
1885822,13644.645230386894
1893624,22442.12683132768
1894225,9851.176760838734
1894348,9029.279873979913
1894550,9664.911491925075
1894732,10194.714332683134
1894818,11022.428964509649
1894858,12923.35526014297
1894970,10216.675927915365
1895141,9514.96000651612
1895158,10547.240298667855
1895216,10143.703428051822
1895388,12717.567555986709
1895488,12818.884297212036
1895493,12310.244937855314
1895509,11915.493823432069
1895535,12318.436092135244
1895538,10776.45215018567
1895614,10280.441860951769
1895615,11625.94438893635
1895676,11495.817790329607
1895718,11898.137541501035
1896326,14970.5411732866
1898395,13409.22478864405
1898453,11336.054249666724
1898461,10510.637064015193
1898465,10675.710995359212
1898637,13750.306795515506
1899633,10464.259915855451
1899699,12740.298991691208
1899705,32959.07337475126
1900365,13664.820089394212
1901963,15655.961622156785
1902015,10215.05961702588
1902022,21443.00272501936
1902324,17610.503377149947
1902333,13846.494108041445
1902336,17303.999776346962
1902375,11322.280541760932
1902459,13944.564312560113
1902467,15531.132144805206
1902474,19179.386071604567
1902475,11653.932573576383
1902541,12402.728934337683
1902551,15209.522066222053
1902716,9607.203775945029
1902731,8265.45528543559
1902777,11125.328735665002
1902793,10299.392337982448
1902795,11620.77765912431
1902814,7570.649694230736
1902824,8502.493282211386
1902833,7851.881470055358
1902841,9076.825673582844
1903047,7789.960373686472
1903052,10311.091144494192
1903057,8715.216860587294
1903085,9700.745083174646
1903099,10416.765152472828
1903105,10716.718907999568
1903113,9715.21619053642
1903133,14137.464908421123
1903139,15695.564560832954
1903188,7420.51140833848
1903191,7541.076395925228
1903236,11651.548797822948
1903241,8379.183691046106
1903249,10349.61526297942
1903273,14330.943743163843
1903276,14768.201957716765
1903280,8835.59834373436
1903283,8585.366155475771
1903296,9883.69839423133
2195869,10984.584249267537
2196012,13429.938847387124
2196321,37621.76839872188
2196733,25995.885712826275
2196939,26905.31620561132
2196998,12082.276365912066
2197324,11925.807279762494
2197347,36768.61318848733
2197936,8064.215723841793
2198837,33534.58141288966
2198853,28937.79512117446
2198895,56086.45912126844
2198903,41538.533084951065
2198940,41588.97580871667
2199217,40230.74812982044
2199224,49067.10328651526
2199244,68740.85101323549
2199481,17676.559071446653
2199739,81594.99505515603
2199759,19065.732519790843
2199802,48097.69608662122
2199803,48697.03591115379
2199820,22961.63621321866
2199824,18465.959294343123
2199865,23524.589973492864
2199882,18987.812266760466
2199894,26732.278981446463
2199904,21623.36903343536
2199917,18117.52256316715
2199919,32864.65514846954
2199920,23706.572364298925
2199929,35121.525251077226
2199973,24241.620940416564
2200023,16440.147711204787
2200040,31402.497330490063
2200043,29692.46956175256
2200061,46218.86339040721
2200064,30298.654350035853
2200139,22846.41009051148
2200207,18835.93069461415
2200214,28101.446377694338
2200247,39139.959359868895
2200262,37438.01466152663
2200294,53329.81833428765
2200341,45747.0025576073
2200430,61342.52559171737
2200460,58881.561475494185
2200463,64221.70694565008
2200483,97440.19544246315
2200495,64985.065130726
2200512,49858.49770078312
2200514,73557.21637743738
2200522,87527.52225578451
2200533,56338.39138845072
2200538,48555.38256095759
2200588,68565.41964141479
2200626,58946.81858542591
2200655,82260.59908227732
2200663,83662.78597928182
2200669,64610.86018933335
2200683,58852.01205308972
2200685,64105.98513471701
2200686,63788.05372518787
2200702,70873.38312906038
2200707,82175.75071073385
2200718,67773.25225444586
2201230,16187.904045796204
2201239,24667.868010441754
2201250,25720.0598253994
2201389,20504.903791921766
2201436,81066.007031488
2201447,61296.32653028638
2201466,79344.77442255587
2201467,54759.70325956875
2201500,46571.69455788589
2204212,21588.90576203176
2204456,30633.328665774097
2204530,36881.29622924636
2204567,27099.745046069835
2204597,25793.61700314589
2204602,24390.755967509536
2204617,28852.327873843635
2204659,28714.6524329775
2204697,47372.19190062453
2204716,36295.07054646015
2204840,60140.580112465184
2204858,25619.29249032245
2204990,74414.30382278352
2205006,43688.11102571041
2205165,40972.96647486661
2205178,59920.90358938207
2205203,49951.6842988132
2205213,80239.78986024109
2205224,75839.25357156312
2205281,73112.75593618228
2205292,64262.793833588
2205326,27507.10402245249
2205330,21893.991793040877
2205445,21361.26216661122
2205455,61117.08740603213
2206440,19428.241554939457
2206578,16059.04522722194
2206719,26247.255830300903
2207057,17997.480508368215
2207062,26941.47410322225
2207301,36015.274049113075
2207306,33131.07110146161
2207316,35902.31292574336
2207319,36271.48344446979
2207573,22619.64100371365
2207911,23812.469420631103
2207926,22064.11922939654
2207936,18994.334808093576
2207980,23639.30126996093
2208035,18306.53468014693
2208106,23056.011184565195
2208356,15136.69579350568
2208452,24509.367722909068
2208536,19901.630014249888
2208563,14706.169079116278
2208565,12007.525215126703
2208576,20721.81289782471
2208577,25872.2877164274
2208580,18861.86746322872
2208631,22342.7757171389
2208873,17505.07242352494
2208918,26973.921589360954
2209081,24134.91920909371
2209396,32924.65479577954
2209535,27857.57914383177
2209879,17277.051958268356
2209986,23064.81908659152
2210323,25526.59072218006
2210464,34123.24232843749
2210491,32754.931125073137
2210998,24121.2244949494
2211049,34309.85932320461
2211080,26206.073539694557
2211093,25982.448786132358
2211097,26202.73809722648
2211151,24020.189456159795
2211183,33363.04714005707
2211248,24002.083469187808
2211311,35281.10959235565
2211342,28919.452378046903
2211374,27074.810219799685
2211383,32311.03871576578
2211406,27528.69219132055
2211418,35939.9821175526
2211420,24478.16217725127
2211432,32959.9875858372
2211488,86007.50902906968
2211507,34598.071999492095
2211566,38370.39114514344
2211594,28090.11735165183
2211627,28735.32605762923
2211684,34535.177569195206
2211714,34534.14711390443
2211753,25637.847464408107
2211754,35136.53015060886
2211762,30572.239783771354
2211789,31419.84948087473
2211833,34946.59320807691
2212324,16515.998057164197
2212330,12179.509829796822
2212335,17047.153057558215
2212357,15668.783417313702
2212361,18702.37150346648
2212362,17717.13714863192
2212372,21817.24613065552
2212431,28380.502596856117
2212464,26755.10535182751
2212479,19428.169464889703
2212481,27181.68144597733
2212492,25824.92801371402
2212509,25110.83617963707
2212532,35827.64794801583
2212586,34413.527401324594
2212619,34227.62567792351
2212665,29437.671531438067
2212742,30585.09946531827
2212757,31358.01686976578
2212793,80845.12403628523
2213286,22445.030527232822
2213310,100478.36557657218
2213318,27603.258605722323
2213345,33447.56861644404
2213363,31149.9512982166
2213399,35756.55172805504
2214265,10233.78320417409
2214492,14023.670420750974
2214725,21705.42205879429
2215047,25736.85799177451
2215177,18540.75234810595
2215180,27168.13107574363
2215268,24378.098645548827
2215274,21933.8097256767
2215280,26871.85361229393
2215297,19934.88553185093
2215304,27004.548935016253
2215306,23682.382569423124
2215314,24175.62963357572
2215322,17912.5039646843
2215456,8947.09254543356
2215824,14808.023701518245
2215860,12358.896964532498
2216080,12803.4218863433
2216286,13617.684887161138
2216322,25458.41111677095
2216497,38169.62825046561
2216498,39964.46609915042
2216710,10309.135161509414
2216717,16242.721457628702
2216745,18806.967837044176
2216746,18041.41947244933
2216749,20613.105711111897
2216753,17097.73100929513
2216777,19046.51561038297
2216811,13202.975665313605
2217172,11775.36576736182
2217322,58578.24505688636
2218806,74645.28642972934
2218811,111726.08010892232
2218840,106546.5997502667
2218963,25308.41284380724
2219029,30287.62709942787
2219036,32038.5979156201
2219051,32981.46815561089
2219090,23937.231551081382
2219091,26187.84749769565
2219095,31208.9915933926
2219096,30059.01745206864
2219098,33978.736536430224
2219100,31760.99829251689
2219130,35315.91794963076
2219163,33042.60589023253
2219673,20628.974624324102
2219676,26058.24727439703
2219885,22394.308124084957
2220300,66664.90961841654
2220303,58601.5560390758
2220307,86616.58637943839
2220314,87243.75317840026
2220315,58830.8823479762
2220377,11261.06710102107
2220458,38001.43830194617
2220480,31895.874190264687
2220493,28776.23456954973
2220503,31734.676178200665
2220574,33278.22892954943
2220587,41283.84512475604
2220595,32049.06227482553
2220750,23611.838225194457
2220751,33450.06399691268
2220938,16284.63231215485
2220986,64517.90725550264
2221053,72360.93711160668
2221069,81250.59935686715
2221072,69393.29741495044
2221085,82397.18732402234
2221086,73893.19849773403
2221101,83323.05064514045
2221105,76874.89072122579
2221245,91911.76104485236
2221407,15584.840619549055
2221613,66963.5029815044
2221761,13388.030365344255
2221823,21167.80936817159
2221893,34951.92957627507
2221897,33726.92463776711
2221901,41205.00938554785
2221915,45172.18283745104
2221927,47585.1014648636
2221939,39959.379383790045
2221953,60158.67033037249
2223031,38724.00610072106
2223046,31352.2930864464
2223070,42646.13942469979
2223078,35413.372240572746
2223079,44857.96336763413
2223090,41734.76318995958
2223103,39453.54014357535
2223158,50341.54225205039
2223179,50113.67452010238
2223180,42191.598288647845
2223204,42962.98810769328
2224524,20324.322412805497
2225101,54462.45341571035
2225160,26324.490106642275
2225339,45434.048188666144
2225365,34609.09296474449
2225382,54241.21814063357
2225390,43156.31009009224
2225393,39206.85730165074
2225421,12854.94441170865
2225422,10596.699386824715
2225432,17674.001692044636
2225441,17012.972832399588
2225457,15055.97578019994
2225492,17342.319264814174
2225510,15562.764812333353
2225511,13669.508539483988
2225527,14092.195604291805
2225556,14077.671310307986
2225585,15755.604849027231
2225609,16688.453555400934
2225758,33228.65964000701
2225989,40963.18749203196
2226032,35389.460275020174
2226035,32416.551728354505
2226043,37580.81966427827
2226047,54445.16402347728
2226050,46795.35081407005
2226060,51025.41708606458
2226064,31689.73580491076
2226065,40797.740697817855
2226085,51986.50889656467
2226103,46272.52066994007
2226104,28232.89507147284
2226118,36077.827569852525
2226171,58115.62872262153
2226172,24240.69613267452
2226198,56126.72988684633
2226223,61429.54696771624
2226228,35823.673198183475
2226233,35800.42330206894
2226260,42490.426942688406
2226296,45567.24109776343
2226298,47029.37046663608
2226305,47470.21655413572
2226310,67996.30683191912
2226381,56379.80002176299
2226411,44687.4163421563
2226419,82694.98404209747
2226476,66640.25414937251
2226500,62619.78490156987
2226512,68845.64305586606
2226524,74646.17557648112
2226535,86442.25932604555
2226589,69441.61131290923
2226597,70325.01379098686
2226598,58194.987391714654
2226608,94827.85722876729
2226610,88774.8316062139
2226614,85542.45118416015
2226632,79188.17072968456
2226635,99771.85928856012
2226637,60847.67256461185
2226692,84703.68230586521
2226698,71144.42957112353
2226753,97463.80604303804
2226757,92024.46956029194
2226770,92609.97323013398
2226798,61187.59027544757
2226868,31807.735135958064
2227010,23392.56060830697
2227060,10857.23353075353
2227091,12971.97442372781
2227092,58670.84540590117
2227185,31945.62700511137
2227197,43987.9281591434
2227218,41124.17095328115
2227289,21977.917366042235
2227313,25200.805590284464
2227315,24871.843611619766
2227329,29506.289480937216
2227390,40968.93732853977
2227396,32243.74859299375
2227633,22836.61041901208
2227807,48408.94979970051
2228145,17844.865446551925
2228158,19251.4608814741
2228232,83550.26878565813
2228306,89408.5319284739
2228308,111851.32427154086
2228319,112397.80627805316
2228320,80313.92635481324
2228331,111543.2814190272
2228337,86259.25537241172
2228372,85719.14985708655
2228390,75750.58245236403
2228431,106382.5283264834
2228443,91612.93967122686
2228476,112421.82450822556
2228485,82562.19489597643
2228514,81998.08441056377
2228529,113157.83626564872
2228553,87473.2824933593
2228556,115723.41061669154
2228572,78001.45023638089
2228585,78986.51726385235
2228587,82598.46633414959
2228598,86808.52787410049
2228599,113722.3691490263
2228616,85537.14661969518
2228625,115420.77081230044
2228649,90478.8177807414
2228698,85711.48287593995
2228705,124175.09619584048
2228711,82588.13685609694
2228716,73460.96458210093
2228724,82429.78695686972
2228759,87092.77666459081
2228805,128718.81657641796
2228809,127904.94533849267
2228816,129379.945675544
2228851,88192.37911024597
2228859,136310.30028293695
2228866,88539.03277512295
2228867,89395.51676001525
2228914,93059.10394979738
2228944,134332.66090226188
2228949,91032.18367937584
2228951,97635.72103489454
2228978,102092.14218497892
2228980,135876.5765496942
2228995,88835.01961952557
2229026,92277.80077514645
2229130,43185.07016851838
2229747,66011.8196619542
2229771,68886.29860506563
2229797,78563.66501754479
2229801,83882.35071092317
2229953,19374.39972271913
2230162,32750.610823755866
2230173,40194.61203395488
2230190,29616.85062495298
2230203,42572.01063601745
2230220,38768.79713796754
2230331,9191.15428864132
2230361,15219.294121525529
2230368,12886.562138543197
2230397,18942.598282838026
2230523,27051.55403386377
2230654,32020.13439190656
2230664,34546.56064029559
2230743,10990.00655260612
2230757,56023.18733752217
2230763,51409.23173650351
2230768,45637.54752526731
2230780,58364.81610057213
2231394,26875.34617992975
2231400,37838.92818141752
2231436,30958.97296334732
2231447,36961.881719670506
2231468,28374.972499487456
2231513,38112.08362473042
2231519,22661.92893881822
2231528,38391.56187544117
2231647,51055.07555490012
2231649,64134.75164019797
2231970,30391.97477005829
2231973,24363.867940666198
2231974,37031.75485952496
2231980,42748.65098898511
2232019,38220.24994658757
2232032,38398.45783958445
2232060,41841.32804638521
2232071,33446.68875701316
2232136,35902.9502551304
2232191,86395.76246122876
2232202,90681.80994351437
2232223,27399.212063559076
2232242,32828.414550392496
2232255,43211.23014921644
2232260,50930.40625297873
2232266,20899.852906626
2232268,43736.10354860439
2232350,16812.707145495217
2232374,18366.417919248943
2232378,23050.67124785928
2232429,63971.9893376998
2232447,64038.61226846313
2232479,53933.11525597921
2232485,47523.7387438192
2232496,70384.99957216872
2232569,48063.58429236246
2232601,64153.22440534806
2232608,54738.986813408905
2232619,70871.90264665041
2232633,76003.60320268148
2232686,62671.209436786914
2232713,58169.43877467273
2232728,87005.67027815727
2232763,55990.31429062143
2232767,89503.34975694213
2232777,72683.36883996663
2233245,43695.3741612856
2233259,31519.18855512859
2233265,31984.040814331387
2233274,40961.50176161773
2233279,55358.85827538532
2233313,29158.907173313437
2233343,36370.29009795915
2233374,14519.763742014702
2233635,70915.20024405306
2234057,75809.2607634304
2234061,90298.40331734196
2234084,70942.47590342847
2234087,64069.93638152872
2234098,79243.08712940782
2234108,89642.16676860988
2234377,57099.09133597122
2234398,65353.758407829184
2234418,41915.88516625045
2234426,59696.1633772232
2234462,37142.208096696064
2234481,46431.56511945774
2234482,46868.40614559259
2234498,39662.54899997337
2234499,51331.8538117141
2234511,29943.3150097622
2234521,54130.8844181934
2234543,66767.01460601995
2234554,38547.54840494533
2234605,81304.70490039485
2234655,64807.61170266018
2234663,60111.03319311702
2234739,51968.49766334795
2234869,39765.84592909868
2234875,43751.92586690591
2234881,32566.596328753392
2234883,32982.60863740543
2234915,48156.66692111305
2234927,41233.323159444415
2234934,46979.89358421604
2235008,38942.04108226117
2235049,47898.37983381313
2235076,80186.78870280112
2235081,70103.51065865078
2235094,16035.13889828647
2235095,21440.525534742603
2235097,17021.447754910238
2235104,22050.164420432902
2235118,20902.819945662155
2235239,24580.942952635105
2235248,22344.26628945937
2235265,21356.40775814128
2235308,9403.881151629015
2235404,11156.357224293852
2235421,11524.765156522622
2235531,34830.92731690423
2235559,37788.6814932471
2235570,46441.35053507398
2235581,52256.8742278642
2235588,52567.0142802193
2235613,40631.66658376635
2237802,13944.567067618493
2237810,10149.798160574765
2237837,11795.330144448886
2237858,11385.05857622814
2237883,46247.94988786956
2237973,11639.939989851302
2238007,9856.58755618204
2238019,11822.40841214525
2238041,11838.63779987354
2238065,10966.143193915925
2238131,14495.154069684671
2238136,15404.342748049638
2238186,12813.149867793609
2238217,14688.950263289726
2238238,17461.989985035376
2238254,11487.569496152377
2238255,11137.598574954962
2238268,13825.184151215455
2238270,14205.165956925764
2238275,13325.460699705302
2238302,16130.780054137458
2238323,12076.46899468325
2238369,36494.61152018633
2238377,33002.53785989086
2238389,29117.00592183276
2238390,52501.48975772001
2238422,42447.27677787964
2238444,48117.043314885625
2238543,48807.5367919365
2238546,46979.27788169299
2238554,47634.01987907158
2238573,40998.30503621792
2238576,38702.50628351056
2238588,39336.28721145145
2238599,41473.0515638408
2238657,12644.198476517144
2238830,49835.6580566786
2238831,43373.52612714963
2238834,50071.27562711049
2238839,15590.509006865155
2238845,10815.062153457082
2238850,14784.884577981396
2238851,14910.765745376004
2238920,35858.487122502935
2238940,12621.179129592529
2239000,31906.75736978228
2239024,45598.64100534416
2239029,38018.35632437184
2239081,30534.808935347697
2239122,62277.43312011084
2239149,46085.26250379506
2239190,61826.80934049093
2239202,46772.76341280626
2239259,40063.00949260127
2239263,53401.20244946134
2239270,59254.212320930514
2239287,76158.59295562623
2239317,33592.3554562142
2239365,38612.29170908558
2239618,15012.65878805347
2239629,24079.689536770755
2239637,14512.515203570174
2239647,23700.288433147984
2239701,78890.79006962708
2239750,69964.6181008784
2239753,73247.09026429612
2239775,45595.13001427803
2239777,30220.6648904722
2239787,48564.97651670031
2239862,18100.909637219174
2239869,18007.201354859906
2239881,13428.962655116216
2239882,12526.188063671949
2239892,17757.47192254747
2239972,42623.88174815437
2240102,23427.455307086995
2240200,73490.55559314067
2240201,90782.3947713719
2240356,38758.56658689585
2240441,36416.38791487457
2240722,49540.33376095008
2240729,70620.71322335194
2240736,68933.56435238916
2240740,49850.70545299587
2240743,76763.29527413788
2240787,44210.33145922119
2240811,62444.42707871281
2240825,44228.3476863961
2240839,42635.3166173953
2240842,49257.43098830112
2240859,79752.53304282631
2240875,48436.270743925495
2240887,44872.424261674365
2240890,69871.77728801583
2240895,47454.22810064726
2241089,23231.30453090596
2241098,18763.43748352291
2241128,14715.132205111324
2241133,23373.48456732457
2241141,28651.492876105785
2241163,30059.509220175933
2241172,17973.204749240605
2241210,77018.46989008307
2241227,82093.90875962104
2241233,88181.01689879448
2241396,72564.79078280312
2241415,72177.34847971197
2241424,104820.28929718374
2241462,82841.77390344613
2241476,71666.24584029861
2241495,82552.49060478296
2241508,78892.28194618333
2241512,70280.34232985707
2241515,91745.20801437774
2241577,74090.94954674935
2241592,92338.4527183369
2241593,78388.0149879487
2241596,67720.72554338886
2241604,96470.03269059506
2241626,85033.70002541393
2241638,114984.2975917296
2241653,95060.30185478296
2241655,118310.84250019724
2241671,95977.26846071045
2241675,91252.55893621568
2241688,102177.85689435956
2241709,135634.46885115356
2241735,129346.9689595848
2241747,88676.44685948928
2241799,62395.46201382349
2241811,62274.02795784737
2241820,64262.40548154441
2241842,71700.14846572728
2241843,56708.44653905457
2241866,63672.8203610839
2241883,52641.25929156487
2241894,41350.589827904994
2241904,39150.76547271416
2241925,40334.15694277607
2241928,51284.26391381365
2241929,54448.88511466669
2241956,58706.4909763078
2241967,66342.43435477803
2241976,58635.54377703778
2242023,38643.34722855824
2242029,67143.92725955411
2242036,54570.25882105853
2242045,35737.993226240666
2242052,41326.08891988897
2242064,52062.06245353838
2242070,41140.42061771149
2242330,17430.67433611482
2242748,17356.643100828507
2242777,23565.649361032207
2243065,21387.102009125912
2243152,39812.45418079862
2243206,18680.49979561428
2243221,27326.641109907345
2243227,18419.35913556655
2243232,25369.000590354783
2243274,24689.36676604094
2243282,23264.08512511238
2243283,22094.257565972453
2243306,30410.11349039334
2243308,37761.0902181186
2243314,18264.22595085268
2243353,32423.646044925776
2243356,34386.99976855532
2243366,22693.65542835327
2243367,30357.466547585223
2243384,33000.519168912266
2243420,40773.35489008453
2243464,35558.86611795335
2243553,55833.73298120149
2243637,12662.926024778046
2243643,14743.44768192826
2243659,12832.380195102827
2243688,11331.922815899305
2243691,14022.725464951134
2243695,17866.216638454105
2243701,16197.921150847826
2244012,51786.781000169096
2244293,20071.767246329407
2244303,26994.836865908
2244320,23169.34485045552
2244321,21262.49444484188
2244325,25592.652783462458
2244336,17979.336382540678
2244344,25426.247370699835
2244346,23216.20035906537
2244353,15423.26385394276
2244366,21397.926704808306
2244381,28295.4451613796
2244385,26113.14765514694
2244395,23124.78867672033
2244531,48357.29222075979
2244642,52281.89807468538
2244653,69116.99900292873
2244681,53235.38857473231
2244692,69716.52482058498
2244694,60465.08406831953
2244722,18256.059102524603
2244821,17947.50208415361
2244991,48221.11604907121
2245024,12858.727814342332
2245025,12667.04808406036
2245033,13387.389392394234
2245061,16917.900226546048
2245140,16960.750873561177
2245142,20341.45487821829
2245156,18481.21379247332
2245191,23555.87731957852
2245232,42568.85569209446
2245267,32218.129160309752
2245281,64546.58725436029
2245286,50992.92803166983
2245379,47779.4348218531
2245383,64375.26476171557
2245389,61746.10124010998
2245402,67251.73966951856
2245429,52886.94842055556
2245450,78756.50956512304
2245478,73917.06951133833
2245486,50676.25744110422
2245836,16832.87167262336
2245841,20671.64742139986
2245842,24234.331844163284
2245847,16811.28857934128
2245853,22831.73419060388
2245854,16264.372580041343
2245860,20634.29762997263
2245867,19598.062867603185
2245932,42993.34524421632
2245950,69972.86761528143
2245951,85514.1347199934
2245952,77861.58435411495
2246516,72941.08628285627
2246518,58648.54411365899
2246521,59446.55632426476
2246580,83687.2240944646
2246594,93387.54145454612
2246610,63519.2015354638
2246634,90234.31737370632
2246656,77129.30591526095
2246694,57489.34826515265
2246741,71904.81572431032
2246759,68732.53660405043
2246766,83244.62386530421
2246774,64046.89764748601
2246791,63770.98885048316
2246809,76003.69655390538
2246838,102604.89163951582
2246859,115969.28640126863
2246890,89080.96679924273
2246902,62247.3845868642
2246916,75183.74062907032
2246945,72013.58344534933
2247042,61708.458293108575
2247088,49928.65746613138
2247791,22740.325663793432
2247804,23758.696836144834
2247820,24693.500492466548
2247831,21460.39784973493
2247881,10410.186846361668
2247921,51624.45574956837
2247938,38362.1693370804
2247940,50130.41881667608
2247975,51656.121319338825
2247976,54923.332622495625
2247980,44764.092173337616
2247985,45680.29118285914
2247986,48597.49959226722
2247993,43386.33259096964
2248008,52424.62504397179
2248011,43154.59168835943
2248022,42511.74561212798
2248028,36417.838044235046
2248067,37105.37047364008
2248085,39163.29567023489
2248098,47334.40085752406
2248126,43576.38113028264
2248130,45855.9904170807
2248172,30964.27561836121
2248211,28853.87929320604
2249000,15528.664774910383
2249360,42728.4058441796
2249361,56513.669023289614
2249383,54211.69147851529
2249386,58424.70623598668
2249391,39379.39438638301
2249394,54563.57578010265
2249403,57264.61023054761
2249520,48124.353941302215
2249555,48459.62617134475
2249561,49133.34876626019
2249575,33056.40518122933
2249586,46239.016151312455
2249630,43263.1805921134
2249662,39515.3274379074
2249675,36952.63479312955
2249696,32661.24360915856
2250000,28008.711724414203
2250295,45010.61917703079
2250304,46597.52032406892
2250305,46223.24920742646
2250313,31577.08130181624
2250327,54772.85410013438
2250334,49539.15408266442
2250403,46894.5848688764
2250416,36952.09468591432
2250426,45244.70897347496
2250446,41167.66570142208
2250481,42083.79892281747
2250496,49498.94795757273
2250511,45077.22563670725
2250522,42603.8744280248
2250548,53116.12866505616
2250564,54043.88664633761
2250584,51454.41077933656
2250587,36926.1304219969
2250607,52714.5072159604
2250609,57893.318545338814
2250624,48867.55575587533
2250638,50499.514779047866
2250649,40490.73057138313
2250663,47163.57016901224
2250703,58632.63077151017
2250724,48299.80835059909
2250731,35944.492869604095
2250772,68460.1337430472
2250792,52673.84468130785
2250828,50290.16274881325
2250843,52588.19598500481
2250881,62778.64486408432
2250888,60509.47577953673
2250895,62274.68522107546
2250912,73805.11552339466
2250919,42461.298850860425
2250923,54172.12022875896
2250930,68046.51983109434
2250941,63891.21266760714
2250952,65884.0642091058
2250965,87590.37476758118
2250967,83590.09555813226
2250974,64943.42632264533
2250976,54129.90877810747
2250997,40450.46858661527
2250999,28355.31939433688
2251028,34467.59741500726
2251433,37631.21506636547
2251689,27570.807052291813
2251694,29909.710033593637
2251701,21213.198867373867
2251720,29531.06209595014
2251723,36347.63319578866
2251761,24362.61497992503
2251765,31693.939709129147
2251778,41948.00401757856
2251816,38186.377999869335
2251841,33703.63120217582
2251847,37931.47012840494
2251861,35283.093805091725
2251874,37981.71112999466
2251900,42610.84595005542
2251901,39315.25358939879
2251913,35063.172034248484
2251972,38827.877858364736
2251973,26041.95536813936
2251999,46811.17235488072
2252005,33625.56261285921
2252010,39110.77047104171
2252023,47708.17081759197
2252038,49106.42355396551
2252041,35826.61038930548
2252054,41330.41655260165
2252057,46986.793641321325
2252061,37164.01172525008
2252070,47055.56991338573
2252079,48757.6319083533
2252080,48271.002519208094
2252086,43857.59789233026
2252091,32332.4205924805
2252092,28769.332565469675
2252186,12751.935672757863
2252190,12362.94672768167
2252192,10658.255001791147
2252292,35627.63781603665
2252304,38954.38576003476
2252319,33284.3565727298
2253180,33515.61496699876
2253186,31911.655195188287
2253203,46799.75331534704
2253596,65475.96472520443
2253600,34184.70287961697
2253607,37261.68312002189
2253653,45388.16997081017
2253657,39992.853931966325
2253662,30296.517192480664
2253707,35893.89639822117
2253709,33807.66387682546
2253714,33087.2972145206
2253733,43910.121767472905
2253754,35117.56563116931
2253775,54813.55811418075
2253782,51808.96292100831
2253801,45833.83023232775
2253808,52393.86490915634
2253825,38896.13803390594
2253827,43420.382700653885
2253835,41062.0377480592
2253853,51612.50341498359
2253854,53820.53807693482
2253856,36514.8230814197
2253870,64949.867725930206
2253884,49364.20641619772
2253897,40777.00011099567
2253914,50536.17228846106
2253925,44556.330932034965
2254077,39062.92776302513
2254225,55496.10675393938
2254246,59586.76830308831
2254252,36785.21051263047
2254265,37084.1276971108
2254291,46855.07119388593
2254338,59623.29271179775
2254339,31490.349312196373
2254385,54765.29644526307
2254391,41343.23422363262
2254408,61120.784982126
2254444,35211.12034003155
2254467,63806.97058137695
2254484,49656.706765044175
2254513,68605.34286467946
2254519,68934.41019241916
2254569,52007.41916239719
2254583,39013.21586929649
2254589,65655.0759879827
2254591,47933.57230796038
2254592,45779.668368922175
2254594,57609.46055824556
2254624,77404.60926402692
2254638,65728.69341386773
2254643,45834.62229030393
2254661,45888.58690055196
2254669,50339.93556898892
2254680,53501.66575727208
2254723,46412.55618733614
2254726,80930.69544479623
2254732,73821.71505889093
2254749,52593.49152639407
2255005,34086.53916430379
2255008,32687.34705448505
2255144,22603.458012588573
2255152,25597.14545242928
2255156,23762.45072322572
2255176,15744.1001632587
2255189,31035.906780732792
2255202,28165.58421021556
2255238,35493.57661470493
2255270,44043.390182039904
2255311,38767.63051590837
2255314,30426.607208197576
2255317,30198.070531172754
2255319,28557.852095415205
2255333,27194.62107010668
2255368,24007.9390788546
2255375,39469.54177980137
2255390,43517.32032637519
2255398,44194.65144457178
2255401,45669.25984028672
2255411,42728.121635070536
2255429,41836.53375114765
2255453,26744.065219236298
2255463,73855.77715463689
2255484,41040.650022350936
2255638,13909.667414493984
2256289,40405.43015519528
2256659,49916.2155207877
2256664,54124.3374882756
2256667,35866.63804882867
2256700,43013.05041691827
2256701,49255.07923146069
2256726,37974.59412543244
2256742,51855.42980075434
2256769,52549.34976760321
2256772,37904.218082631385
2256778,60559.399963054726
2256800,59096.46607484812
2256801,62464.615737041066
2256955,48329.607743937886
2257407,67565.84757204086
2257549,48621.370341157584
2257723,29496.12908167374
2257726,26500.860152010864
2257737,21148.057349324103
2257806,28761.334301691768
2257834,90344.3312100003
2257840,107306.75753329556
2257864,28262.14758390378
2257873,49301.12503881744
2257875,37593.70018011981
2258066,108309.9673559523
2258220,19031.755196489547
2258232,19345.14446324696
2258244,16291.07116548473
2258256,17791.131189385476
2258263,19513.781434928016
2258269,27545.44854734917
2258273,22194.488814472094
2258316,25350.14697067652
2258628,14279.285343489915
2258711,40868.99616519617
2258730,44813.49599949107
2258736,46292.41823546276
2258741,36743.51673445235
2258764,35640.915363742824
2258784,47547.55526992707
2258805,33143.04095103744
2258806,40636.00309989538
2258814,37533.42345731639
2258826,41950.71803380571
2258829,35986.987881545014
2258836,53123.440974894
2258839,41688.85914107892
2258851,53704.542836211614
2258870,42358.70074697507
2258888,52680.15627151362
2258892,55931.20780130646
2258895,61098.70335097603
2258901,50395.34147117475
2258907,39107.00554527719
2258936,59729.5350117182
2258950,46310.12613407145
2258962,60830.15574712614
2258971,64212.46885144318
2258990,41915.072657469565
2258996,46038.076497038935
2259005,57915.52178267904
2259023,68194.61832254272
2259025,50959.366980643565
2259050,70344.19296151382
2259056,45736.897194985344
2259069,48906.70518862147
2259074,53255.21721365128
2259096,74946.62011959948
2259114,40242.61944182913
2259118,62059.79337849279
2259144,42800.92862653625
2259145,64640.24443610039
2259159,70445.36333476639
2259160,58187.51774441937
2259166,50604.75758240261
2259175,69299.62207285906
2259176,73069.47020804413
2259177,41511.14188943354
2259201,70176.30146313077
2259208,62057.385243280216
2259220,63071.963656493805
2259229,54122.30057180408
2259264,53546.68532255061
2259278,54168.68306439284
2259283,62266.90738000612
2259301,62640.08221742608
2259321,54347.13267612689
2259329,55054.25531071288
2259335,65239.42005925997
2259346,82892.19125687217
2259364,60831.77562500123
2259380,65971.93199102618
2259400,65849.45653273759
2259405,78519.16342060384
2259414,60887.73834529122
2259425,65181.49016047565
2259445,61953.69411456678
2259454,45651.43043412345
2259455,79320.08296774057
2259474,61448.53732421989
2259476,65103.15627798962
2259537,71980.90253696512
2259557,62972.37829606093
2259562,78255.54618003531
2259572,73850.63553821755
2259578,84346.03454200539
2259580,63740.24684766817
2259590,51213.93085768772
2259594,84453.79593882382
2259607,71927.93986000819
2259622,74356.67683124152
2259633,62137.10046548438
2259639,76183.31772449607
2259671,82302.05564344393
2259679,83414.05826064081
2259767,32897.29531807051
2259833,16195.45518051627
2259839,14308.191800959945
2259853,13413.806767144642
2259867,12007.859066511512
2259871,14241.412550598545
2259996,28121.47506698206
2260017,27615.641046358145
2260019,39501.121214020925
2260034,43911.46772441605
2260135,14205.070984372744
2260140,20099.829815102075
2260141,13079.525239256162
2260160,18496.64142759522
2260166,14785.815212055591
2260173,14761.088377235155
2260185,11218.293044167234
2260352,23395.488490388416
2260354,25679.988918060277
2260358,16848.03488566247
2260388,21550.66320748371
2260391,23608.868560933228
2260409,24030.26630777625
2260429,22203.65951840568
2260440,24153.43470319947
2260463,19071.94987410008
2260474,22906.545009938687
2260498,25168.828850875725
2260517,21192.917851560956
2260545,29794.828575630487
2260547,25455.19241559706
2260572,29828.398087353227
2260610,27028.940046623
2260645,27947.66191050454
2262014,63468.57182055389
2262016,42393.535788576526
2262224,18569.24206605496
2262331,40490.61003995981
2262394,37351.9226848361
2262398,62892.040777194175
2262404,59158.79993137399
2262418,67216.49459053556
2262424,70211.07232695102
2262492,33488.02107104017
2262503,33860.40715035763
2262562,13993.760023477407
2262595,16345.46039364191
2262606,23573.688601367136
2262610,15341.318473490104
2262681,21295.17787231431
2262695,26083.80713229275
2262700,23318.425121095377
2262726,28542.488828866157
2262739,20488.17448757978
2262947,15242.664217734118
2263170,23919.995664756378
2263288,35035.571419913336
2263290,56515.96553093978
2263411,30402.06232329525
2263457,25052.747271715467
2263462,39023.01037585078
2263471,33341.263067489606
2263558,89832.6385117109
2263579,47406.09296925266
2263727,13025.594833494011
2263732,25505.91213636466
2263735,12541.901491125727
2263745,14919.9588247447
2263748,13289.623075628531
2263766,14592.15967816006
2263793,15121.174898554387
2263881,20887.27826005317
2263894,25032.08363205048
2263965,17708.764686401882
2263976,29044.585265228598
2264013,54414.83803557392
2264031,59037.3698657001
2264043,61629.347029002034
2264049,68658.47264195565
2264056,64379.00339437086
2264100,14665.629276119287
2264304,22950.305185445
2264314,20209.47825144446
2264317,23061.7788665065
2264333,108175.9594607612
2264364,115695.35116047868
2264418,108469.90677592858
2264512,30508.59475844884
2264552,16535.45350818539
2264561,12767.633409792148
2264586,13220.065015055234
2264649,88716.68370140211
2264675,96831.63744587716
2264755,115759.73509955998
2264774,96079.55991116416
2264803,73200.35498005111
2264816,98511.20138418418
2264886,94412.56801509044
2264928,111334.30527599034
2265139,11828.077318894437
2265241,16850.924410291995
2265280,40414.868504655664
2265291,33750.23697393401
2265307,38215.31919945672
2265319,51800.218391175295
2265527,38148.85150438754
2265979,25058.780197050342
2266100,41564.95300628026
2266107,53347.05711239934
2266108,39497.14276309344
2268150,29846.81514696365
2268151,26872.37045774855
2268170,32690.51702908196
2268183,35702.31094858142
2268212,33325.26779555148
2268219,30241.60304619363
2268226,30526.931330990992
2268251,33979.44913573463
2268259,26132.629100945385
2268269,41216.73971569927
2268296,36635.38447777202
2268304,33860.28382693691
2268344,40320.71704648713
2268373,31577.129147265
2268383,38278.14482756344
2268394,32926.15107360143
2268440,52376.407678517295
2268666,9668.15365504112
2268728,11742.273000990812
2268744,12673.598910147626
2268796,12983.381580516589
2268814,11994.660251422403
2268816,13809.426839983907
2268828,12799.680592911354
2268834,10706.932578491322
2268849,17897.0314783723
2268859,14120.68326286691
2268878,17464.048265365323
2268889,21752.68374637594
2268976,37942.12976576331
2268978,35689.69640986726
2268989,28860.93908021209
2269017,37147.12753498842
2269024,30604.337084181
2269026,27490.854167673373
2269033,29647.65128632425
2269036,33273.116544417906
2269199,66031.94913515926
2269210,60671.24812530198
2269214,60620.34201782852
2269313,54926.71763883848
2269329,60948.35058805211
2269332,67004.59175497259
2269333,64509.00671380328
2269339,68987.25343017466
2269357,69357.74920354482
2269358,51737.83983573608
2269377,56386.12192363056
2269378,64948.69840144183
2269392,61162.76081356934
2269420,36504.9764693141
2269435,31740.186501895656
2269476,45005.72985070774
2269487,36566.67632655865
2269520,44395.57246338405
2269559,29750.72025355039
2269595,45915.03547841243
2269631,39547.17440801024
2269643,30348.558709156765
2269657,37589.10962612288
2269672,49581.82671587767
2269682,42523.79329124085
2269688,41944.29425849434
2269690,38867.699487512735
2269697,48357.22269439742
2269706,54505.16128832293
2269717,29552.027505301357
2269768,44568.11875029285
2269781,18915.90822204693
2269789,23381.998391913978
2269798,19095.60852718689
2269841,32131.66882426005
2269972,33036.187253368495
2269976,40213.472356580125
2269985,40759.76649721037
2270066,23933.159698324303
2270082,22352.740620808963
2270091,32742.710300412877
2270130,22901.413476371265
2270149,27211.57238650713
2270156,28595.36234670733
2270178,60044.11289635248
2270193,81067.8692027044
2270198,83042.99053899295
2270200,70573.21363682814
2270230,25044.729780912057
2270240,26912.74705110865
2270254,20254.08300565928
2270283,19929.7712448913
2270338,18942.94857100566
2270342,44145.667841533614
2270347,36107.70729003729
2270826,90052.65664224458
2270839,13746.043859135185
2270883,36270.826718749
2270887,27635.262173711464
2270889,27131.023825534867
2270902,24675.74485943269
2270905,24028.12901445455
2270911,31526.039959475147
2270941,37118.92641969552
2270943,29326.859158844105
2271324,21034.441409464653
2271387,25759.86156894945
2271658,28995.06119457009
2271660,23947.378767741506
2271667,28595.737283601484
2271678,30453.149806908987
2271688,30660.10449369337
2271696,26250.392222706552
2271698,21638.094764911173
2271699,27774.71366646897
2271703,20092.82255908013
2271704,28812.260863358435
2271707,30213.896753734523
2271724,28510.411903783017
2271727,31317.14357422808
2271730,20712.786549076467
2271797,32349.49974207018
2271895,51710.3072435897
2271899,38500.1427604488
2271906,40860.418174350096
2272303,16477.053708916283
2272315,14043.8526463553
2272380,14292.51143665958
2272452,50040.87243324873
2272628,42304.089538995024
2272634,45799.829085503625
2272678,48060.86431886136
2272699,36292.78269915545
2272746,51091.35025715479
2272770,42215.10252501023
2272793,35050.86123436461
2272803,52630.91016539049
2272876,85728.41538948483
2272952,46148.86382085263
2273123,28800.59460791801
2273198,76593.51532077588
2273210,48423.87693775365
2273491,16977.002830124056
2273565,18705.049030612117
2274844,58856.32638205447
2274847,52774.67392273736
2274883,47617.66397309992
2274926,56003.112573417966
2274935,84071.78709383166
2274952,59638.08401101292
2275012,75099.64684258892
2275014,62457.411318880506
2275078,11210.523817073632
2275294,55154.69626119814
2275552,20105.20199151218
2275553,12874.95821546994
2275554,20967.370306402325
2275557,17464.146804452357
2275563,17056.992051682195
2275575,19124.801580269068
2275578,11753.000210086668
2275735,8645.965676278218
2275787,52727.62430465488
2275830,81500.02920701001
2275865,42514.04624677254
2275866,59927.73973182087
2275886,74910.0535473187
2275890,93158.3181569082
2275907,72886.33778549405
2275916,93644.65038122592
2275918,90498.61604046314
2275924,62156.494036283046
2275940,57280.52582320312
2275942,99046.47299266286
2275953,91480.1947961265
2275956,86484.62761399374
2275962,115883.40072337526
2275980,79566.82205543655
2276138,9072.623493450776
2276145,10610.713404887028
2276174,8761.886210301811
2276184,11724.102638525876
2276197,10630.889660208552
2276226,12188.064679265844
2276228,12038.9098328012
2276230,12744.352128181352
2276259,10465.576605405153
2276422,49608.59568683004
2276444,43653.72864482664
2276447,43823.669537351096
2276452,52269.58162603644
2276471,48564.788808736914
2276475,54647.8835271874
2276483,54284.93083855543
2276489,59271.81006768494
2276517,53770.85711817368
2276518,54266.0707337647
2276519,58393.19772785406
2276571,51496.5987069682
2276582,55578.88703535459
2276603,57416.85709250819
2276647,63267.26135078134
2276660,62457.15318854872
2276662,76706.01152458265
2277275,56879.75286908704
2277487,43713.4949323939
2277490,42942.54788718663
2277493,35531.14424105149
2277500,72529.43887369576
2277639,15889.865491053515
2277692,108600.64659084144
2277726,92553.90210413851
2277801,88291.2077005795
2277903,50494.3216075251
2277909,31755.05204130465
2277970,20795.41652696492
2277982,20403.934351256663
2278011,26680.69589399481
2278027,29829.752638171514
2278037,25089.843340029805
2278052,27686.90781090284
2278054,22989.387454001768
2278056,27682.45877947686
2278134,41116.6703391149
2278144,46405.30039720687
2278145,91039.77874147
2278157,13258.111263145722
2278164,12648.313694588503
2278206,44506.71446070391
2278209,38881.83772391314
2278229,28612.58483639058
2278258,27366.792269608297
2278274,36968.19928242455
2278278,24676.33258401686
2278279,35925.21398197372
2278284,38275.28706483914
2278285,40680.5274701739
2278288,40658.37875139317
2278315,56672.88369738548
2278359,38843.855531486864
2278366,55795.21396156112
2278369,59683.0203028259
2278371,57556.3981948595
2278454,75902.88309237928
2278457,41197.272836400654
2278458,55880.06502384972
2278496,26174.12692897673
2278500,25744.144019181003
2278510,28525.38277704309
2278584,38450.61975503138
2278596,31722.590508275505
2278602,36197.43712733009
2278644,38299.43626842146
2278667,33536.90053778747
2278673,30108.19586288049
2278680,42451.12602795802
2278681,38972.23661509164
2278688,29341.95530661611
2278707,28851.805562295027
2278718,28462.69454546018
2278729,24361.34261053637
2278780,43361.556930465966
2279157,60437.93667682749
2279200,75972.33190207588
2279203,41446.18705976308
2279205,69263.29601243042
2279217,81512.6370960336
2279248,66351.01438704433
2279267,71638.97566665325
2279308,60933.19763423048
2279327,43681.8455902409
2279346,62964.821326980345
2279385,62558.66067787682
2279407,58340.43185552998
2279433,80428.05478079496
2279436,52202.23446839141
2279437,56337.957979546816
2279522,37914.07721886416
2279523,30475.233382352
2279529,22779.168554124357
2279555,32920.25773846914
2279686,31641.74552815925
2279692,25335.40747921702
2279698,29661.26925924359
2279746,31061.09975430333
2279783,86975.82560607078
2279800,94529.6352032092
2279836,51072.188368683564
2280359,19102.685681506264
2280361,15646.33709569744
2280370,16694.747188647
2280371,19994.441085571936
2280405,116023.779264866
2280423,123547.76460152748
2280430,85018.8330454125
2280435,117719.59395415656
2280451,133368.5304007229
2281203,73078.13118965314
2281307,16012.404534430889
2281308,14020.995441096518
2281322,13796.564980523355
2281324,17972.667049348747
2281337,13184.809554200529
2281344,15003.356548908783
2281357,50525.4191549441
2281511,97290.62736482972
2281824,61648.24401798472
2281854,88396.27426563138
2281894,92592.97181489498
2281934,72048.95373395861
2282010,116596.6125015191
2282068,92693.41795160862
2282243,90364.206925628
2282300,71637.6949545067
2282356,89984.85984421785
2282557,84323.72491174574
2282608,97775.63340043374
2282666,31386.7210379452
2282676,24300.37648677103
2282684,33176.14350131947
2282693,22253.019182577136
2282717,16891.90002654128
2282769,96978.82900257672
2282833,10932.321369659248
2282834,13664.754157502275
2283439,49072.42841822398
2283464,64683.07027990706
2283465,63450.19795064301
2283467,61158.19193264766
2283471,64127.962533650585
2283486,87382.10498496814
2283511,51201.59462966162
2283512,44058.558337484086
2283527,42057.20663782386
2283535,47970.31209643563
2283541,59056.39990382886
2283554,57247.02820437431
2283563,97039.969289781
2283566,56735.19187688886
2283569,45991.90952662797
2283579,66086.79089319758
2283583,60763.477846510206
2283594,82781.69468842007
2283600,40604.26529467979
2283618,67440.95624894166
2283625,55728.26515385986
2283636,87284.39646780016
2283651,87774.48543186781
2283701,95832.50802648916
2283801,58458.25724092527
2283833,69247.85993698286
2283858,85454.40216429997
2283895,53443.98733109581
2283901,69088.90550146619
2283907,59429.53730869797
2283914,56633.88342305792
2283943,71887.94912775743
2283961,57025.337953326496
2283967,80667.73149243115
2283981,87091.84793899498
2283990,64985.78464109147
2284039,92779.59322410128
2284042,74119.41335041341
2284052,82906.77079804726
2284062,79407.64289020184
2284077,75574.6355641259
2284102,76773.41036545878
2284126,76302.22234803229
2284255,84731.97819264447
2284261,68214.43035130226
2284300,76884.10537728982
2284308,76435.07618813837
2284313,70390.68004243178
2284333,66814.56773109478
2284349,79162.98976145798
2284370,69863.83202927941
2284371,89486.74659590886
2284385,63286.460667680345
2284411,47932.77738505173
2284458,87615.2344902926
2284519,94843.73751544698
2284564,47706.61131665168
2284578,59193.04735031878
2284627,87633.90974797115
2284634,74475.55398921232
2284650,83580.20576551904
2284668,72069.73501174763
2284755,79608.62633370882
2284778,76475.57324112917
2284850,100162.29284226795
2284982,48391.076807243466
2284986,44001.23751843379
2284998,92247.46871417348
2285023,68452.48897497059
2285079,87814.40133297168
2285107,84511.44056951893
2285122,93771.89605954364
2285220,77327.77288127833
2285231,92277.3713457689
2285287,77987.52659422427
2285342,66224.21804396395
2285350,83278.13140263106
2285410,87386.78255327202
2285420,75063.44966264235
2285427,88375.47992558042
2285455,82744.79203825325
2285481,89151.25060813288
2285485,97493.89644181676
2285490,73729.62882562232
2285493,92207.17620828374
2285507,98200.0109206253
2285544,91237.64403641982
2285591,125586.67580159148
2285659,67035.05126281732
2285722,89212.86611374727
2285726,99902.37020115711
2285908,60808.92065982152
2285918,47646.30087403466
2285921,76267.76660796805
2285938,64637.83546217994
2285961,64465.87478510146
2285979,52047.11204393237
2285994,63385.58242412692
2286001,51996.32571117282
2286003,67717.76851177285
2286025,68216.53653732094
2286034,60084.112039717336
2286040,67850.76828364603
2286053,71372.00941354585
2286054,49341.767993272086
2286062,59527.07398794827
2286066,47353.29964934891
2286089,69320.96722731297
2286102,80946.68041666108
2286138,58690.29233054111
2286171,70075.59733496213
2286198,71232.40085120332
2286202,72020.21900558646
2286204,73733.30219922765
2286258,16089.478454059376
2286283,16459.257677074384
2286393,85939.44554408586
2286449,76196.98805287837
2286454,66391.00615520608
2286458,43614.72691824505
2286650,92755.149306117
2286706,111236.16913960804
2286908,140113.29478188956
2286985,86743.47898514206
2287799,34168.26494828152
2287849,105929.39700066036
2287877,90496.94779263122
2287884,80039.29121564375
2288046,83619.05977997668
2288243,90236.70311117193
2288412,81307.63077944939
2288992,75414.57723840914
2289017,98660.2563793571
2289046,87315.17847692472
2289101,84084.24624841043
2289112,83334.73894463837
2289122,94073.74112166246
2289161,75229.75711775315
2289234,85179.91273179134
2289378,65128.35330989312
2289419,55175.33446144225
2289469,101386.71209985374
2289488,100876.90275102394
2290486,31420.700724973976
2290509,36871.896129465065
2290510,37962.86154825172
2290580,19872.16906559274
2290587,23821.018956335764
2290588,17942.50913545754
2290606,29118.083868015543
2290622,18898.58161936397
2290760,107034.95506345376
2290871,57443.559455487215
2290878,78558.30772703383
2290883,97432.85728399728
2290884,62387.43137425459
2290895,86749.07994778646
2290939,83464.71094616977
2290998,19833.005894182737
2291024,34918.91384157073
2291025,33241.044776883675
2291026,29889.778126489877
2291027,27276.53970274792
2291031,35086.71195077519
2291716,20532.59692722508
2291718,27252.494395659724
2291732,25817.490553926444
2291735,25089.39252131792
2291745,27592.566173853946
2291751,26303.830578312143
2291764,31690.98725894299
2291800,34395.436207750085
2292089,11322.53622889133
2292110,11164.342068289912
2292134,8941.29266854661
2292140,10590.106177298743
2292168,10446.13550495155
2292176,12747.91286402527
2292213,47418.60263649323
2292218,84056.02406383352
2292238,49586.4485653315
2292256,55627.28098053986
2292264,74969.63211603303
2292273,66477.33754045848
2292287,69097.15524044583
2292296,84540.10621943958
2292300,65831.93114430342
2292303,60449.82751921678
2292311,63331.43010236073
2292312,67176.30523678238
2292316,59643.27820082608
2292340,105551.63338601116
2292363,98942.00953798108
2292371,78496.29037496317
2292383,90827.41973383118
2292490,34231.13605176493
2292604,24875.93428622142
2292666,35762.80845365288
2292688,28701.3034253362
2292753,33177.20977022698
2292764,35614.81971768431
2292787,25092.166035284856
2292820,33792.16478345052
2292879,37419.64968781476
2292971,30848.72218225535
2293021,30483.156280649324
2293064,33315.56385282766
2293143,25263.183284566905
2293287,29994.267719805637
2293307,34098.90033605032
2293416,63999.56413623357
2293429,67190.21740142822
2293441,49004.57306106378
2293443,50979.62081972176
2293450,81069.21720859225
2293807,27370.317280077168
2293831,29001.72945505546
2293901,33201.07512517649
2293938,32465.741182113536
2294011,29819.824443054764
2294193,27877.639788425626
2294301,32033.7441374228
2294368,40161.62805137661
2294417,72851.80446334684
2294435,88704.92496740654
2294445,96184.63213961534
2294450,80721.09210615535
2294456,88798.65717002051
2294483,21915.130474315712
2294492,25388.443426174228
2294517,105385.16778281574
2294575,45506.83009041258
2294580,31656.62412047473
2294735,34489.82698465612
2294897,36610.84344482888
2294971,32923.0239416952
2294988,31993.75425609464
2295028,36478.2955050229
2295193,49879.39602937056
2295195,88463.01849787896
2295333,98852.63823212688
2295358,108027.51130493336
2295360,101180.01335395654
2295382,102934.40243556748
2295697,21702.292055990543
2295698,23652.706943920854
2295712,16795.50484262042
2295720,23511.980622269755
2295977,38072.53771026322
2296051,27893.974947268045
2296131,35459.50495674326
2296152,34522.06851540554
2296423,40254.84408395796
2296431,26610.089670196427
2296432,30237.586400032025
2296452,44971.5182507236
2296457,35925.81900421152
2296460,35855.68887991106
2296480,53136.6574411303
2296504,46179.78447660489
2296519,48875.33354686132
2296521,48069.736715408704
2296530,47895.96527776421
2296613,67110.36298490223
2296634,57812.55494199149
2296671,77397.0924706359
2296689,79888.56091557225
2296703,94519.63969115973
2296707,64023.3903807675
2296718,66210.88441314918
2296719,67232.18689311607
2296824,42300.96180706351
2296828,44303.90718786682
2296830,30006.230627726625
2296852,30805.885481091333
2296859,38944.10904239297
2296871,37417.595867448894
2296918,42118.42358576107
2296926,46544.94226929528
2296933,39127.90402321634
2296934,42215.49769759688
2296943,59157.24662920005
2296949,46073.18322032756
2296979,51889.507545573055
2297041,50977.96245109905
2297064,52408.0527121374
2297078,44402.47160310571
2297079,40289.456364508325
2297175,88318.51183483143
2297211,125830.9130762696
2297314,105749.16281417097
2297322,121192.35856601392
2297325,101808.85160914596
2297330,134755.53180168598
2297511,131892.29206959467
2297679,65919.77509622875
2297970,31261.225587329405
2298256,20619.48802185145
2298270,61498.32014492845
2298273,52253.30430725193
2298274,63207.04207010375
2298277,68593.5065998983
2298278,77347.72171965259
2298489,53482.555893967285
2298555,38511.36611693687
2298602,56958.45287200133
2298631,53551.81928871512
2298651,65444.871706268284
2298657,37892.36210036176
2298672,46432.648647692586
2298701,67168.91910394719
2298705,44963.33517219731
2298723,63050.71347333226
2298745,51315.92336013057
2298760,54048.60405802287
2298770,50566.83182607249
2298781,51082.99325320376
2298805,59402.06794837318
2298820,88775.07470186861
2298834,54160.14984030682
2298856,52586.30038609836
2298872,58198.636576224846
2298887,62672.070827613934
2298898,77488.59513398455
2298913,57002.45501737436
2298916,51716.00887507176
2299021,39326.50202580217
2299026,41941.95788613112
2299091,50478.34392582406
2299119,41755.40876138828
2299121,41722.23308637631
2299134,40526.79885723786
2299167,33450.82395716819
2299175,31144.73822761228
2299183,31607.50748926112
2299186,31072.91908787675
2299192,39726.11277736387
2300773,42078.0502014458
2300795,88832.20465452631
2300803,54476.920701433664
2300834,66101.790837826
2300852,101118.1024618137
2300856,62649.28098310995
2300878,86969.62221909102
2300881,106706.05786135366
2300889,97328.268031596
2300894,71219.3894732942
2300922,58155.97629514261
2300934,44001.20479069761
2300944,52562.28969732509
2300953,55917.627865349816
2300965,68805.87571134177
2300968,70960.22798439028
2300970,53141.16303036738
2300989,71241.38719475665
2301014,75648.41451933279
2301016,76103.1313645306
2301042,56852.54517283802
2301079,66213.17699565491
2301268,64069.66033531056
2301289,88747.9002800893
2301297,95105.84709266406
2301299,64685.95367594589
2301354,103441.0666490814
2301372,63050.73934212895
2301413,74705.17397907971
2301438,67138.38329017081
2301780,13780.554403980146
2301781,61252.96478706368
2302052,30747.279328908902
2302094,37075.08532249538
2302109,30779.058974375508
2302183,43732.00894687848
2302184,60885.09644843699
2302218,42691.84053369128
2302256,45703.39488947824
2302263,54152.870245173326
2302706,21704.523368379
2302712,27362.140172875694
2302739,19719.90829950177
2302777,34343.247767431814
2302785,18066.87607988372
2302796,28862.05803733529
2302810,26167.85465310625
2302831,33264.83872801866
2302843,23541.1001062356
2302860,26351.72347036183
2303069,93125.7211167927
2303077,63478.25643726389
2303082,66619.32477488465
2303092,65879.36273757103
2303128,44483.5914157018
2303129,60366.70441583934
2303148,59339.1077547458
2303155,60093.57604474056
2303158,66582.97968070018
2303161,57313.90699246024
2303180,68978.612633215
2303226,68855.79253826741
2303240,71339.37478374297
2303253,48743.46956014055
2303259,45439.10384590692
2303270,57264.33706948991
2303280,53879.69017236721
2303300,57673.59842079783
2303330,58081.35548340611
2303358,92849.74542815235
2303408,70481.63820349812
2303414,67321.63887200308
2303575,104817.781441194
2303581,62394.986592590976
2303583,73346.86360786829
2303604,76088.39184309213
2303613,63518.62105439954
2303624,65950.65049606952
2303634,92208.02640807231
2303679,74353.62446569663
2303686,93645.17233396228
2303715,65905.43646170486
2303716,67141.29439227161
2303730,101310.02307273637
2303770,70235.20075880027
2303780,78558.19996480114
2303803,90317.7566692308
2303816,92908.89418385892
2303875,63740.83508379223
2303895,74759.16151376595
2303898,85727.13857012175
2303932,74622.64494694924
2303943,72857.08210591887
2303981,84613.9955659143
2304012,85091.3946095327
2304022,74638.25448492136
2304049,91262.90272998528
2304068,82367.16258069493
2304075,88013.00992259572
2304101,87195.0222877999
2304163,14981.819960284662
2304235,16593.777061990557
2304250,20206.93578943342
2304266,16565.406461391576
2304283,12012.996146099003
2304332,22072.397754826925
2304372,20169.967382322862
2304382,16870.071003676807
2304400,13734.474970711295
2304403,14070.79265400474
2304409,19763.185867083597
2304421,15635.821890281191
2304438,15460.37956846285
2304450,15709.782534563215
2304451,15927.392930382994
2304461,16593.729935849587
2304500,15194.953890244538
2304502,15410.213247535798
2304525,17887.08779376948
2304527,18742.66645477973
2304529,19695.767182772463
2304537,20286.387471559385
2304597,18083.681867761952
2304636,81880.97503465912
2304639,97161.41959825662
2304650,106979.31241072052
2304916,100090.84741810668
2304932,12286.709815919849
2304939,14943.004331972988
2304948,14018.5172906355
2304958,10320.991315904812
2305042,90952.44328487894
2305052,73440.94488686943
2305268,82390.74654861388
2305661,14732.45248389506
2305787,80461.98989471272
2305788,82530.87191284516
2305795,83944.24495894217
2305816,75699.16429442339
2305858,113067.33671373136
2306153,27666.627549424287
2306211,26241.776182592246
2306229,25097.316915775395
2306293,32771.18779161783
2306525,33711.206006617474
2306548,29817.897291911107
2306573,26040.584817768307
2306700,29496.57038170133
2306909,33762.89885123334
2306919,34150.6310462829
2307022,34019.39047223209
2307124,24143.33965609338
2307221,26891.992280359016
2307233,36301.14848501431
2307305,27073.874231237827
2307365,29059.50490446494
2307419,36904.77862117323
2307538,33842.52463208584
2307641,33153.965379994814
2307705,37092.223195216655
2307732,34716.97025544179
2307774,31654.295930455974
2307805,27090.28092630169
2307852,24890.791459657157
2307855,34651.701696011165
2307882,33662.54053398912
2308066,36960.9264842562
2308262,20007.147640433577
2308432,82895.73711699607
2308476,20410.367741685885
2308492,22141.378201020336
2308532,12867.897499559112
2308534,13388.29002512366
2308903,38058.629488101054
2309000,83700.9655652045
2309004,99455.9610615371
2309022,88947.64939518958
2309148,71546.60237161274
2309177,69986.17735379259
2309192,74080.03834525822
2309540,34414.014131521035
2309543,28026.676822726677
2309545,31602.072612904205
2309559,37402.00316128085
2310115,27203.367127378977
2310117,25854.49920337439
2310185,29506.924168838654
2310238,54098.71117506496
2310649,63673.240003512365
2310666,81647.47617941981
2310698,91260.81775613342
2310740,11031.91221986941
2310851,115698.38434570112
2311033,29291.62305533499
2311141,30813.771183717192
2311195,27098.750057935235
2311199,41130.00029086328
2311225,28954.8099942209
2311281,45977.048173887146
2311477,12647.045319419884
2311482,10204.182448929592
2311501,10540.102369633514
2311522,13218.819880091309
2311792,26800.293223695768
2311852,34828.26152929891
2311886,54643.50348338298
2311904,89729.29556937321
2311905,79003.23409578623
2312007,57760.41426311761
2312571,49656.76118720332
2312888,53297.62209697634
2312889,53167.18708011479
2312980,11606.444720670272
2313037,61415.93940893488
2313055,56800.08873715169
2313085,90642.46574334284
2313088,74363.2488641593
2313799,35405.484575840645
2313817,53096.01621130096
2313833,70380.1004354833
2313840,62807.24261593457
2313892,86633.70270652439
2313942,41819.09613354954
2314598,16114.067033125995
2314609,17405.677298112052
2315318,92785.40353755825
2315567,14548.636551998294
2315570,16385.29580472478
2315626,25485.508250959923
2315635,21631.075056758385
2315661,23935.26762487785
2315679,35055.96533134226
2315691,15767.90018149176
2315711,27404.0224257577
2315723,25935.886074130674
2315749,45311.05784424109
2315752,92969.3656095677
2315830,51998.19526744533
2315833,47351.37130728003
2315844,72351.46141315586
2315849,78760.54032670686
2315855,51620.89141722584
2315886,59464.70684791816
2315896,50737.26912170009
2315898,69803.31643216358
2315905,51848.35538974975
2315923,50061.81105924136
2315940,52383.383837801455
2315941,51938.10309311824
2315967,59303.68973461053
2316012,80510.8846266917
2316013,58064.10048980556
2316018,71883.4286659658
2316031,61775.90820869568
2316041,53708.43119436405
2316049,69620.22969987759
2316054,86655.61769975559
2316061,85010.6732814574
2316088,76801.9088221438
2316110,76727.3282009302
2316123,87187.4971046135
2316124,82163.74085021892
2316164,68216.97202806314
2316180,66461.93779311064
2316194,71171.24480362539
2316207,88264.77315765199
2316220,61483.46717366886
2316223,65839.47498721856
2316230,65911.39388617329
2316240,88519.02439336828
2316249,87146.90315700234
2316265,63847.00547467568
2316266,71765.06968893805
2316288,58409.09439950703
2316302,76816.42816185331
2316319,67943.00713316884
2316335,60776.61265692848
2316350,65385.82784424832
2316369,62748.94247871879
2316414,77530.98993182404
2316418,73181.15936563608
2316423,100096.67404068784
2316445,88395.45802636181
2316516,76887.72836192
2316582,89307.22471615755
2316612,83358.60797074252
2316661,54776.10145327684
2316669,50875.160253276
2316671,53991.55792848524
2316678,84697.12037291442
2316679,73763.15617294965
2316721,85104.44987672722
2317148,39602.7575621499
2317159,47436.414350691375
2317170,44023.98688391959
2317225,49138.38421891026
2317236,71066.39463429787
2317237,48636.57517520102
2317271,60917.47409495192
2317287,25033.37615609809
2317307,30260.525274209154
2317311,30730.88687432718
2317666,98365.36728263368
2317692,101370.78570375306
2318000,29708.508521952044
2318013,81025.64008931714
2318071,62422.72912129552
2318400,45114.97444376502
2318467,57164.76766615241
2318481,62954.20445008289
2318507,38046.16749638044
2318575,81327.72288422886
2318599,52084.78546472093
2318605,49220.61623068066
2318844,50026.856408143765
2318847,53807.77996536239
2318865,33711.657082841266
2318904,69890.56457022708
2318909,83110.37491267097
2318913,55216.88119851966
2318917,55754.44459023944
2318955,62987.31671568425
2318976,61277.78571811337
2318994,88132.25488234776
2319008,67792.21607563205
2319043,83118.9576982552
2319066,81797.4255793538
2319090,77858.84250449028
2319802,34902.65858952247
2319868,34566.99361886107
2323321,56758.47991820934
2323451,89006.78561765775
2323483,69778.0627873852
2323546,60602.16961500785
2323559,60503.48595225024
2323608,87228.80838025456
2323615,59473.16459086747
2323627,63080.9719594211
2323629,61840.85463758459
2323640,74555.46893299607
2323703,55518.52691296977
2323717,100608.0932929006
2323876,25919.897087519228
2323888,11748.567749770264
2324158,61448.1233946371
2324233,52524.21144118838
2324236,46592.0601039124
2324250,54247.86576847691
2324579,20987.6720762834
2324627,43345.81775738548
2324680,17382.505641070427
2325320,37039.83240414482
2325337,33723.193966558785
2325361,14142.076990481328
2325403,20359.2195202846
2325444,37365.71068471482
2325447,48798.94175801816
2325468,13977.48345879854
2325469,12086.50357442485
2325539,21663.765000126044
2325547,13672.000814057394
2325577,17558.907947503605
2325617,23985.218732797828
2325631,17305.061853475643
2325641,20116.455763990023
2325645,16873.47156781364
2325677,23019.48597616228
2325679,22189.176350788643
2325707,30182.3100891309
2325714,14957.605956829537
2325716,39930.2146858097
2325741,41433.18981193532
2325744,34659.84665799526
2325805,26464.9943579332
2325935,15977.45575782656
2325982,12603.978835393227
2325993,36408.913612315
2326018,14390.955120642047
2326078,24297.85021742639
2326083,25338.97185513423
2326092,24942.676073093004
2326102,20111.7914631333
2326112,13729.534843735031
2326114,23493.18181702557
2326142,23612.22980423728
2326430,60511.43259549164
2326558,18996.1414969052
2326897,12112.003641875905
2326958,26752.73788309416
2327018,35025.22980812733
2327025,27518.005092907915
2327030,34916.32123605314
2327073,36670.33246953298
2327187,27838.65115206881
2327596,42944.79705641034
2327903,13904.989916446048
2327942,16035.426386001063
2327962,73420.67196443726
2328018,9990.92672852793
2328021,11467.47733836455
2328030,21161.53069502131
2328049,15923.408024280305
2328055,12384.645475850351
2328115,9669.017086425749
2328124,15498.64126583215
2328133,12178.590925530834
2328156,10252.198157728924
2328168,9885.792021883484
2328219,9756.290861628237
2328233,11603.884588349829
2328352,21164.543695461307
2328370,20744.13970150913
2328384,23195.109802480853
2328396,26334.762291007544
2328400,41713.96459977698
2328408,42504.70259407223
2328409,32553.74044957733
2328419,38886.19467967915
2328439,28297.379435485396
2328455,41754.10430426544
2328457,33305.475138213435
2328470,45026.68422725517
2328483,64806.70351341664
2328498,29984.059837214816
2328524,11034.205185353469
2328586,11067.644840665336
2328588,13983.076886168414
2328595,37939.1492617396
2328596,22898.78906535687
2328610,51840.7769733083
2328653,27730.5983804028
2328684,66649.55499574875
2328692,16964.352767797835
2328709,14571.664956547387
2328720,14164.371017524942
2328730,57817.18103487847
2328738,13736.436437164266
2328756,13948.170663821347
2328821,54273.13123812592
2328840,40088.69723874095
2329011,12342.343608782674
2329049,28852.54404918154
2329066,103989.18380096332
2329115,39980.77964621584
2329127,48365.26220228743
2329349,64793.40436240311
2329375,89892.10314158081
2329697,23885.463885920733
2329956,12427.925636007594
2330071,39929.02167869244
2330100,35348.87332983944
2330101,10819.492124175327
2330119,11541.690080383434
2330181,11120.331514905767
2330776,45331.4513821088
2330933,67421.19890046272
2331185,11177.2597301349
2331195,13473.35316806803
2331258,21800.508831490093
2331280,31463.79802329095
2331285,40711.766662714464
2331439,26508.11003198552
2331496,36506.67637195757
2331502,35343.86158217074
2331560,58514.46136197723
2331565,45450.91942797277
2331605,13972.672801211003
2331643,15457.750023118087
2331666,29358.77016752711
2331695,20105.161201090148
2331732,24274.286821388883
2331739,30863.32101774167
2331744,28627.178737373204
2331775,20550.934850650323
2331875,24740.64748404269
2331932,39235.165728710446
2332014,29550.066508760126
2332178,18601.544507034487
2332216,42943.01974834785
2332235,20619.273723997845
2332446,16096.781395985632
2332497,55758.37985009777
2332515,33853.040747781466
2332541,76391.54906797016
2332544,47991.26701871048
2332561,31548.187616262025
2332673,89240.07117222039
2332684,36814.84670193329
2332716,96669.02348002768
2332863,81356.87148723783
2332949,58075.17824013558
2333085,93535.28848026514
2333115,48311.85893995419
2333117,61821.74496672816
2333279,10477.01108194344
2333304,11417.584344909335
2333333,19540.18448225997
2333380,70220.79147131591
2333381,46150.07527912396
2333396,54987.56877991478
2333400,39171.68999936791
2333434,31614.26666187385
2333441,9332.858919821429
2333875,11548.301686275869
2333938,12678.244164965676
2334254,30012.9333778672
2334321,12390.865378218805
2334348,24533.61761173294
2334410,47040.11838760482
2334846,11969.216778853302
2335395,20553.68396054177
2335523,12058.682199535648
2335558,41229.50155160284
2335617,40012.74609542945
2335667,25668.13119640645
2335699,51119.5702971519
2335700,43934.0765309568
2335705,29713.69732536707
2335746,27930.808407421384
2335750,37888.74595260184
2335820,57719.78509269538
2335878,45010.98308192565
2335886,35890.03226637773
2336001,25116.01522431831
2336014,59162.458958489806
2336062,52519.284228805365
2336118,50200.137343698254
2336124,44005.65057223759
2336291,29645.0259645842
2336526,42739.105271936416
2336611,33479.36523339247
2336671,31247.428841453955
2336872,13341.02977113915
2337497,18814.232188732105
2337498,11058.271578225284
2337507,15202.88836374659
2337523,12147.24850837596
2337568,20493.477448292528
2337576,14307.011424156157
2337577,13530.591156971956
2338423,20305.265863185632
2338583,82472.96836380402
2338680,57589.46159455872
2338682,48817.49172459608
2338683,59555.12110827832
2338724,51553.36707322366
2338747,73306.14339699301
2338769,41898.67761476992
2338844,77261.08243727051
2338890,89170.48460774939
2338900,86636.10216499193
2338903,93595.82091073626
2339009,35277.41956599144
2339027,38504.42212427612
2339042,21347.710654510844
2339069,18963.95329099268
2339071,16742.519427651212
2339093,20834.27263233829
2339128,21132.63887580937
2339179,34262.6611844718
2339185,28662.95474883551
2339202,44313.88311412501
2339251,41718.41531269902
2339278,41014.547390460975
2339292,37132.08561103056
2339319,46835.39504742059
2339376,72853.89632265281
2339398,59009.04190411652
2339420,57408.31327120247
2339422,83905.21255787798
2339430,65085.38167032968
2339445,78513.91151158354
2339466,56027.954946394
2339507,31375.702908679614
2339551,11792.595854810768
2339557,16142.939540044612
2339561,15119.43011626832
2339579,26267.31692395501
2339585,28957.004774709087
2339588,21905.35932163546
2339611,26985.83634858163
2339612,23924.05220660455
2339616,19999.09889866985
2339630,23297.212384378294
2339631,28896.03144452545
2339643,29596.94049420004
2339644,29579.093259257526
2339811,37916.56954611506
2339846,45598.80395191824
2339852,36878.01647680689
2339853,52240.37311652987
2339863,60815.01196596397
2339873,78819.4498398022
2339877,60757.07676432216
2339890,59569.24011819996
2339906,89942.40407479892
2339927,91216.98858803304
2339973,79903.91241429443
2339980,94291.25993761604
2340200,15956.4839445636
2340215,28521.143888726183
2340237,27417.849633350397
2340240,28142.923111279088
2340260,24308.798736502114
2340265,32311.663824123163
2340269,40805.95995212302
2340270,31971.4332503658
2340272,41569.63307513322
2340274,40998.10988345965
2340291,54525.80149461704
2340377,28664.254661402825
2340384,19384.817130736472
2340386,62622.1062023868
2340387,47467.84046873141
2340392,74084.45138280626
2340409,92374.79208832885
2340469,11767.531604899354
2340470,11846.452096387333
2340473,10507.568109552893
2340475,12184.455373070614
2340504,19488.932708757988
2340517,15729.444945833116
2340522,17584.666463522302
2340564,22860.59719538377
2340571,14733.765007799597
2340617,15853.895249681147
2340628,17628.09017529914
2340666,33244.66793572732
2340682,47029.48251107877
2340701,46182.78996522664
2340707,54811.32431146567
2340722,59543.52792719573
2340949,21330.077511889096
2340975,21122.795750372254
2340982,28215.62342965185
2341013,34802.02153935415
2341017,41031.80021290718
2341028,39865.528535388126
2341043,42104.843323029294
2341054,28356.648397715908
2341055,28262.86069341172
2341076,25842.20855308764
2341120,57637.140602939966
2341143,63533.12979571524
2341159,64617.97033167402
2341226,42813.18958569725
2341231,52498.50665504712
2341233,52833.80293937246
2341267,33802.37154907428
2341269,25028.492603319966
2341275,44537.18250012526
2341278,41298.50212816204
2341311,22811.414291626526
2341318,79214.7275131089
2341320,68683.14557309501
2341325,64225.855860688986
2341342,56433.20541499453
2341358,38500.890395794646
2341369,83741.39438606639
2341405,84297.26060594698
2341430,80699.47163658787
2341458,106030.83126054084
2341757,17406.32035184784
2341862,27505.653696982827
2341865,34942.17023479934
2341882,24171.55576291325
2341897,26370.037632532916
2341899,38744.88905367948
2341930,47489.92105343165
2341983,39427.553132745525
2341985,47047.30180463279
2341996,36812.2145626514
2342003,31951.46326576218
2342038,31566.53134017288
2342058,41676.24625113215
2342114,27123.572878742325
2342145,52521.67914421984
2342178,40262.32034053104
2342179,26126.68537374761
2342200,33662.31337102389
2342213,10039.177368350334
2342217,10109.670764695966
2342221,10238.978722370452
2342222,8503.605698860363
2342282,8858.730026294095
2342286,9787.456199450531
2342290,10744.175024022974
2342376,8430.520893526518
2342407,27683.342242050145
2342413,33351.69335730845
2342434,57048.20682926913
2342475,24676.752996939107
2342482,45674.940771808455
2342490,42464.46887870636
2342491,26578.57141558952
2342498,44398.91493267301
2342505,45042.34906555346
2342509,40269.979242212125
2342520,31249.97621384833
2342528,41854.62472925653
2342558,16735.781880499406
2342567,13945.066874748794
2342592,11020.6947731221
2342629,19549.22715845754
2342637,11823.294089215691
2342643,17063.937160367954
2342652,18247.41614150507
2342667,26778.89388053711
2342705,13183.758647614455
2342719,13411.705157428009
2342762,24320.72480126804
2342765,35510.27557706053
2342781,25670.94532060463
2342786,40103.59192882769
2342801,48119.86056977223
2342820,46730.811479031625
2342823,43441.78949764251
2342826,23225.393779641014
2342831,62529.42986303591
2342847,20788.468632429955
2342907,25887.966042301498
2342993,24407.41177338944
2343026,26678.396905412246
2343061,37999.1932148804
2343102,39599.45621551793
2343110,33662.32045852545
2343138,60260.10093506615
2343178,43504.98499049129
2343210,55126.31195040413
2343230,29547.283822501893
2343236,64259.60162643501
2343238,40543.88815834283
2343262,40031.24267604508
2343272,34478.62059846724
2343273,35096.09459721827
2343275,37811.43902466353
2343309,39308.13870656304
2343332,57480.24728142686
2343338,80431.01356752674
2343352,56802.01148190352
2343409,55283.19385776333
2343415,55138.491000925686
2343434,54704.5568100609
2343486,63372.34316473488
2343518,43379.50749098808
2343541,39296.93345570349
2343572,47130.34179250266
2343601,54654.93697249639
2343617,52689.7571100681
2343630,52150.60017809277
2343642,49502.84387323784
2343643,37727.2797428772
2343658,40039.74840221397
2343688,49323.52528310044
2343703,46568.20325610242
2343727,51897.919521215816
2343781,71361.45488512763
2343799,68515.49996644226
2343832,83778.86350189029
2343836,24282.90915221401
2343968,64985.84076948576
2343974,73492.76124334458
2343975,96266.78071431296
2343979,38125.75737139938
2343994,61314.20621456152
2344012,55533.44103848156
2344064,40696.70591550569
2344093,50965.5880238095
2344096,44677.49195849549
2344099,77770.10042285456
2344103,29010.47145237836
2344121,77440.96135341338
2344124,25398.23740496434
2344137,75045.81319600088
2344168,91912.78297193152
2344170,93944.4880011898
2344238,40125.32636306883
2344296,53095.92401893015
2344362,53602.22194722128
2344370,57906.63120064288
2344373,58621.85609408313
2344375,51080.32116373686
2344390,69169.25150211145
2344403,74322.24145222554
2344409,65746.84614081189
2344411,45601.56659316697
2344424,40378.02194408815
2344435,54365.923265791615
2344485,60809.23777662256
2344490,49346.058286126936
2344525,83842.25476077509
2344559,48982.921355536666
2344581,72182.06481254191
2344590,92562.19507520512
2344610,23508.93749109701
2344698,39318.84856776967
2344735,75681.0118145576
2344758,54207.46985395695
2344760,65571.77481445811
2344769,55966.58670273347
2344816,81091.12907785655
2344843,12134.663402421986
2344849,11969.63966866301
2344859,11690.470351219976
2344869,17456.865288067485
2344906,13767.087307601105
2344925,19983.178789427868
2344956,21194.301661755915
2345005,18424.78798943862
2345017,13605.067424913876
2345022,13318.13443464146
2345030,17927.297607482076
2345034,16065.73514806368
2345042,16470.371228948105
2345050,15397.711810467505
2345062,16243.668371349995
2345066,23645.966519266487
2345070,24156.74593743017
2345075,21645.1494260213
2345090,25063.29478810144
2345092,16701.535191080002
2345094,22861.831584659078
2345108,15338.665972458231
2345148,17012.573131193065
2345162,17979.667480105287
2345189,17711.816545515096
2345240,16544.080285014094
2345245,16721.22240086939
2345300,19797.95611677533
2345309,29571.40773349719
2345320,30820.29767621295
2345321,28861.38781685445
2345327,19835.6680410792
2345395,15914.868266356973
2345436,35526.05962465971
2346052,40474.25043880183
2346261,17663.957858899405
2346319,27684.135747082608
2346368,20457.590029752828
2346506,18924.54095653057
2346554,26039.711495644093
2346558,23547.178941069706
2346589,22913.321183774235
2346617,28619.89236265498
2346635,30947.947697237956
2346640,27466.62000177255
2346647,30438.987010067493
2346664,34623.44020450709
2346687,37294.14834882968
2346702,40553.638369013584
2346716,28818.45655287121
2346742,23152.074699622684
2346760,39223.33672736035
2346840,18425.78224083796
2347776,10019.53934655506
2347863,7964.660392752718
2348673,15860.367800542206
2349006,13806.094451708
2349244,11425.28602505237
2349639,19853.97159555597
2349903,19689.124673483995
2349949,27304.247571831176
2349959,29126.702227460337
2350259,21229.777119840623
2350291,21930.61498957628
2350293,21351.537575428065
2350315,24270.501833644597
2350316,24664.11073205408
2350416,23755.749922512136
2350442,29709.96126611704
2350447,26166.836102663317
2350472,29072.7844314888
2350475,30069.714621229497
2350486,29849.87527850643
2350531,23089.20672131873
2350688,24955.520331735
2350701,23153.12212745368
2350848,25282.941136254278
2350881,24052.17174226422
2350889,19043.439995474808
2350918,23925.53776158757
2350947,26931.12954699604
2350957,19930.54147253775
2351014,28432.00755387189
2351820,28528.480403141417
2351841,27555.380791293017
2351843,26150.573252548635
2351846,22479.84656391456
2351936,24566.85325984616
2351940,24972.290150437984
2351955,25966.677592198357
2352064,31158.892581256427
2352628,14893.851348512851
2352837,19180.25096503052
2353115,32415.68945002413
2353139,26967.98797184814
2353208,30806.755050168005
2353211,28598.19438797685
2353242,30926.96135883386
2353650,20614.63530935929
2353655,20478.720125457512
2353689,19181.810375659526
2354170,25520.082216980183
2354222,28388.049784574643
2354314,51834.27073238486
2354648,13812.216642473466
2354864,20435.6387177183
2355098,35617.90622298981
2355139,34955.807482032455
2355499,21460.95483944394
2355516,17074.972709149362
2356047,63480.992526160815
2356094,56725.69925096721
2356139,50403.13131574048
2356378,79045.22073443184
2356384,58732.5556762621
2356432,74067.51955219789
2356444,43367.12199840124
2356476,40528.25818709855
2356512,51938.55583975532
2356997,28723.885219445645
2357109,29744.370406519945
2357167,25582.56970242031
2357199,38615.98695600282
2357212,35189.94051808976
2357213,37708.055329007926
2357223,45137.22877433193
2357237,39919.33351084407
2357254,44560.70630719809
2357273,35033.14345910556
2357274,71953.14349314904
2357326,44520.45037125682
2357410,92186.44463872458
2357523,31627.436735324336
2357539,16445.682600260174
2357584,26974.34926294532
2357596,22635.631189157026
2357637,18603.574035089223
2357659,44248.46296421679
2357680,48291.89696239407
2357695,56813.36172406471
2357696,54097.11664307039
2357705,40505.11042101799
2357718,73669.79539865645
2357826,108288.50168229856
2359080,69492.81796705411
2359096,62354.15282526918
2359469,36555.9097110217
2359681,11751.484519451054
2359743,18925.680684533945
2359755,18082.291347798156
2360363,19048.78059396496
2360369,13914.021356369072
2360382,15743.66940372624
2360400,18364.528273326527
2360440,16413.203458643533
2360533,26646.83991916119
2360536,22671.922559194278
2360537,30626.111475784368
2360544,23929.603112624663
2360545,26710.982211706687
2360608,21984.58137594829
2360613,17001.29100005526
2360647,27264.39599775749
2360792,12946.999145585753
2364635,11036.135111958729
2364916,12485.99410112782
2365103,9582.171015894122
2365339,10638.472246162377
2365340,11561.74476199821
2365376,13925.025582305245
2365438,12266.182748751582
2365447,15012.679026121075
2365564,18090.286358161524
2365620,18709.976312130464
2365659,22976.043908186894
2365669,38072.33749172972
2365751,29182.4868758961
2365762,28266.72368827147
2365781,20838.75288869053
2366009,9248.552763861138
2366405,17932.76267780067
2366784,25482.42262619617
2366911,14414.350461119227
2366941,10733.59933380153
2366969,14767.270529545189
2366986,37057.26698512055
2366992,37540.99707713092
2366996,50286.61384981623
2367024,9148.098227648814
2367050,16216.041989323923
2367054,13539.918038627198
2368017,9620.113278918674
2368041,11689.915705953055
2368057,11156.812452318874
2368116,8890.425104714932
2368124,9413.057401528911
2368151,10102.09793978868
2368455,15272.221616318002
2368509,12198.114447404769
2368541,14136.585443873668
2368714,17670.75233309967
2368758,19204.877606979917
2368830,13833.125205096025
2368898,12735.045584335368
2368904,19606.34562812979
2368921,20480.45558645844
2368922,19950.14711894143
2368963,21901.231718233943
2369013,20926.42829235296
2369100,24047.872791627757
2369101,17097.751474702512
2369171,14624.563218089868
2369213,21310.58074532541
2369214,21735.548341111447
2369239,15395.778716170062
2369248,23905.799797915
2369310,23770.94261534183
2369313,38487.90208796817
2369343,33182.26977491593
2369369,37830.60263831965
2369375,23895.688579842885
2369424,14417.307924505829
2369440,15472.496156142694
2369539,19760.45959462356
2369540,14985.681548078604
2369541,12312.966348643564
2369632,17365.23904201739
2369633,23433.26526877766
2369645,20520.128672726423
2369647,18483.37686499976
2369670,21106.377323256114
2369679,22138.430302487344
2369693,24263.971489834785
2369698,19925.57924994779
2369751,32402.01843076008
2369760,22954.83818198926
2369782,31536.331878284163
2369786,26644.086138703045
2369810,30482.83173709111
2369845,20632.338067454584
2369851,39547.87024851552
2369866,29696.261236036065
2369872,25591.74559927843
2369958,15948.445664128418
2369981,22461.61013465371
2369999,17559.438252774577
2370005,13573.702107259343
2370006,15557.230464229217
2370047,23123.36973637381
2370088,14317.491434984431
2370092,15563.997629483534
2370094,17928.232670686644
2370163,25835.517814775725
2370223,20198.366631957517
2370229,21060.157047332057
2370242,21911.870661634275
2370245,24251.877791983377
2370262,19802.7402506877
2370278,18467.424059358294
2370285,27407.94626061326
2370384,21652.054452593475
2370405,22310.12105450317
2370458,31482.585617067984
2370464,36500.5567443966
2370472,30848.042421964437
2370479,30277.896842307728
2370485,25590.2126148793
2370486,29698.56839962717
2370492,37931.694359398505
2370535,29876.842968710727
2370553,33810.985608219526
2370606,35030.90925708441
2370611,63407.37213189327
2370612,56404.314947665
2370615,25258.264125980957
2370632,35460.686340411514
2370657,25751.88184879456
2370740,47209.49508421445
2370759,41007.09619352047
2370775,34225.28516550083
2370828,8446.366803617191
2371063,8846.580085632806
2371108,8322.122087549931
2371137,10217.719516652009
2371157,8941.550528943655
2371166,9730.356270931772
2371257,9623.458681545064
2371480,11921.51081815765
2371527,9304.992354956825
2371588,11587.81024044976
2371805,22278.484691013247
2371868,29048.15147908432
2371899,29069.40390625963
2371904,15181.620130988173
2371943,17953.976173624964
2372022,15019.567044677176
2372060,28637.062161584192
2372062,34389.33172806086
2372070,30290.804331136304
2372071,31332.827279683705
2372112,31768.957325405
2372117,43871.07134553158
2372130,30685.286513971456
2372174,36187.362045055925
2372175,35964.38177110029
2372194,48686.05303247211
2372266,29154.60353301777
2372281,98888.74873211974
2372310,12941.241412720752
2372496,46719.13019672929
2372520,13338.769083775142
2372567,37903.26337908489
2372610,21670.759066818107
2372657,12348.49048569471
2373114,32416.09940073482
2373323,33826.04388236496
2373331,32765.24466963589
2373336,28809.87954290041
2373343,32040.58381129123
2373355,37967.53266353447
2373387,45270.58230230153
2373501,29186.68937048629
2373502,33358.380846565946
2373513,49217.84281671251
2373519,17799.136888900743
2373597,38895.4607055915
2373603,85145.59164698886
2373729,78197.72195168573
2373737,73422.44141409441
2373744,72593.71295264811
2373803,12216.72798144814
2373823,51412.83411482112
2373914,62340.516422558816
2373986,39479.96603254041
2373992,70862.42302544841
2373996,83361.20978496507
2374066,62484.23999863192
2374091,35219.169693857344
2374107,40303.97383791952
2374132,50211.116982400126
2374140,63041.65698852827
2374141,44215.21663323726
2374144,83855.45334319978
2374146,63750.8464161998
2374257,45957.32475475428
2374277,68222.57422029306
2374278,17717.043712904888
2374333,14104.962175808208
2374377,43980.10696673046
2374400,30109.114119721584
2374698,24945.27350516464
2377434,28038.55391388564
2377435,15051.864582343203
2377464,11886.65861127866
2377467,26431.12848069574
2377530,23607.62831069653
2377538,43958.875004009686
2377858,27574.03930101532
2377880,20430.22734391867
2377978,60900.65575617431
2377995,56879.81396674304
2377997,44408.44420197741
2378000,44957.402293129
2378088,8819.15051129527
2378152,32663.680165949478
2378226,34187.96395542413
2378276,52636.4002328218
2378335,18278.03200684127
2378382,54051.91002837647
2378588,25968.07231523976
2378589,27543.98704476325
2378592,47536.64124130977
2378602,38224.79594158946
2378605,44837.63540037175
2378614,38901.2441055169
2378618,37290.96136693677
2386074,29663.249514532687
2386742,24672.94842830841
2387195,53757.60028049528
2388589,37603.12018909236
2388627,50725.60493302831
2388699,25394.588391252
2390220,29893.633217628598
2390665,49473.55049289759
2390702,22527.72484440397
2390803,43837.633262470445
2391196,12980.736691081467
2391217,18906.746705699046
2391233,15194.854649465096
2391258,25219.51299030952
2391358,17780.46522590275
2391428,19552.15606541912
2391509,16702.240690685023
2391852,42939.05210477626
2391913,46018.83750706596
2391927,20538.85515176685
2391929,35826.461636381806
2393281,9431.416141844757
2393369,17177.68860596714
2393383,29804.13331266931
2393428,47669.273256897926
2393429,48076.24385952236
2393741,60400.98237896341
2393742,65998.89388356436
2393757,21635.971302840608
2393810,28853.57735899255
2393830,25034.07096196084
2393836,23421.08630946404
2393925,30902.980490817445
2393938,23301.78898342836
2393940,23462.822808733512
2393976,48119.77399722408
2393978,40900.63969444608
2394004,44747.90690014621
2394011,37933.68513185065
2394017,39387.39211549168
2394030,42024.11459910618
2394034,33036.84836838773
2394115,19537.78145971224
2394128,21183.910512465474
2394130,23371.8155258888
2394137,25592.055710004355
2394146,24920.7722122368
2394160,22468.892485973836
2394197,41694.20520667335
2394216,46717.29423334744
2394236,35921.3537755457
2394284,23215.971488195773
2394286,25292.66761512753
2394293,27058.146869144737
2394297,24793.1396509326
2394318,33194.77467847208
2394320,35218.32942192881
2394327,24201.64271000001
2394362,69049.45994172602
2394370,80681.58014207715
2394380,76146.73965423735
2394419,37267.533735598096
2394503,34133.18351528661
2394514,35960.00363388701
2394532,46321.67077043036
2394536,45589.82171815698
2394549,64028.93619129334
2394561,71082.6686873785
2394580,27687.487034017384
2394594,27506.61063505916
2394602,26586.01724039144
2394615,21713.141572968285
2394639,70944.66590718107
2394691,73562.25415025756
2394912,24894.45525219467
2395097,21138.06291272723
2395710,23871.318137671868
2395796,69456.66175861689
2395921,31239.501610534426
2395927,36153.69492031247
2395953,8203.069281549615
2396046,23552.1495486444
2396172,24323.43001360546
2396224,44985.41642801942
2396240,37651.94852432082
2396245,37157.95509948975
2396272,40076.09870420685
2396473,65615.51302897237
2396568,17018.380692848983
2397220,41906.704768969925
2397261,16333.153929615151
2397451,23822.45413871548
2397606,23018.880864955623
2397688,32920.31972189341
2397813,17962.705859520793
2397826,31514.642026073638
2397904,21457.802556511928
2397924,17076.905214378727
2397951,18591.683578030526
2398009,9898.34094481872
2398113,9643.754137509008
2398404,62073.6596883535
2398841,12110.505222560498
2399041,12704.337987296229
2399333,10740.254713667033
2399371,17935.382229227616
2399437,9253.408180395014
2399651,8629.246988187744
2399676,16178.679832262977
2399753,14377.710414580484
2399771,20857.551441521984
2399863,20301.06895800957
2399899,9379.437345857636
2399999,9110.307982393117
2400096,9033.873457062404
2400112,15194.641024325478
2400124,29933.945858404277
2400148,34403.25145373125
2400207,27606.862923669298
2400219,17035.192639735564
2400223,37560.22835727756
2400248,10157.95364421237
2400273,34346.33823909658
2400294,27524.440110016854
2400322,10247.982819921695
2400363,12318.382766240986
2400509,61958.60202396898
2400539,19146.18636702712
2400892,9429.714146355169
2400948,12878.488811905803
2401172,19841.37020846591
2401178,76874.87412200077
2401345,47314.94647803273
2401349,57380.36420879976
2401418,45100.668793766345
2401450,38890.25089795682
2401688,20419.40773272312
2401721,33143.47236656591
2401755,11033.63545248594
2401791,56636.99665144157
2401884,31392.70669194528
2401990,27557.80253407864
2402054,18105.36740416005
2402098,24009.738958165795
2402136,52901.53752584332
2402182,12166.686968255935
2402219,12934.732589499114
2402221,15950.022156801264
2402228,17444.06725962364
2402236,18935.786124119117
2402263,11141.07059062779
2402356,10508.433007687308
2402516,24420.243833799264
2402519,26152.731446555543
2402558,8041.610102109577
2402632,24729.32955982449
2402638,26809.13262885683
2402650,14275.677619997026
2402762,10315.680007036071
2402879,22712.284224995536
2402914,65993.34740985959
2402920,9847.948794208884
2402976,9325.368307322397
2403040,11052.79742135848
2403076,19145.754173399924
2403204,9305.64807615116
2403337,10999.235539869986
2403435,10059.890889459588
2403669,31774.91484977845
2403732,10950.879699147765
2403821,16914.258414516167
2403993,22627.364033052752
2404034,59321.78978410604
2404383,13026.74240779482
2404428,23955.45410909138
2404574,28764.850909501634
2404694,7937.707339188475
2404712,11318.194946750604
2404915,10290.111401695262
2405076,78074.81148770818
2405122,18677.32767159104
2405187,72074.03942674695
2405349,8413.388712239179
2405521,12605.511235059575
2405536,9957.957235336784
2405538,17743.792655050318
2405550,14359.147667054773
2405571,24734.572806234235
2405640,19163.068519175577
2405678,31573.142532738435
2405851,18847.409915304328
2405998,20308.46100421367
2406024,18289.39400270099
2406076,19364.47148677284
2406079,23704.85570246927
2406143,9976.30700551295
2406243,26029.79856357925
2406253,9554.545829043627
2406655,20297.482127939096
2406683,31390.540639708503
2406718,69849.39788297215
2406739,47051.770455551065
2406782,51044.41457310021
2406804,13506.181601385297
2406829,24902.508089974548
2407095,19521.49805161667
2407209,58503.05098076232
2407217,30746.50371369541
2407290,14112.505554104982
2407296,45461.91645745002
2407388,9947.86698920788
2407398,49479.34940313879
2407607,35097.804838094286
2407639,82734.64516507635
2407928,10118.586500069889
2407996,17860.028133533633
2408043,25458.828871313934
2408083,11475.420501543156
2408102,8867.061023016762
2408257,28066.65348478025
2408269,24325.1597391528
2408275,30981.23746883653
2408336,31695.695718872776
2408438,28154.927855163864
2408442,14821.787857781115
2408455,11199.595628066569
2408539,27595.850844310586
2408554,21838.350573622265
2408659,17180.671588897254
2408668,36015.040178674695
2408772,30774.38304837445
2408809,41289.95570798988
2408871,37619.41292497965
2408877,37024.90466678425
2408878,18575.74505637429
2408879,22547.09609309473
2408882,10706.072728589932
2408916,31885.69786928616
2408943,24942.863118926576
2409008,29930.55711024618
2409009,34454.2723242956
2409012,21598.6337039421
2409052,36030.13678563475
2409065,37641.8170528544
2409073,31233.836485096428
2409093,24748.44564100295
2409172,74028.34155965134
2409201,41370.93503362226
2409208,32441.566709862924
2409229,11327.02027741408
2409372,46085.01289949296
2409381,37342.674079364144
2409433,10614.446959920975
2409434,58895.862540581904
2409474,13835.492299038322
2409614,76355.57101052401
2409618,50423.35001879913
2409619,10528.86563998359
2409714,74830.97252269794
2409745,29694.627765164176
2409831,20891.44464846664
2409918,33896.01045047708
2410076,108435.5223651083
2410250,51528.50982145947
2410285,26354.4316253326
2410356,23535.862490767195
2410376,17997.623015877456
2410381,10425.075258253875
2410509,39705.21226674
2410539,83480.07897077761
2410606,13953.97793259944
2410648,11338.156339527091
2410718,9996.157000534964
2410847,19448.084823929068
2410964,31262.34606828668
2411001,14042.371039678745
2411018,30127.220997934848
2411028,12306.067124172776
2411116,18919.369193696803
2411120,11744.516000571875
2411145,18785.997073961727
2411168,17984.56602038932
2411257,12582.93864847668
2411258,11987.897585864152
2411338,84584.82698667415
2411401,13640.701563421486
2411444,9402.823079574791
2411579,15806.403350563363
2411601,8566.239811774365
2411662,16551.030664152553
2411672,11112.268839453103
2411727,12690.70653178211
2411755,25970.816921545244
2411781,14274.255684742193
2411867,47311.14215256647
2411868,61575.30729914454
2412008,18932.10478626502
2412144,19636.782528513013
2412150,17327.206586141394
2412232,30766.027041230947
2412233,22784.643872884448
2412368,31286.720895339244
2412386,20558.971516994978
2412433,22016.14674399667
2412444,27698.02220326872
2412461,27003.59793157321
2412529,41946.76142549365
2412639,40361.09856456137
2412640,39830.21120460855
2412643,41621.47345603372
2412686,22478.09108497988
2412749,49187.13110105581
2412750,59214.801695948976
2412825,50966.792004532384
2412835,67341.42771674239
2412841,84948.9208464411
2412881,65290.14592746533
2412984,32408.490350067208
2413013,27731.666098584417
2413017,23382.904446451128
2413066,25464.18119439384
2413086,25780.208755410626
2413116,50634.85472690956
2413118,28308.738177961397
2413133,24520.24834107745
2413134,24575.021409717025
2413156,48063.3604521198
2413160,27517.616734362804
2413185,46594.44132522271
2413217,84481.24981081836
2413242,66965.90343323821
2413257,44456.39585323139
2413273,59139.33007659044
2413398,33194.48913688318
2413567,50230.626007612096
2413591,18273.948007075924
2413661,15406.30015658411
2413753,19889.07149510605
2413774,15869.958902601196
2413788,21501.697927128345
2413798,16705.72011719246
2413801,33351.74480804531
2413852,16396.343534423868
2413856,18527.887765494248
2413877,23482.52295568498
2413926,26820.23134413065
2414098,51403.98119393298
2414109,79396.76824619628
2414123,60635.15605380159
2414175,20171.7003247569
2414286,17414.207835031255
2414312,32718.891436659025
2414326,89167.19176712856
2414345,82034.76298299513
2414354,25307.0269970956
2414392,32385.69948258483
2414427,28460.940644467668
2414432,25571.50305980386
2414433,36143.826203516895
2414439,20447.81222983155
2414484,41227.83240564652
2414557,34670.06472093569
2414608,27226.04935988912
2414626,24943.585409722164
2414654,46214.00956272083
2414668,21838.20814225789
2414669,30946.3199815803
2414672,26853.077516440542
2414684,30803.957470502915
2414757,19864.533874949957
2414775,25109.434036671
2414784,26949.057270871723
2414794,24599.897536572425
2414822,39098.78682637801
2414834,26366.782663109847
2414841,24234.765130792774
2414846,16637.210188132725
2414865,23544.31386441387
2414889,20155.180933026146
2414894,21816.715039220868
2414899,20710.2908758918
2414900,31660.5116169136
2414943,43021.24603589255
2414948,29310.9769342246
2414952,41664.1038245258
2414955,44253.03905165727
2414963,25154.21716668513
2414968,19274.179501038285
2415013,44579.69009591916
2415014,31857.487103148607
2415015,32499.41167884998
2415020,51372.72720193259
2415035,26698.8840172768
2415037,28584.83231833421
2415042,33450.808996864405
2415051,32178.3644316341
2415076,42778.48257324835
2415081,46982.92377877855
2415097,28273.42133117889
2415108,33839.69520155623
2415115,31075.492101172546
2415133,41280.21824622464
2415137,32051.551255346865
2415140,43277.87837966048
2415175,19512.10428005973
2415184,32588.171585552365
2415192,31991.2892505218
2415202,36445.01682416702
2415213,22367.212208763867
2415221,26332.916417527747
2415244,32507.432893148434
2415245,34701.3007097721
2415286,47731.171279546026
2415348,20675.403370699765
2415356,24538.99208560571
2415428,53507.29855520521
2415494,75803.70786694877
2415497,55787.557118952594
2415502,43781.23053304525
2415523,44064.80404335045
2415626,48033.8988315181
2415629,65185.09091140392
2415639,35261.90591385335
2415640,70856.84971095875
2415644,35994.62913041447
2415649,36303.87939782243
2415681,57685.183147307725
2415691,32188.95127805265
2415709,62577.670384331774
2415715,43967.57855728703
2415720,97808.31930591309
2415820,54936.11364769015
2415834,64422.01905104848
2415838,42523.81044910187
2415861,98122.87960593496
2415931,80709.44552364064
2415937,80753.2517445237
2415944,59178.21406640933
2415963,49799.18047662726
2415968,93121.6109074014
2415997,98837.48439318096
2416057,55623.19443402608
2416086,42395.89738069873
2416105,64062.67490378054
2416156,78171.54460925661
2416206,31609.39720833636
2416244,36329.81667344858
2416282,31469.21934399572
2416313,80577.828719738
2416361,27284.61055309993
2416366,36964.55791750584
2416372,31216.40091430649
2416379,49805.88163393014
2416396,43969.54464216992
2416404,44375.68643678476
2416435,34179.77916775034
2416468,32518.845725984986
2416802,51772.23401358919
2416818,75915.5781280199
2416842,58472.83372382468
2417010,97777.46596854868
2417033,33957.48514553484
2417074,114969.58061615928
2417081,77683.52745506796
2417240,72890.8508599014
2417253,30655.68342852949
2417254,31667.569682865036
2417289,56029.486696040345
2417293,51037.9648666783
2417298,44577.56086326824
2417300,60417.692565310776
2417307,57254.61369245002
2417310,54031.27966023974
2417322,60116.88180593025
2417381,71353.1515879985
2417401,56391.43171453467
2417415,73848.07941325009
2418295,14386.377993257112
2418539,16223.938186662794
2418555,23836.133227104358
2418577,32410.53059357644
2418685,20948.93581441131
2418996,23048.22255078059
2419299,19596.965040164527
2419395,30668.24312733941
2419450,21968.01808791972
2419458,36921.38385173458
2419542,30368.525433977306
2419592,21501.771946908844
2419609,24992.963696014544
2419628,24107.10066871737
2419838,39052.63513045332
2419845,31832.3978407502
2419882,25749.197258402728
2419927,65808.5381020658
2420058,51281.28796548526
2420117,64225.37448407753
2420122,80927.32342475792
2420139,78993.8709679858
2420311,81986.58925649217
2420466,78206.44394536805
2420482,101944.55065391785
2420499,121963.27683472108
2420540,93997.6530629179
2420544,91234.20469418335
2420638,79245.3572887867
2420697,45286.32592917787
2420702,50056.48791522717
2420740,45777.17998474112
2420744,47752.505959185146
2420758,42774.96001947202
2420760,72935.70737011237
2420762,46783.36010531207
2420800,86543.07506678386
2420816,46211.94061666808
2420863,81319.84338470217
2420880,53320.82201994062
2420924,35211.07129574231
2420928,87801.66956820796
2420962,57473.21556062885
2421001,78385.34143169271
2421067,74803.33339156036
2421106,16281.495075785146
2421136,17992.794742470454
2421151,24130.94689014217
2421159,14568.01449762827
2421164,12771.861751370176
2421209,10184.447690200695
2421214,22678.301691095283
2421240,19732.237332287244
2421324,78495.29190416608
2421364,108231.9458479841
2421370,64361.09738773278
2421441,97965.29398243663
2421483,75257.25206688864
2421512,84127.0341984064
2421638,38522.61205944026
2421639,35862.64995661629
2421648,52970.15726428424
2421680,59621.78086637007
2421689,50154.81727324374
2421698,66230.61002036676
2421709,44250.13839166863
2421758,63285.76795824072
2421785,58470.84774234019
2421806,64624.23656931252
2421811,31663.4791028076
2421821,41303.61735243144
2421831,37323.86949404214
2421837,33004.96174576539
2421848,43467.67004905545
2421849,34557.20006987071
2421859,67983.72806963927
2421866,78248.13963336435
2421868,27817.63703299569
2421874,58123.8232084921
2421881,21790.966356162317
2421938,25815.9165138946
2421982,37088.5967789328
2422009,67571.36900267343
2423221,39864.113123233525
2423646,37595.27114578703
2423693,29736.482805971653
2423926,21292.811924386013
2424065,9069.27860156909
2424201,11697.471632821344
2424228,9069.5586564002
2424261,8951.991853265263
2425512,25145.26640365908
2425703,12383.182842154192
2425704,41881.1198262272
2425732,15135.920534922154
2425745,17304.49916807223
2425777,23976.445755414054
2426008,36519.095331165954
2426049,29608.012481368336
2426059,34828.381559786154
2426076,53005.49244921635
2426085,25426.54217398567
2426107,44423.57428612549
2426122,38387.604376022864
2426126,50065.47874893784
2426163,58715.43291551729
2426247,18473.742692765525
2427861,7423.750755939116
2427886,10248.865920867363
2427944,8748.421163145838
2427960,13000.262713453005
2428002,8828.475687281069
2428020,9633.021744725214
2428077,13967.538767599464
2428093,10731.69705524366
2428107,11515.949495497209
2428110,11615.867392840204
2428115,9722.034817613658
2428135,9411.387719614464
2428144,10510.728845366646
2428149,9699.915228951875
2428150,9299.610358962522
2428153,12931.284000607136
2428156,9931.081406149367
2428186,10272.673222517238
2428222,14538.919502205508
2428223,15571.405944851293
2428241,18987.68632378721
2428298,9472.677988174826
2428342,9946.524002790671
2428361,9922.711624724034
2428363,8469.308650343215
2428380,9043.43123902407
2428382,15276.240762651534
2428392,12637.995450850283
2428416,10732.130638586732
2428430,9700.941048119896
2428437,10058.90873840209
2428442,10449.319176141937
2428489,11048.564184868794
2428498,11107.386457338444
2428505,11278.249405974064
2428510,11140.712183552736
2428522,9913.521682744544
2428530,9332.398169183802
2428582,15965.926277074592
2428611,17001.428321339106
2428612,18057.74404510759
2428624,18822.885232319222
2428625,12143.764491171698
2428662,13543.768941157166
2428664,15247.275352652725
2428697,18227.812734860305
2428727,16772.261244663547
2428729,20651.55607723708
2428730,17381.274956484922
2428733,16381.152038892127
2428754,15129.427811209389
2429993,10394.237738086234
2430508,10969.380353024031
2431545,20018.627748353218
2433372,21344.42944047076
2433375,21596.62358224497
2434566,8193.957619344688
2434626,12624.85147253787
2434707,13274.582989817009
2434713,18096.02870898425
2435330,8207.036939316335
2435383,10319.223188700706
2435872,11801.00470118032
2438013,9596.652445389129
2438052,9062.644089633424
2438057,8976.627297961091
2438340,26612.630146568838
2438348,50697.219618270734
2438357,34832.753516780744
2439376,14921.2416942614
2439435,25753.30062616301
2439686,69061.99793984255
2440728,13881.85349152371
2440789,18214.543435545456
2441075,60960.57224322567
2441222,18240.36356752385
2441863,14806.02827231558
2441896,13346.767512649249
2441916,12198.674737442643
2441949,21749.870244378835
2441963,17406.495560675925
2441968,14182.027775793387
2441972,15147.121010189849
2441990,18456.213039412003
2441991,21037.679563037287
2442062,23887.824658577974
2442075,30960.058616847604
2442106,13810.983865378945
2443727,16671.060575190924
2443891,32972.01617910998
2443901,46114.48902883732
2443950,22288.865088616392
2444014,10171.853998420513
2444053,10807.066391594011
2444066,11845.216677914226
2444072,8048.513720204476
2444073,12917.081626169627
2444074,14685.28626016005
2444210,19036.027224783586
2444548,11684.103360394078
2444810,41811.98061466558
2446844,17830.50392770811
2446863,16640.93454524307
2446903,40828.42109167772
2446917,30166.164006685576
2446918,34023.29032813874
2446927,24001.69622597136
2446932,66861.235883991
2446942,69634.90628343628
2447455,19089.844034891627
2447461,16136.819722877362
2447472,16029.157638926174
2447517,17069.689673704524
2447534,18468.910840922097
2447558,23098.46471382223
2449378,87294.79724729352
2449383,121766.58822001194
2449390,63117.73939837975
2449393,66825.70191865042
2449413,93580.57729815172
2450088,25542.35230244585
2450283,50571.90113029405
2450337,60303.83352359642
2450702,18006.55619023281
2450869,11335.133054432928
2450883,10998.176166122052
2450897,11096.562201772122
2451127,94460.7443720058
2452355,76583.6484496803
2452779,124594.1974076076
2454455,40474.83411375184
2454533,41740.09874020319
2454549,34581.18703528724
2454606,43508.21755240356
2454657,55758.31529469529
2454682,44650.022307554456
2454726,41079.59437735938
2454747,57008.03497579353
2454804,73357.23012113466
2454827,59113.85966057894
2455048,45231.76550133564
2455052,67655.9296731431
2455123,46562.77660375078
2455124,48925.2909832117
2455129,46804.224696679616
2455151,55514.619725589
2455159,70674.20330217894
2455277,37144.64693593948
2455320,64117.140798041786
2455339,64477.86380547898
2455341,50239.03624744181
2455451,31857.129730524422
2455457,55221.26950640625
2455527,71407.39768124453
2455564,17652.109920840016
2455603,25650.48510740115
2455676,70697.11096283069
2455695,17380.94447651312
2455754,16123.898080789715
2455791,20846.71905217644
2455859,26292.194796813783
2455877,34194.91849578153
2455923,21427.28622551462
2455953,27118.26881548317
2456261,66919.37641904829
2456372,30311.256755499264
2456383,22900.845357001475
2456411,41473.52324024568
2456419,34128.43822908534
2456466,41107.00027313888
2456474,47868.227796075415
2456487,47794.42480140322
2456494,40482.27412841433
2456512,35032.68915200319
2456523,66451.88728603483
2456547,85130.38523346513
2456561,57524.29473681806
2456605,63937.09037091105
2456610,77533.73474702789
2456859,41922.366305447096
2457052,34162.81918512864
2457151,110149.79653854098
2457155,108308.85856776392
2457195,18703.844507614347
2457216,35949.36280361663
2457251,41542.51694275133
2457293,95020.67350371952
2457298,83663.77351360717
2457317,18198.23626978885
2458631,45491.239309028
2461725,15165.055368546844
2461726,35381.556915186855
2461747,18433.75246435655
2461749,20953.55126216548
2461760,22773.54610240515
2461761,20787.074429682227
2461835,28141.31868196722
2461854,33092.118998072205
2461859,34548.9047507307
2466576,13412.886928072649
2466679,9094.220379921306
2466757,8269.667622571138
2466834,9325.0340672129
2466858,8187.156183170709
2466890,8683.415391756836
2466894,10059.025498119388
2466983,10284.345629977131
2467079,11560.663397927208
2467080,14379.016943147852
2467083,9708.387402590177
2467104,12708.53416425814
2467108,12603.167599705785
2467118,13691.716680541564
2467129,15808.769494211849
2467252,28539.03673624045
2467275,13802.69282551366
2470349,31955.79045675982
2470723,14523.605883170798
2473029,33032.39950642783
2475493,9624.339879947274
2475528,8193.774621992003
2475542,9673.096846870048
2475642,8610.902128428515
2475648,8847.062384677734
2475658,8435.897098618141
2488752,11049.716203314269
2488793,11720.904726352548
2489036,12002.185999477344
2489040,8395.263663641645
2489161,89270.72056871974
2489462,9535.814449983092
2490183,9149.917081805876
2490321,13137.42670698429
2490515,26701.11492471028
2490860,8358.267495732758
2490968,8334.357317718732
2491912,39993.13195129155
2491922,40386.55738256562
2492010,32741.443048736684
2492198,34636.19434309498
2492200,29845.713524107352
2492201,27721.744298590445
2492212,36694.56348997771
2492424,34989.64695072781
2493299,41916.5994492313
2494109,76272.21388812948
2494197,47686.71108304158
2497919,41624.68094750962
2497985,28401.19832828612
2498001,47388.61679779518
2498294,62915.04061114615
2498342,72304.76739166916
2498850,12538.160273225078
2499065,13840.560906979845
2499124,13701.172973507484
2499249,14846.580183897431
2499259,16812.729752361745
2499436,16251.053777990906
2499527,16653.717104593732
2500026,16872.774366550686
2500177,16175.34496290056
2500270,19119.227465790027
2500397,22703.74318586736
2500434,21953.058805027656
2500466,20683.389256908333
2500467,19933.435813258737
2500716,23868.774618324445
2500819,21294.263007558784
2500896,22673.51603394184
2500930,23095.70585087993
2500939,20247.630910291937
2501372,30858.0549495394
2501385,26792.691279025
2501487,31659.989820155744
2501822,20040.78251139132
2501854,21117.42080486804
2502085,25128.173165194374
2502138,27579.2394871607
2502696,24709.259768619435
2502700,27116.37993296722
2502801,30528.845823321244
2502978,28185.075412556223
2503053,25452.60174225259
2503106,24435.49276920824
2503280,30778.985989768666
2503283,34001.31786928965
2503389,28591.62360523132
2503476,31613.79379808069
2503485,26623.43554353894
2503522,26494.257725820426
2503542,29085.876396326883
2503571,28582.109072594307
2503590,27071.721788725656
2503593,31335.32030204677
2503628,26983.91771014041
2503653,26873.82169715574
2503671,26769.3003628896
2503946,30590.73519840773
2504453,81472.12628043658
2504587,28151.385865236123
2504782,34965.82105518537
2504835,28887.95657076093
2504842,30796.51435599851
2504962,28859.447360032835
2506925,33640.958805225775
2507051,32671.013398323128
2509695,28621.0392939274
2510947,12304.122675798437
2511231,13675.832872726562
2511232,13361.424558545172
2511235,14942.271030843867
2511669,70740.6271712846
2511711,78262.32940389973
2511718,82951.60218915877
2512847,95347.94300491904
2513024,21176.704662542998
2513025,17784.062858507525
2513035,19059.99163259646
2513099,26446.3441090068
2513849,23074.35027578909
2514008,41000.53814959787
2514046,62306.2406775025
2514241,34989.69516298566
2514253,34857.582590873324
2514262,27962.351074771806
2515064,21994.92756051379
2515175,21505.9149270034
2516600,36653.23694923523
2516610,41746.81321384356
2516614,36889.5784294776
2518632,70071.98572755467
2518748,42145.13771118883
2519337,48763.55008653563
2519342,53094.20784773202
2519499,57508.75087923861
2519642,72463.8932871818
2519658,61190.46598774044
2519722,81388.42283651239
2520374,29802.81671986172
2520428,24771.09117816193
2520536,81956.71412094448
2520762,12703.6474708664
2520816,85409.18094694098
2520867,91109.30583855348
2520886,76739.93939298688
2520970,78046.17274677925
2521056,69437.16251431547
2521101,95828.56617695418
2521226,89041.86365561916
2521264,76462.21548418351
2521306,99315.77796113372
2521325,89474.08525410507
2521388,107193.4085380462
2521421,89808.91357970692
2521424,92079.56150677742
2521470,98876.79073919456
2521508,104827.99283271554
2521566,40501.05675452227
2522022,44449.18124218865
2522051,66787.94567776492
2522705,31893.26327652004
2523671,23169.50815903721
2523753,28464.701167267525
2524042,27584.010550440173
2524198,54226.33298036871
2524204,60705.494349388646
2524296,44714.35504171565
2524338,66810.56075615744
2524370,60564.46882858687
2524382,55338.09939906161
2524403,54724.48377737149
2524744,41832.02294688255
2525144,71425.99402727393
2525477,62550.83283836532
2525559,88785.49189317254
2525610,20358.452054883048
2525845,49510.30032512161
2525847,46284.57761479093
2525876,44852.4984102614
2525962,55172.28704885259
2526010,68872.04804170075
2526153,27751.559805297893
2526167,34203.51473932358
2526176,37517.15902935744
2526244,74773.50098037042
2526398,35258.7360373159
2526445,37214.153823177774
2526561,38511.7505501853
2526562,38679.6290550886
2527072,13000.017271641178
2527126,30579.375409464705
2527777,29760.120938220392
2527946,15856.502985037378
2528063,15022.20146626786
2528771,48487.07449052677
2528839,12443.456161982444
2528941,65549.43365126677
2528945,51839.312373502325
2529048,46696.56154310842
2529095,35411.00946685551
2529265,46078.83143690143
2529475,16454.208124638855
2529650,31257.43913446263
2529654,27318.795821117223
2529667,38419.49185500204
2529696,36966.34433405018
2529730,42317.68842213317
2529929,16647.785841414305
2530017,14504.211130524536
2530023,14697.555083486992
2530050,17927.992006211207
2530070,74552.46021237325
2530075,61752.006159175886
2530256,24824.469961702085
2530310,31455.673333283517
2530556,36553.55499166073
2531081,55373.59181223079
2531662,72494.53165444557
2531665,69470.36148403809
2531675,72420.76250699286
2531715,86787.67997952669
2531766,76060.71590643791
2531767,72426.01420112613
2531823,80837.5316077359
2531860,95039.0720022512
2531928,93957.14449219414
2532098,54448.948432337565
2532173,39304.67420261305
2532194,47839.87645487386
2532248,46988.11018738088
2532566,20810.36077357249
2532608,18522.070302213837
2532619,21009.5041278796
2532699,23458.49853316088
2532940,23569.735716724168
2532967,20420.32782916743
2533083,15089.320203733174
2533096,19804.34704192602
2533219,33213.57759459304
2533248,30903.0953891522
2533778,56047.77620967279
2533811,59171.078005151605
2534214,111154.15105197731
2534287,44273.45358978508
2534389,17341.332548926766
2534395,18144.27737957647
2534435,21312.302974707487
2534554,11757.721016148078
2534714,25904.28642847125
2534730,26514.924376122868
2534732,38936.85093012542
2534894,58716.66419973839
2535161,15575.366245563928
2535180,17433.56227800758
2535804,60643.08440998367
2535899,59831.54781809135
2535926,45361.63989781486
2535973,57094.58641191952
2535980,52402.189452657534
2536518,22537.996126127266
2536740,14026.309246069664
2537420,61683.46321144484
2537494,55882.13593603356
2537506,73616.33769861746
2537519,65653.36456894872
2537770,57468.53466074942
2538081,17196.04394749387
2538192,34276.42113607783
2538255,39738.7139376244
2538327,38524.89145675421
2538503,21734.62195536808
2538518,21942.04227357716
2538795,39411.4838505136
2538814,33845.13072383922
2538831,33133.93339321289
2538867,28090.58214664399
2538935,38547.0552406401
2538971,32934.94375261847
2538975,40643.56282863828
2538984,40605.91669501884
2539086,49321.93047458211
2539096,41079.76661204842
2539135,57761.22319297107
2539153,56668.71357486914
2539169,48897.14642373954
2539235,55149.77908409591
2539793,35149.795677071066
2539972,25363.987618311097
2539980,34644.366045113864
2540023,26902.05984637828
2540084,33780.52376315107
2540138,40472.87596096212
2540189,38583.46307508207
2540250,32953.66122527237
2540598,21858.00314668
2541314,20937.30311957289
2541807,35922.52828953424
2541949,55943.60904657954
2542196,50755.37839473764
2542711,39288.62920572896
2542712,29121.73204919872
2542889,28773.18763863658
2543486,15224.586716403945
2543712,35905.17452341979
2544015,42035.65980243452
2544144,19296.048476913245
2544255,17249.727580803872
2544280,20094.68378480008
2544304,21236.601595082822
2544790,17398.223625826453
2544872,20679.64929278022
2544951,25770.6749251931
2545141,119101.54323834524
2545412,16678.34708867323
2545426,16813.424149483893
2545466,33590.21592872492
2545691,14086.311439649864
2545814,34780.25210527981
2545823,39829.12845549933
2545829,32603.12118018725
2545909,40986.32699431583
2546013,50379.70493095075
2546015,44890.134542125066
2546057,54513.95829332248
2546094,52117.042868283286
2546142,46288.722226471575
2546287,56097.734032273045
2546366,76873.56865662514
2546500,63955.02077545444
2546502,67714.19451568139
2546526,59751.42074127396
2546650,67850.01870752024
2546653,68791.08079303277
2546855,10368.091677728798
2547110,11335.70211563837
2547141,13259.397854153622
2547356,18401.99517530268
2548371,21717.673596322315
2548421,23257.53829518299
2549006,45335.51001944538
2549280,20169.864746104075
2549282,22077.44228171868
2549325,24548.15174107877
2549462,17725.36155559552
2549610,39119.22361945958
2549991,70694.29162641265
2550176,32402.30974270765
2550205,19508.47732309252
2550225,20012.660959485533
2550768,13918.6481764805
2550795,15432.878859114626
2550852,87431.77823249369
2550918,111079.45336571126
2551055,100624.67942867467
2551090,102460.53931377036
2551116,78432.15992471561
2551137,103670.91955618645
2551149,102900.94793535676
2551163,103498.11637403088
2551176,69428.77328004027
2552107,48701.2699669658
2553476,24416.71159389328
2553529,33107.35323118699
2553533,29562.32675620288
2553590,35976.60157234793
2553603,32903.08488308509
2553604,36348.93829734263
2553668,41270.84653454569
2553719,21785.602282373035
2554010,9757.706128602864
2554178,36518.4192928322
2554263,16370.98507754432
2554356,64280.92442876996
2554490,53050.19220703957
2554493,58594.75636633243
2554511,62399.01788997898
2554512,45029.1459680936
2554627,37902.12989088091
2554638,36530.88932991966
2554703,39153.03369833053
2554740,39973.21901598006
2554840,23852.29398724714
2555736,84529.3814258003
2556007,19966.67251381527
2556048,16255.515164814224
2556052,19549.479757313908
2556135,18892.326199770603
2556317,19557.72032189372
2556320,19221.59544758945
2556390,20467.189049635548
2556401,24286.908990799144
2556690,15253.990519023891
2556905,26929.344109182675
2557163,47225.72158202089
2557193,37892.11598700407
2557472,54696.69192884269
2557526,11879.053712910583
2557683,19094.35661948257
2557692,18313.150699705995
2557717,14408.205810082703
2558653,33765.11671795712
2559028,47320.547228411866
2559054,56656.62750705295
2559109,85463.48368313017
2559411,57239.91367240126
2559886,54332.64774424227
2559925,70350.410222661
2559934,77147.95887968407
2560160,9295.554154107424
2560171,10180.729268132984
2560368,50322.84911018209
2560401,51546.34914460007
2560423,48508.72378203693
2560540,61090.06488123124
2560543,62071.50772602632
2560561,53214.74430738057
2561041,83535.6671058809
2561476,96501.21464951358
2561681,42328.43791698716
2561756,16986.45158614788
2562106,44244.64374974815
2562240,34481.45078307936
2562260,26354.101320199792
2562277,19040.4608925448
2562739,47698.222264108
2562830,51200.170089070256
2562838,51832.52049072504
2562839,51018.92572191427
2563103,34985.69055533971
2563175,37710.133335552506
2563182,46389.890499059926
2563189,35493.20146463845
2563275,68714.4003389827
2563322,63222.73728853965
2563428,65705.84222749884
2563535,82431.71605878737
2563593,65921.88352837542
2563677,77564.38957680872
2563718,90662.59990082984
2563733,83446.2107289528
2563743,90903.76766489806
2563747,90076.47551945657
2563814,17438.0893530432
2564407,56849.99779989658
2564435,68051.18785132558
2564457,53766.20157176696
2564486,14665.55199448266
2565729,78799.87656512577
2565735,61277.89095579088
2566151,65291.18467585872
2566194,77489.41799778206
2566241,89604.40662701358
2566491,99558.880899242
2567163,50189.0630980962
2567215,44110.69826951437
2567224,55869.333202040856
2567367,82652.61697737283
2567442,107464.98580708628
2567497,55114.059634323305
2567840,42307.30618069674
2567870,41589.36531473597
2567917,51516.43508119456
2568361,82862.55046123345
2568479,70048.24401344018
2568481,62781.49873946306
2568623,58672.51523718055
2568632,61547.96315229599
2568807,71890.28807966752
2568924,75327.60106947646
2569136,116943.9424185865
2569157,113924.4316044566
2569372,137299.0173663351
2569923,124892.5460614369
2570023,127287.72495582791
2570441,108783.64077574908
2571263,85667.29919125926
2571274,109552.5029461293
2571378,81900.28754227536
2571391,82765.83500164673
2571611,77563.56478164918
2571817,91994.58206385549
2571841,79458.16041517834
2572218,65927.80345470698
2572307,69688.365684299
2572326,93639.59149660075
2574181,25919.3587251617
2574931,80737.17679372508
2576055,103818.99836403364
2576274,55878.38507219293
2576287,63240.42015950104
2576439,90773.67738442976
2576465,100587.71753475515
2576475,101662.64578989166
2576630,30459.13572041012
2576669,30802.665919895346
2576679,29826.88594970942
2576994,61723.50958497233
2577304,27017.562387387792
2577332,32830.94308981593
2577365,24786.719327501894
2577560,29005.6890215494
2577564,30045.909844504946
2577868,30509.011479639
2577941,87630.65542331271
2578262,29178.01132646498
2578276,25556.402390676
2578364,31004.18173210434
2578998,19212.122057784647
2579557,28341.385198050382
2579567,29615.922703279084
2580616,39801.60778211907
2581175,120233.84055840535
2581473,50435.79984152593
2581898,20966.026754446248
2582440,64227.94243664739
2583958,79549.8377918943
2584029,59441.92070916304
2584168,88213.466118364
2585231,28605.11389053155
2585320,48929.84264705582
2585325,52831.81993408047
2585389,65920.99304227551
2585558,54672.27376884646
2586042,82872.1644562328
2586410,44856.01431034711
2586422,101432.49910484964
2586643,29553.76254909968
2586898,100199.87962807211
2587802,17025.594601034772
2588732,86286.61222382418
2588805,95178.5694745624
2589778,106393.33818907876
2590216,24283.213354072293
2590229,22486.676864156547
2590318,26443.66913808507
2590453,28408.71717917674
2590594,30795.516432915247
2590849,26489.68783296749
2591245,32726.93321362355
2591277,28757.03398729286
2591293,37057.32532150467
2591517,30795.68096722524
2592357,18085.61051525426
2593403,62141.9009533481
2593426,60261.52022266986
2593476,75334.87081476979
2594759,38218.34314237623
2595497,36664.964158948926
2596699,42622.32136510675
2596740,28549.42194016144
2596779,37654.564227021125
2596914,31629.3267382622
2596930,33166.04951020224
2601741,61110.5499381278
2602432,23175.600872256666
2603324,18066.825352942706
2603328,18264.28449114054
2605479,19394.69793995074
2606821,62432.07330893501
2607005,63897.99221357437
2607049,37454.94113738105
2607063,42315.94264121842
2609391,41516.90681681535
2609392,38614.18791285821
2609405,37520.48007608526
2609491,44963.6648160918
2609511,52813.80708327602
2609581,43036.739630934346
2610020,20289.70807894569
2610349,89356.45728971655
2610354,76992.80345422303
2610364,79437.89538559131
2610400,58431.18696656055
2614749,27394.74353351106
2614796,40917.23455511259
2615013,61274.30398556164
2615282,75461.65241996059
2615328,80308.67310079132
2615347,94146.73319240657
2616102,36717.61168239909
2618230,42477.6791785152
2618254,28112.77083893273
2618258,25429.582930159984
2618449,17966.965801782448
2618494,20050.53792808893
2618531,16551.457529195846
2618559,22281.28036399766
2618611,23494.041965429056
2618711,35074.44059002319
2619185,30741.401495892147
2621231,10828.00580081002
2621238,10725.02454536203
2621243,10581.669751623174
2621355,9732.125164083882
2621360,11003.177362824825
2621406,10153.771144024931
2621916,15104.90003355938
2621986,31816.97861387073
2621987,27250.016996749157
2622023,11880.33080227624
2622091,60846.57072024766
2622189,10404.608458838788
2622607,39619.44771636839
2622807,30977.45899402905
2623067,68822.22880793444
2623555,36136.62598741836
2625283,12425.154933278149
2625790,33732.9477460973
2626196,15898.563733441144
2626548,45415.56693815279
2626618,58150.70140135176
2626619,12254.770868517931
2626675,13546.13663991827
2626944,17230.62443505792
2626957,23273.219559275338
2627213,24071.182854680417
2627378,55959.31645109166
2627563,28783.94701783925
2627792,68316.49220390368
2627857,67041.42926742151
2627920,81187.48331475398
2627932,69669.93057028654
2627975,22552.85736027971
2628195,79278.1486822034
2628585,31312.69713570044
2628637,48875.08369319414
2628662,53243.68365150865
2629812,22711.11535835421
2630351,19375.15861756996
2630403,20417.88327286287
2630639,12696.70362784322
2631357,31842.11408909842
2631421,33240.02088469882
2631434,26501.31592411218
2631711,28003.522586118957
2632170,12692.322772419997
2632681,20571.035565878035
2632706,17567.96689021323
2632762,12395.978697019804
2633664,43978.25366365486
2633706,60208.81484713882
2634216,25941.18569865948
2634222,19974.769446587256
2634254,17432.285619372495
2634280,37668.95761345861
2634304,30940.988517093443
2634383,40188.08355782423
2634391,58906.85486067208
2634443,61410.82863926747
2634456,78752.82071945327
2634617,63231.42290916686
2634815,27328.879888853047
2634880,43413.06235374223
2634975,56087.05286434974
2635003,71906.9322750533
2635043,80464.65299386103
2635085,79707.19020613506
2635495,48298.93997220369
2635611,100032.95647183344
2635619,92911.99196453745
2636070,34248.716742442724
2636080,24340.805847416268
2636148,50583.10202284135
2636189,55407.198008711726
2636191,45013.86005220845
2636233,25573.653581535236
2636270,31986.832082459765
2636280,34347.233611053496
2636386,94665.9023299888
2636387,85665.1315346986
2637003,28369.88056959501
2637173,34977.57165404742
2637180,42571.34611064375
2637206,37316.58554545371
2637403,34591.11825856764
2637802,38648.97455229347
2637938,47690.112474288144
2638019,48256.47815521265
2638414,58232.87684797378
2639144,45899.14064364717
2639272,74605.22521126074
2639866,17746.90764819997
2640300,30038.3532617824
2640896,18181.258323235048
2641055,29198.175701685333
2641302,115382.19086150246
2641382,15278.866408793425
2641411,14511.109256645066
2641743,23239.436496351824
2643934,9107.961904117468
2643952,10538.86216762437
2643955,11783.292565975637
2644147,15285.395084828257
2644348,16524.41180554544
2644381,17562.28826244738
2644443,15069.808741419252
2644499,17782.64131285961
2644535,16153.572292022756
2644594,14825.29660858306
2644640,15607.25400851502
2644789,22722.169171933398
2644822,27055.297464388663
2644859,23134.99831162287
2644889,20713.17613428749
2644915,25113.049685236776
2644937,23554.95303410697
2644941,22900.99493983827
2644945,20921.408037594487
2644955,22120.94302471131
2644980,22671.9928370888
2645016,24288.531596584955
2645136,25025.06557756345
2645262,23452.45813591032
2645429,26705.85610500588
2645557,25531.021268138207
2645564,27895.015454470195
2645680,25915.576766834136
2645753,25239.51249829613
2645879,25904.441821713917
2645938,25594.89953356396
2646096,28381.132599550656
2646169,25636.474643024056
2646341,18706.556361013896
2646388,21050.450585794177
2646445,18984.942199842
2646459,20567.25339216761
2646517,23712.568835616963
2646570,27964.98675097235
2646621,21314.650982997493
2646760,26038.553365777057
2646860,25569.95415963921
2648367,8911.523405903237
2648442,13247.028498359728
2648497,17110.363736445946
2648524,14502.11521562685
2648612,24315.54407215985
2648757,26904.47298074326
2648829,31623.436818492675
2649227,20025.46749057112
2649471,29792.58386721972
2649494,23958.786897841477
2649536,25911.79531262722
2649545,31343.720412055336
2649565,29259.535229876277
2649593,30076.646622479217
2649667,30976.012472110317
2649767,35185.190342803144
2650024,19428.26089204042
2650096,20327.41676390817
2650503,16220.217618145743
2650538,17161.721558817437
2650686,33343.23586485411
2650874,34314.035496521195
2651041,44887.965848880376
2651058,41992.74139048359
2651194,49408.83284062552
2651559,40833.90665557888
2651568,34616.86828698628
2651570,43547.59800002682
2651571,36385.61583875184
2651599,42056.34005323756
2651603,43537.44904550795
2651639,44967.21085426699
2651686,46987.03283690536
2651703,64130.40674432612
2651763,49804.66171997774
2651812,97043.83431523338
2652168,16873.54748322421
2652242,26187.423106780963
2652253,28175.98775269368
2652291,26648.31615545627
2652328,43431.37806995733
2652356,48252.75694460488
2652379,69368.07804921563
2652765,42366.49886366294
2652802,84981.47062503538
2653510,49388.08285777134
2655061,15207.980395500914
2656031,20926.72476142152
2656041,24239.011813814588
2660204,13801.135652737858
2660541,17238.237717280143
2661454,10585.886495945138
2662550,13087.712016975898
2662562,10566.020731431254
2668924,14941.114617133802
2668993,17987.487078145197
2669191,35187.70423040539
2669429,17998.517771460945
2669432,19629.881885664792
2669682,38011.03343754259
2669703,19740.555673817627
2670065,53834.61507485469
2670290,27885.81443312759
2670411,38074.28839944968
2671520,32697.79537757255
2671523,31235.742034223276
2671650,78720.19270584531
2672098,68267.39249128604
2675921,21060.647901982327
2680265,16910.611889645334
2681723,27442.297785368733
2683722,72265.51054080878
2684323,15293.146122892833
2685711,48435.12777115123
2685855,22053.531039121437
2685905,13375.256682422276
2685914,14811.2748453357
2686177,30685.750206429155
2686178,24753.30548273807
2686314,41994.365811557705
2686416,28086.57457183528
2686546,18958.51585895977
2686628,34377.568397809126
2686631,33428.09365530405
2686653,35838.49823392544
2686781,76320.86468247333
2687122,44598.34164623064
2687464,26381.58044298085
2687624,23100.200763583733
2688314,51074.219070179424
2688379,50628.90966662394
2688398,17380.55080346036
2688532,61679.09766422236
2689161,17212.851197150405
2689261,22756.906265380054
2689849,79655.45920288838
2689935,27220.330927760297
2690396,25882.94946763925
2690415,17092.753670807026
2691023,27593.435022606234
2691082,33959.454577992656
2691438,30261.699902258337
2691521,25608.43401091028
2691591,28322.799285257817
2691671,11469.258458820896
2691954,18835.495692762404
2692316,31239.353647156662
2692575,35776.07055737298
2692881,31273.673223768277
2692932,85439.07622789573
2694983,69882.8793319831
2695272,17615.363770287633
2695326,26009.278536701804
2695565,27772.37997987596
2695619,29188.59647596095
2695717,32545.206931667457
2695724,79643.13533166895
2695725,80607.4171004153
2695798,25110.40633854831
2696581,32621.540577511914
2696961,41974.65022029101
2697098,60973.73580029217
2697134,50449.8860160562
2697150,52016.8229174659
2697284,99063.96523047436
2697397,48260.76020423389
2697399,88565.61879124258
2697597,41625.241224753605
2697669,8391.645752325809
2697843,19713.72795110059
2698518,17586.49173305535
2698609,24950.32217517722
2698756,18970.55004566028
2698768,19509.767104434188
2698888,32837.74756018388
2698974,24260.646247086734
2699026,41597.959134339006
2699029,46575.97268305435
2699061,33424.947394188704
2699119,53543.815097386
2699132,60167.41366881241
2699254,30388.5065706246
2699517,19985.800658931024
2699581,20212.021732134148
2699600,19980.049838613304
2699616,17234.11662255515
2699703,41696.12308642605
2699811,25560.45224235065
2699815,30892.11091978025
2700015,14794.2245002353
2700017,35265.4165182416
2700122,36323.16487816174
2700130,30772.34129134608
2700202,39540.97851773541
2700317,27606.162721779438
2700525,35295.9506885108
2700646,24633.572086301807
2700692,44609.14488578482
2700711,50641.07463892829
2700928,71020.62498615557
2701120,59375.7351785191
2701542,18593.16167200274
2701582,29826.847623864574
2701811,33189.38914869962
2701859,37711.2700168749
2701882,44163.38857905221
2701929,43726.09259111441
2702010,75580.99520284726
2702082,82192.80763515049
2703856,23310.90770519481
2704637,71306.05111728953
2704647,50715.39769150149
2704659,19035.124945157368
2704837,51056.26126425753
2704846,107165.16133255888
2704896,67919.9371245745
2705236,69087.17048943561
2705278,69821.17033847168
2705359,87573.50498225969
2705392,67892.5076386953
2705617,78406.88815995364
2705823,18701.61464735648
2705848,36383.68076191073
2705895,64523.23546809394
2705906,53800.14155133905
2705972,50444.72001745313
2705982,75050.28461923581
2706021,37844.167160637255
2706025,42509.494031702125
2706103,93176.72125062742
2706141,24119.192526411734
2706151,24487.456413122665
2706169,27451.270566482555
2707792,54691.1468832711
2707807,39241.6248520652
2708505,10383.747166491325
2712632,14341.184942399232
2715748,8547.533970795761
2715792,9286.627263123251
2726605,30619.360494714725
2727329,15725.694838483683
2727404,21968.489095756417
2731137,18695.171448564997
2731177,19915.19983487163
2731223,23953.93964426874
2731558,58304.41092270568
2731559,36298.77275932196
2735677,15446.947851999634
2737576,37796.334334634346
2737599,38686.416288951965
2741497,46136.57363216589
2741719,22104.723873080195
2742250,29263.12597276253
2744195,20756.605687483625
2744210,20672.81212465714
2744289,18780.835842738878
2744295,19494.580776797586
2744300,19080.968608222327
2744318,23222.69786063301
2744322,21761.325015875813
2744516,28256.712054258463
2746324,66139.09487386882
2746404,76985.68532638697
2747932,32365.88919158976
2749756,20338.11019221373
2749888,31955.02839975708
2750709,86201.81793315592
2752643,26846.103871269726
2752981,56501.39718923255
2753035,57456.648989445566
2753069,66372.6857138565
2753315,88948.19517656387
2753334,62649.59194136268
2753548,67099.43329580304
2753572,57508.54146974968
2753645,77925.5582935143
2753694,25614.50199764491
2754027,39468.93037656776
2754071,28608.94546795248
2754110,58395.06914097
2754154,19147.289166876704
2754285,42456.262861822666
2754309,55146.507185902345
2754448,56184.21964821636
2754710,17813.289924755154
2755885,74528.31858358947
2770532,21211.112633978104
2781799,11417.372823503434
2781835,11689.01597804306
2782276,18513.56888291162
2784021,10174.516722406042
2793022,10655.857242986114
2793023,10126.418548260302
2793131,11292.90460508738
4245001,23402.945563055644
4245087,9726.837360525997
4245174,13594.621558054356
4245731,28140.50010003484
4245997,33621.455671358475
4246262,21147.53425157137
4246263,23180.329117750203
4246275,23329.23689010653
4246293,19906.664598704752
4246296,20503.35111714645
4246312,23692.021489366976
4246443,30797.965171885124
4246459,30808.45076324416
4246468,43143.84432758745
4246490,42429.05179701409
4246499,42589.3549009449
4246559,52435.45729826417
4246569,33433.73992803502
4246627,45561.09425593064
4246661,62919.25397822993
4246693,66585.59344617391
4246712,75879.63550706816
4246719,46645.25685707354
4246723,50342.70000724952
4246740,53889.70201282444
4246752,71588.30802226809
4246836,15843.96717663066
4247042,10627.503627584118
4247055,13757.28970194613
4247205,43515.3599962884
4247233,46849.39170776517
4247245,73628.84319022909
4247428,22329.52459972252
4248684,12085.56838099098
4248716,20576.647972690447
4248739,24205.032508437256
4249010,48898.66442277765
4249144,54871.43293885898
4249190,64544.546672881486
4249201,74241.63450220943
4249205,56587.23631698876
4249221,26054.915870394587
4249271,38299.09035952856
4249361,13555.337340645565
4249449,15422.101715472458
4249728,14727.819060710872
4249847,16473.057239380367
4250046,25132.179743185578
4250234,10584.400882421352
4250277,18136.264682722496
4250341,19273.484704873976
4250342,18722.42841532277
4250345,19204.441390218934
4250514,18192.675476594835
4250557,20125.530686631173
4250567,19115.500533994506
4250582,17356.390668448672
4250642,8712.26872033365
4250667,9643.378493230122
4250681,8667.290374159686
4250686,9094.296074551432
4250704,9895.722572835864
4250713,9943.380741330862
4250726,13446.144166459975
4250731,12864.202234613764
4250814,11755.956910451312
4251017,23725.374425678747
4251332,13580.32885018106
4251346,12453.008416708512
4251354,12254.699966472524
4251357,11424.376184027013
4251361,12888.085458198948
4251371,11809.159340632428
4251372,12727.385768796972
4251382,13011.093909739153
4251387,11189.467785724357
4251390,11659.593452793482
4251410,14220.103994477957
4251439,14736.663163745823
4251464,13487.641464073682
4251482,17026.88401699491
4251490,15397.649911004988
4251496,15879.847493856856
4251503,13736.193504789522
4251509,16750.85576161264
4251525,17644.019329842034
4251534,16720.50962018253
4251619,19649.87387018436
4251670,13787.224695311024
4251677,14544.476058255255
4251793,23836.363259827795
4251986,15428.20807136604
4252029,24153.822142593646
4252141,27586.788057922797
4252154,27048.30016573984
4252275,28631.217536924323
4252319,26649.71195033857
4252366,26057.28270641714
4252510,28600.80940542856
4252513,28687.24615024734
4252521,30413.16334020861
4252522,29617.62135154544
4252571,29821.661110461428
4252573,30664.24570382724
4252583,31190.980151408028
4252586,30366.046134395358
4252726,15770.56063162495
4252808,30505.631130028167
4252834,27797.447816473286
4252909,28719.243985666835
4252931,42108.37303503927
4253204,31734.220058914645
4253407,21651.54431063222
4253408,21518.27139591585
4253878,19246.620547382616
4254263,30099.38811890412
4254264,21979.66306129673
4254366,15759.794291760429
4254368,21553.300482577717
4254520,27502.018866756585
4254729,9710.283009567283
4256009,18183.73270557001
4256209,60933.808953231935
4256211,72587.00013047294
4256247,13013.943287790738
4256536,12657.506404412296
4256644,63361.07339421041
4256662,71832.48102137636
4256688,27915.343620492487
4256712,13207.688082378272
4256837,22154.32272819348
4256846,20766.914533446427
4257016,21900.11906035099
4257017,22223.46576284165
4257032,32419.75922486349
4257063,46502.70901484324
4257066,41057.24889582684
4257068,52089.90178512525
4257131,32241.609898403847
4257608,52645.497231770125
4257617,48838.30571226858
4258314,26060.662896777656
4258667,29450.19590159984
4258775,73059.75234633259
4258817,25107.357163657794
4258855,55312.76455408772
4259098,38202.93363420492
4259160,46887.232741145264
4259174,50233.30794561603
4259188,42718.04995094909
4259211,47106.53500032727
4259224,47699.22651324592
4259329,49747.55010755279
4259338,41385.1034137426
4259485,66639.58516451382
4259487,81377.16338959595
4259524,84023.4427276867
4259526,68922.20782962455
4259591,21374.23495369234
4259760,20012.75851027779
4259766,19827.079994359447
4259912,9723.176793550614
4260227,16234.682688461056
4260362,81538.82010625192
4260402,83174.43431503545
4260595,93977.09077067864
4260628,108873.0498352737
4260646,118164.66787809732
4260662,29437.51106325809
4261095,24961.96177007923
4261158,27183.13174540741
4261211,12426.50001586403
4261221,15050.97925349175
4261267,23301.25275730792
4261610,38471.55019802881
4261967,40020.85405227453
4262094,22208.705055366307
4262146,54486.47953614523
4262288,59851.43795967796
4262289,66293.82752185351
4262314,53853.02383745067
4263200,39145.301348341614
4263201,53400.20637342588
4263232,41206.690847177626
4263386,37790.066344480176
4263403,41820.34286038039
4263433,35876.54376532009
4263585,9821.8152712143
4263612,36926.46640798695
4263626,40544.89312876303
4263666,34777.22387181071
4263692,39221.34635580352
4263708,68160.65481834533
4264864,42560.17947177426
4264896,9820.741373329478
4264941,13428.120987250672
4264943,11031.863521253805
4264958,14970.074780027917
4264994,45724.29572043
4265031,34515.10215722365
4265089,47309.57342030558
4265270,13812.599919419845
4265292,14838.893997107383
4265367,40421.34847480491
4265411,29278.308648675127
4265652,18338.46193433018
4265653,19780.64213051391
4265740,74750.2413451566
4265768,46341.115216130405
4266027,34485.55121805226
4266045,36449.93781048174
4266047,39220.71518120993
4266242,34771.86649353934
4266249,56617.877162479104
4266295,57036.7872314616
4266304,55687.04243731879
4266316,62436.72802735743
4266329,41349.34491763784
4266334,50752.88710136726
4266459,21719.806432033653
4266469,23099.95932631371
4266470,18441.96478341017
4266522,23479.38755590236
4266562,22042.936182382567
4266584,36411.079081528485
4266732,101706.7339389439
4266744,80813.47872477208
4266881,44223.70688000001
4266910,48011.72637898049
4267042,16813.50068096316
4267170,18884.20571383342
4267264,23383.92973076364
4267265,21762.968859196542
4267363,22235.333404370744
4267397,28428.025243664637
4267451,19953.41727690009
4267566,27576.13658178604
4267567,18591.172354413116
4267615,31165.643337508376
4267642,10632.020704408476
4267658,11848.8744594177
4267687,15923.999902753703
4267740,34103.80172512817
4267832,58875.65528873822
4268010,18459.273154766925
4268042,15893.809430234303
4268235,58093.30125776026
4268259,78400.99828036377
4268279,16311.164438270622
4268319,20696.792432577902
4268372,25699.686227803464
4268375,16362.854812095327
4268380,31293.15718536332
4268555,25966.52928353481
4268685,55729.99844745128
4268961,20622.79982612584
4269215,51241.9571570756
4269244,64232.76863509928
4269356,63591.47510363604
4269513,70658.6781523737
4269799,12364.618078876472
4269856,37137.6214038443
4269958,43767.87076645482
4269985,36941.324345203786
4269987,45865.84320202268
4270636,56323.88427617685
4270642,48881.05662132557
4270742,25480.711588728176
4270839,41469.44173930249
4270868,15233.191868938911
4270960,22417.524036247407
4270962,26150.290592605128
4271135,38690.29336614981
4271186,37323.63207282916
4271243,43442.66905389967
4271247,33079.018224677486
4271364,62148.57090337133
4271404,78178.91592951125
4271409,50564.09877636615
4271410,62189.09339060408
4271766,27641.80394305999
4271803,37423.60106812427
4271866,31842.85726270465
4271876,40875.35582746536
4271914,46589.09806572284
4271920,42759.98602483549
4271979,11920.77876159665
4272536,30688.135865785865
4272781,34929.656697787934
4272813,38462.88051063547
4272869,40064.73358141053
4272899,44506.0468003538
4273105,36795.38567581456
4273124,36424.75021616554
4273140,48208.71144820849
4273218,47328.39867551316
4273253,49723.212417677896
4273287,41932.41998499571
4273348,55186.9002131946
4273399,57565.63499718477
4273419,49825.9549451486
4273420,51492.726622867165
4273431,66443.09967493646
4273676,21470.442491106427
4273683,21908.722228203183
4273699,25707.88683316552
4273713,25715.14417230409
4273732,28735.449405335443
4273738,35832.272972770355
4273780,29381.368151221264
4273945,26047.30788133053
4274010,16337.243120962768
4274232,11867.408032220566
4274309,36271.76658285751
4274351,13205.836918207697
4274574,41975.15506873396
4274588,45451.69878827717
4274773,24681.050143616805
4274779,23073.87293569808
4274815,26094.562049502605
4274890,42245.90802993096
4275013,15650.636400268684
4275046,18788.48120752708
4275089,25431.895881174685
4275158,37351.79249923545
4275163,102003.9531970808
4275400,16626.23175185248
4275750,48323.15616487362
4275773,58658.95452800746
4275792,48354.38796294462
4275797,49694.6721208691
4276005,65720.99721266996
4276025,67141.75589567254
4276033,75477.01996532545
4276047,61615.09197165365
4276059,66056.52298890131
4276060,80238.7867171665
4276125,19260.45076505833
4276183,32882.66391383492
4276184,35922.33475986513
4276185,32501.26723988417
4276186,30964.320571503544
4276211,11508.001699892367
4276346,17687.65584860395
4276372,29105.729312680796
4276391,20450.963186182064
4276473,12745.366393855104
4276496,20814.93658768404
4276807,47261.74899006096
4277192,54339.58379595445
4277234,24521.39997368672
4277242,22948.30005583158
4277282,14234.50121470666
4277288,21361.23315214712
4277328,21461.274130526257
4277341,23323.60157682493
4277342,24621.202016742925
4277574,22852.94842343476
4277733,27724.86929188167
4277743,27771.03719054373
4277745,34188.34428782358
4277768,31834.93264239846
4277777,36318.40237175208
4277791,33300.09566944948
4277968,20918.2300368213
4278180,14497.389806560426
4278279,123718.82954495988
4278358,14948.688620031606
4278927,18527.55756041083
4279511,28552.45363301159
4279543,35094.12667194062
4279599,27488.73749864416
4279713,18246.71347028882
4279714,11996.87010882506
4279721,10065.74220758088
4279737,10486.186760179082
4279781,15961.431541342436
4279791,10694.120904227506
4279853,31221.557748969
4279854,35956.66420158766
4279856,32098.605140278472
4279970,52495.88812240119
4280092,32439.15913035971
4280206,44460.4357425813
4280209,48341.01691981226
4280213,43530.30025230975
4280485,26417.99239539828
4280522,23554.49628526366
4280899,32101.21604510041
4281066,22876.49011953335
4281079,24762.550574456254
4281160,26551.04334506665
4281218,28307.478311548533
4281227,30341.70853843372
4281245,24675.01811394168
4281281,26573.68827560534
4281317,49955.45941733563
4281497,14921.483657122122
4281498,16757.622801486636
4281534,14281.925518550584
4281790,35222.92056955148
4281791,44824.13989789709
4281875,23076.11073972283
4282038,72043.99880397212
4282080,14358.086748287817
4282137,16481.21231220824
4282150,16265.988905897892
4282249,14095.601286813551
4282680,32602.971621089964
4282685,37847.0201511501
4282730,27978.316728219976
4283065,79857.31693260734
4283612,110460.65203477466
4283671,10240.023266983437
4283706,10269.063818132694
4283862,65794.66416096086
4283889,62208.2446856194
4283921,53463.24741536428
4284145,51606.97260797904
4284150,56518.85940663706
4284240,36235.97378543005
4284320,40693.94752952546
4284501,96964.93016949396
4284645,33601.4796543087
4284671,30461.7759815058
4284787,43862.9910696449
4284834,18734.86777110966
4284925,46962.55635273048
4285028,28208.881143570703
4285029,29524.091799894668
4285078,35004.11891390139
4285085,35543.72506528752
4285090,17341.11547793201
4285411,53211.45418856543
4285443,84596.1898580956
4285445,62589.09044873338
4285448,24502.560235770525
4285890,78977.63088326239
4285904,84152.47505642814
4286012,84758.85140391218
4286417,60470.21981052069
4286797,44494.64991112006
4286868,77310.47899862923
4287066,72961.59394889628
4287116,92139.30932079376
4287168,91255.9836758786
4287259,111197.87983339776
4287356,11040.664783824552
4287887,72479.23731806988
4287917,69239.48513848969
4287964,63640.80573955584
4288024,89327.85312213596
4288025,100037.79473930992
4288026,69294.60593120751
4288047,89939.92680670242
4288064,82595.84176889129
4288101,83506.98583994369
4288110,65159.07370438884
4288453,72747.927747154
4288455,77770.30580687955
4288550,71288.37246226525
4288636,64151.51031821638
4288637,82406.11363921034
4288674,100086.35352821692
4288712,70145.8696009483
4288802,96977.35941812152
4288836,106948.93586064051
4288870,85915.44355541757
4289031,54904.45378706827
4289058,60783.9610700231
4289085,44321.048463894185
4289089,53218.13104106896
4289099,56643.84601519472
4289123,63673.87952689712
4289178,13875.161139224305
4289198,13009.237661957635
4289238,74216.59088769666
4289289,84897.0409602392
4290007,81965.82716942456
4290056,79765.40882237228
4291376,22942.70116584001
4291377,26613.226315618434
4291431,28639.6784552336
4291450,24837.76446034432
4292045,26305.750276507835
4292259,10840.333414451545
4292283,56060.53983078199
4292361,82637.47764402934
4292396,72320.99098945418
4292397,91711.8978571
4292418,76265.11702287305
4292422,84699.82763282834
4292759,70831.35943105609
4292994,27681.06334352764
4293075,33934.991379308136
4293109,30990.19277802549
4293215,27464.290204481837
4293502,35821.198373225525
4293514,39216.656335917
4293609,80158.3235744873
4293625,71244.32222444032
4293828,20271.783937717657
4293833,19123.764212685943
4293959,32498.647182179466
4293971,33099.64511985061
4293998,38042.60933371154
4294238,27227.909862325017
4294297,55260.900978034624
4294348,87791.61326414596
4294390,37352.2113482265
4294468,61561.66238182984
4294487,71524.05748086955
4294670,114002.0704749114
4294757,84015.47387416221
4295076,36475.94498042099
4295083,48287.45018786415
4295160,42915.876883509125
4295205,64448.06625305074
4295213,64405.669271423714
4295230,65362.430879355226
4295233,59805.15624119472
4295246,47352.68097305064
4295254,64340.66110713642
4295871,62881.37374786293
4295895,81709.04845816502
4296476,42952.16487380783
4296504,66829.63624266098
4296509,13065.367262848276
4296515,11989.664532029628
4296517,14032.27519736817
4296568,47432.0648519711
4296619,34390.218697872566
4296631,68819.90327586757
4296744,21060.647731783265
4296789,107989.60710070583
4296816,100128.76805331634
4296996,62876.54073615221
4297006,63941.69011389924
4297117,49136.38772102352
4297176,73475.8528865516
4297205,76433.50465162793
4297262,83811.39125567947
4297308,89342.24977500498
4297324,87009.58750840892
4297343,86007.4877335023
4297345,85066.3582412029
4297361,80381.13789562735
4297407,91464.08569988362
4297411,94441.29212556266
4297473,75001.3484882988
4297492,91414.35106254608
4297540,12816.55639113967
4297570,16355.988263316693
4297572,14554.34914983889
4297592,14395.199225608118
4297602,16632.957036675223
4297615,15925.671623910132
4297616,15443.426783816743
4297627,14958.822548208627
4297730,16732.610159185446
4297903,99070.93084962992
4297907,93443.68672104536
4297910,75418.43909195444
4298223,31044.97518006085
4298344,21341.584532419656
4298493,29227.42434327299
4298594,29897.345334094232
4298604,25783.58464284133
4298796,27776.33051122256
4298951,31312.54085204634
4298993,31122.414623773337
4299010,32544.55525359783
4299127,34109.187655426365
4299408,24179.03464277796
4299439,61112.9716097956
4299702,49999.213924309886
4299707,54966.67146311358
4299731,66931.77141787963
4299737,69169.39904013535
4299908,18129.780271291325
4300159,25693.626072836872
4300179,43711.913525672506
4300189,32930.2245836292
4300193,32728.190702033116
4300257,36927.582899327055
4300261,43808.466645672444
4300298,30561.97413956013
4300342,102468.98586422438
4300535,11118.067662351988
4300559,88412.00883429544
4300624,97078.24293748946
4300717,29219.433895281323
4300790,37136.88168017209
4300794,31407.16273872528
4300798,37736.671659413565
4301167,33441.11353451104
4301207,53295.14196195031
4301236,89755.74904768082
4301282,90696.83344832288
4301323,25125.99567688418
4301801,38283.4226407728
4301950,52553.31273527864
4301969,70848.9501721914
4302217,73029.20068159193
4302219,75032.23173759689
4302251,51736.358006393166
4302533,68389.48342983265
4303195,17498.21121226883
4303230,21314.74163184433
4303414,58237.26094956865
4303460,60341.86407464998
4303487,57984.18193332437
4303554,68499.08846167251
4303588,69563.7158264607
4303609,84213.40901256488
4303683,92281.36186445388
4303745,94130.9846552778
4303750,90521.509840405
4303751,68089.92437568979
4303758,87841.22284423311
4303779,67291.99590062335
4304125,37019.98761026495
4304367,10774.470293720447
4304388,93409.64065073228
4304526,100258.6503151027
4304568,105792.11560673134
4304901,51161.00937066795
4304910,35851.975342411
4305085,56233.64980987335
4305128,70209.55589380479
4305137,76751.85455250903
4305141,82425.20824860784
4305188,69345.68101393642
4305323,16761.888179802612
4305444,23429.271167764105
4305521,35519.062912583686
4306824,55301.9378818668
4306832,65573.06408250995
4306834,82735.98371746088
4306837,73251.3882293221
4306868,47702.20642276211
4306961,85482.3997195807
4306962,101162.97155081514
4307020,38064.9501090651
4307037,32308.142351271712
4307120,35904.98644370833
4307127,53414.81037494148
4307148,39502.83048142598
4307158,45583.8195774023
4307260,86685.21342821959
4307396,34718.819016031324
4307416,68097.40377445644
4307418,53858.924062165446
4307794,14634.674424987144
4308033,12396.593696392452
4308075,20316.480506746208
4308327,64546.97481993919
4308414,15064.233286206503
4308726,16430.058180153806
4309128,9981.86602616129
4309206,17891.75949640156
4309294,55546.47226815032
4309311,11113.30136888136
4309316,12645.754052995106
4309340,13799.06012869339
4309428,7140.0238733720325
4309616,75776.57662513974
4309867,21778.006437132597
4309990,7872.152874542559
4310093,12311.432421359705
4310225,18920.16314256465
4310251,12245.152052441605
4310390,12469.846299954072
4310401,16216.91110805462
4310657,10376.741399465966
4310675,12220.585945805577
4310679,14406.794942257926
4310732,28630.77401990225
4310741,16407.24976018946
4310759,33296.981991024455
4311110,11620.357659598263
4311116,11552.498704342628
4311140,37334.61479465693
4311154,13863.087707836945
4311384,59661.11341352456
4311385,62796.54500542881
4311468,17241.07452109097
4311476,17323.98448534812
4311646,25742.89478001564
4311678,36972.68327722605
4311698,34303.57278453414
4311738,87725.65931804496
4311843,64173.78828911089
4311878,91658.78908923976
4311985,16933.92520308761
4312060,31259.29707517049
4312239,75126.14730129603
4312240,72404.30522741997
4312314,84696.28729338667
4312349,14173.277216684712
4312373,19464.773316907933
4312399,19501.18859894589
4312446,25351.76363249595
4312456,34024.20375816339
4312489,29955.75343947053
4312513,32365.785447822276
4312538,28777.08933806335
4312545,36333.33141283973
4312587,55440.94025593935
4312602,42443.48726723121
4312635,68476.55747412951
4312682,76289.0143715312
4312718,95914.51940224235
4312733,66430.28352045675
4312886,23006.90828342628
4312953,27052.323630514125
4312996,11177.716173928173
4313022,14538.020050330451
4313097,19240.52193575753
4313158,37310.01565497245
4313178,87649.68002931455
4313361,31243.7193289601
4313498,31339.54032482736
4313793,46039.53739663844
4313816,13017.17219707395
4313902,28997.71442194276
4313906,31278.143172625405
4313938,29371.0804235631
4314033,18334.45127242457
4314154,9773.1918808332
4314185,19504.49145274916
4314190,14607.483266660463
4314232,23942.004727062955
4314267,24961.39638616614
4314337,38515.72284807396
4314339,10675.604538343894
4314407,13582.37276786984
4314436,21678.63604257004
4314442,19975.73476142301
4314485,29661.32561379781
4314493,46838.90592175087
4314498,24322.901652145403
4314539,40769.6455438362
4314549,42289.01823254735
4314646,20850.200769911964
4314662,33717.84620246562
4314667,24527.516356454576
4314819,68185.95490631161
4314848,37913.901408461694
4314873,59302.96357791615
4314884,55094.88162031921
4314891,52350.545735459775
4314923,58633.98825270694
4314955,46415.23084678597
4314989,45271.51073192675
4315002,43764.40901962235
4315017,53147.30096390134
4315091,48307.41252386645
4315136,59260.70903805024
4315288,101439.49198205948
4315507,69131.31082751747
4315701,82185.20637331437
4315708,90092.35720176446
4315772,43345.20944366848
4315813,57936.35420946041
4315827,54041.277189223714
4315873,50190.38835169487
4315885,65580.88240580758
4315887,62879.71459368774
4315943,62179.78782271404
4315987,86822.29508174704
4316191,61825.887512171765
4316240,80896.84808149136
4316272,100365.3304616152
4316332,92943.18001777735
4316342,13131.239278130446
4316497,19922.72765134499
4316502,18976.8049792878
4316511,12048.003552552347
4316545,16081.131527361096
4316609,22901.23900989218
4316611,16815.517213202726
4316697,22916.057882455447
4316702,22931.82943172492
4316761,37081.2425126836
4316765,36596.02743060684
4317378,18460.814004419924
4317380,18800.187642620847
4317381,19695.224671089964
4317393,13927.828012388489
4317395,12942.63437894378
4317401,20078.51684592108
4317410,19905.72051264068
4317666,26559.71026158122
4317668,23453.504125839285
4317675,24114.060883601214
4318710,9126.385809725914
4318777,9793.642439309311
4318811,8605.563860346841
4318824,8196.77883908465
4318833,9671.858521815444
4318842,8765.730471295272
4318854,8312.408781637556
4318862,9266.382112954165
4318873,10868.629137289874
4318891,10248.039691008036
4318928,12361.877967346154
4318929,11863.844446405436
4318955,14299.795782252302
4318957,12831.018479336632
4318963,15546.433711206932
4318964,13033.6601085044
4318970,13970.396501873023
4318978,12932.909941981845
4318982,11887.44513612825
4318984,13519.736903491965
4318995,11264.412485890396
4318999,11982.104762192668
4319002,13988.485092400382
4319016,12430.78443875233
4319024,11637.95960058642
4319046,13630.178702850331
4319051,12543.872177752644
4319065,13146.635869139847
4319076,12191.785540769924
4319091,13324.611443124571
4319121,12545.179702664458
4319122,15207.117057608077
4319158,15428.598168877908
4319169,14962.137593417325
4319179,14560.737886112453
4319186,13646.549995567168
4319195,16979.921162230414
4319224,14162.771588661504
4319248,14856.766206912203
4319262,14407.297072367846
4319270,12801.378713992175
4319290,15459.870741278555
4319300,22411.2985464772
4319314,16613.520220574683
4319339,15734.16249007554
4319340,16634.53513382987
4319347,16798.2493002291
4319356,16289.013973291374
4319395,22347.960897566936
4319440,23065.0737108012
4319448,19365.453787672108
4319496,8910.617032018283
4319528,14284.494670941986
4319561,13175.34177926801
4319639,16642.793292498194
4319729,16760.22262528756
4319876,13953.162043589637
4319907,15186.905964983018
4320026,16511.487843194176
4320042,18723.09440004061
4320069,22225.924896057983
4320077,19992.78209665932
4320091,22157.790759131
4320257,22706.643887073948
4320260,23897.308164575486
4320269,27275.289500169984
4320642,29705.87170791138
4320653,29340.3055903676
4320654,25427.14014002536
4320917,30199.22315544528
4320950,28686.63387704141
4320966,32679.22694111522
4320979,26753.46817538763
4320986,30716.14015516811
4321020,23642.795909253848
4321047,27079.74695199145
4321095,27935.98230671731
4321110,26674.80231589675
4321113,28071.427704772814
4321127,30707.93234236191
4321162,27383.449562606533
4321270,19986.363313714857
4321289,17888.023445848157
4321425,26499.249865010108
4321431,26815.20446761856
4321462,26900.758236131445
4321491,24123.104628800607
4321493,26235.53586238966
4321534,23808.213368339853
4321622,30337.98068681437
4321713,30031.957582266863
4321729,30928.449956971817
4321793,30741.44351378172
4322074,25710.85221959948
4322136,8576.812376430931
4322197,12946.215386299436
4322209,12804.50890237924
4322233,14580.989329889184
4322244,9847.374949146066
4322274,17920.5403003698
4322290,16535.277347542207
4322373,21431.792879348515
4322427,27013.879426791853
4322432,23798.92826202331
4322451,20618.465747220514
4322528,24160.18521749664
4322645,35438.9845823565
4322654,33725.45446776682
4322677,34610.46479064274
4322809,16006.723424844002
4322994,24945.989411419283
4323116,27154.62459152002
4323119,32524.36562117052
4323146,28160.3576186591
4323197,26498.20947999524
4323230,32677.386159340967
4323266,35433.597323443195
4323555,24940.577587587173
4323633,32023.70066424748
4323640,33014.55018738228
4323673,34267.271277870925
4323777,18374.48651156961
4323807,11840.776278145371
4323942,24910.839973072598
4323969,24570.87978525849
4324069,33065.16975896958
4324097,33080.74670573672
4324103,26374.523038090003
4324139,30638.64083501928
4324219,38343.81604780167
4324222,35601.26535274366
4324243,38555.24207621919
4324268,39121.96690215043
4324297,42093.44121912146
4324328,60957.051134086585
4324334,56588.144899141545
4324359,82262.20590818596
4324532,46299.92355782148
4324717,18711.38459601496
4324753,13173.409603217056
4324894,8941.311911885468
4324934,23417.58531400894
4325116,66898.98040708022
4325175,79597.59700852144
4325269,12811.359519430893
4325281,12868.367738425644
4325289,17249.95777823121
4325409,56148.37326538743
4325487,74084.07975872574
4325498,95768.77135434622
4325544,67937.35827673119
4325545,66273.84393258032
4325658,14064.90309237126
4325664,28993.825394337226
4325942,14030.412633841412
4325950,15995.07524137418
4325955,24660.79660915879
4325957,16751.881831396597
4325982,31875.37079789521
4326017,8692.065271459596
4326028,26507.66149163548
4326352,17438.725772593087
4326691,13950.40677162418
4329721,8613.385329002916
4329872,11985.207421166935
4330085,13585.192936154986
4330266,9834.539392479071
4330271,11683.08783770682
4331438,13214.813066411418
4331991,9748.798144941527
4332860,24563.227912003294
4332882,10844.190492101436
4333425,14446.705811097052
4333477,13754.726813839285
4333494,19316.26550093597
4333668,23049.50741206669
4333761,25507.559753836074
4333789,21653.322803188155
4333897,19843.1237434907
4333966,41293.17511568472
4334054,20676.25375269969
4334078,22454.09901771824
4334123,22239.09554384022
4334197,30439.66913536337
4334212,38895.623424682606
4334277,37255.49122652496
4334293,24889.532453029224
4334330,21244.060276455075
4334358,30020.4115737775
4334361,50319.83595586768
4334378,77088.10013025705
4334671,7973.274657532804
4334705,15369.606004432891
4334712,20782.92981223877
4334760,18795.239912362355
4334763,26283.49295300593
4334884,44909.8971926722
4334887,36807.53491408778
4334890,31992.219090355487
4334899,35922.15116633581
4334914,34010.4486541638
4334918,42535.58943052095
4334931,35280.72118417166
4335231,76131.24958889927
4335366,63292.556409433055
4335369,24844.72290492118
4335486,73449.855100357
4335548,52798.64385557353
4335577,71538.55804462818
4335646,17270.700189098214
4335757,72030.61137923703
4335817,83272.78238972706
4335824,87606.27958886081
4335914,62496.1073695312
4335974,61992.925156457386
4336000,59133.90016690842
4336076,24579.672086696235
4336080,32479.056901840908
4336223,58628.28967002832
4336224,60296.50930771676
4336267,61274.35078525789
4336271,76869.80613811137
4336297,87982.73399952136
4336312,54511.25724989947
4336626,35761.89595869425
4337091,37190.55264287419
4337147,14216.92823712959
4337169,18959.062176051844
4337181,25317.830404439745
4337212,8886.932177256816
4337885,45578.06476496308
4337934,16090.846843510044
4338215,56315.456450064245
4338339,43708.22678103931
4338353,53482.40537974952
4338381,36588.56754588564
4338476,47582.01832993144
4338547,42665.25171260066
4338641,37275.17529002007
4338692,43876.34911749171
4339061,28283.78409134067
4339072,30075.34640642816
4346723,24671.893442995133
4347467,12405.363576391845
4347821,21479.469669960108
4348020,15148.90433062899
4349401,15525.297778455082
4349723,15253.343627050595
4349725,17376.425542007888
4349738,17945.35178213683
4349744,20534.411133920188
4349937,24003.22898268775
4350051,23839.53026458945
4350095,12336.830125255869
4350477,42573.778709707854
4350496,19401.288729587835
4351925,25826.17867770299
4351981,47025.90914243219
4352020,33323.19905790757
4352025,37506.38260605665
4352050,46815.306917512346
4352158,29911.763095981936
4352547,37424.97115059724
4352592,47540.20906891043
4352667,70634.50400274212
4352701,80148.63367089178
4352841,85135.76558789946
4352843,83152.42078294132
4352935,16513.839070699094
4353021,43776.26429422279
4353024,30161.54614414628
4353033,62250.85522710581
4353035,68604.83353342576
4353037,42154.45197112588
4353085,11307.692669146678
4353181,38111.95072344529
4353197,48430.60983676882
4353203,57313.95475331467
4353235,49587.59456980935
4353274,21813.278564941804
4353334,14323.428587424089
4353391,12139.66357407423
4353555,12754.195052373514
4353597,40123.233950742986
4353649,27930.993596349985
4353653,32583.90248598729
4353661,40308.562053595146
4353678,46296.69441181545
4353732,77270.12223122295
4353761,71216.06016068946
4353823,24285.56397167688
4353870,21143.40192119846
4353888,23409.225057340307
4354002,39449.83631476083
4354049,26115.65220940218
4354064,63449.16966578952
4354089,26314.12340010833
4354124,21465.648024941627
4354157,16264.582273391648
4354206,46945.62474517032
4354234,32397.35402890384
4354244,39287.49480454104
4354276,58469.7112119944
4354294,53545.61435579721
4354299,46123.83741586188
4354305,55755.00400989773
4354361,21667.006370627667
4354367,20683.135365028447
4354396,24307.45623555477
4354538,26838.447871731874
4354545,26811.544174837465
4354582,25706.74634700836
4354792,17255.08744148705
4355069,33794.290411665315
4355115,24424.02874330561
4355227,34383.15518053962
4355276,21563.45750545632
4355303,25653.70900272133
4355684,18620.189512402856
4355823,50206.4259874629
4355843,35945.125882710825
4356158,13788.127772416045
4356177,12794.70915428368
4356325,32154.37858791026
4356897,24615.93043394357
4356952,16116.57027044704
4357214,17816.41710380315
4357384,38371.781288836326
4357539,16618.727878884652
4357544,38626.25669790675
4357579,7312.086454870842
4357712,83546.51737143309
4357746,75079.49318404318
4357834,47082.13305589622
4357837,38602.790048284434
4357891,15189.683641955644
4358094,27783.40391930552
4358432,19722.431943333988
4358580,68481.27288454068
4358643,61257.43200584309
4358685,27998.027767514304
4358714,26685.676048172685
4358814,40598.73749483788
4359084,38263.24737912339
4359094,40568.30891221936
4359188,33190.68331279198
4359238,38676.08752339498
4359302,27686.01736704905
4359394,32795.22990622969
4359403,26750.272361743107
4359420,30554.655081871228
4359450,29993.132118568217
4359451,34381.673739992504
4359454,29899.72655167573
4359510,30680.489623117417
4359514,39047.04473498155
4359516,29756.148718604323
4359580,34691.589683388025
4359616,55918.25878154347
4359629,60803.5758298192
4359657,47595.747213784976
4359690,48766.485800990136
4359742,83463.36468454619
4359749,42153.169797496514
4359754,57033.34771390514
4359775,65767.57452464529
4359806,80210.05497504708
4359807,79561.7747969077
4359840,85325.56175485931
4359883,45318.19003720159
4359981,73808.85482008915
4360197,57875.1908915481
4360236,72392.18745830396
4360243,55898.076517353424
4360292,51183.296650911085
4360293,59427.48186731227
4360442,17536.12091825769
4360555,13651.14495436608
4360695,21143.71665239797
4361013,35747.37436832846
4361116,58129.76197139613
4361175,56066.42549638808
4361182,50157.870341660775
4361184,16831.22818757689
4361196,100966.92330658349
4361267,41944.91467035398
4361293,62204.832107729686
4361534,89583.46471723968
4361571,79814.3672851015
4361848,45956.44200026869
4361862,61026.92645312
4361956,34991.43754238072
4361965,46807.56560604393
4362041,77126.63086620544
4362045,44165.95702014642
4362048,73440.1437640648
4362190,69734.9725799594
4362205,91189.5130795936
4362217,101895.5005442324
4362277,83419.37024314894
4362278,85830.0440593066
4362309,78580.92083302922
4362310,87333.7633164405
4362386,65441.07042523428
4362466,73347.04468323087
4362678,19924.800222690086
4362679,14591.284255452943
4362703,14694.734011425198
4362714,13120.781810717775
4362886,65428.328800596566
4363186,83277.22782934406
4363510,16207.53097499336
4363541,60444.82572329998
4363543,47989.03952430871
4363568,49146.00602939437
4363586,34394.704678471695
4363753,53414.83217973036
4363763,63442.21634179721
4363796,40919.83052413714
4364195,13501.828243212689
4364227,16345.09835899203
4364835,7631.3076608195315
4365045,15098.229472822371
4367006,9888.801197852134
4367029,10027.674668720938
4367116,20337.69938866328
4367133,20317.307704094448
4367154,20819.878365610457
4367228,82858.32427644955
4367319,34656.71818378967
4367373,42181.34227647824
4367376,37801.62583151311
4367390,42827.33816208279
4367481,34000.13464764993
4367482,36446.70162987239
4367498,53511.96337209569
4367510,49978.37592241372
4367532,84266.51729312114
4367629,20365.14193068077
4367654,18893.043139994094
4367656,18379.95870976689
4367668,20430.343500488107
4367679,21833.67768566735
4367686,24811.85436015221
4369044,13715.24949383784
4369133,8616.442915806187
4369340,8356.934015473038
4369342,8621.188310667138
4369348,8508.489061555058
4369389,11678.516591233629
4369422,13170.146318128003
4369435,11084.289212488353
4369440,11256.006587439975
4369442,13520.844333949804
4369444,10193.80564546482
4369466,11898.900391280886
4369496,15100.032490395684
4369506,19143.376360729213
4369557,8675.587289894793
4369562,9192.183032676585
4369574,10121.954577808854
4369591,10963.068585610972
4369605,11875.298026607716
4369612,10531.041531424984
4369652,10929.708803923328
4369684,11537.357332637222
4369689,11267.800503028551
4369694,11220.030497704172
4369709,12859.88905203017
4369745,14725.257546419058
4369792,12193.304729269976
4369796,12555.119773956356
4369851,16552.385696141057
4369857,17667.893887850143
4369880,18842.15325984641
4369899,15830.749736588785
4369900,19899.389529873333
4371334,8871.17495461064
4371356,9143.530225919403
4371357,9253.666461182076
4373097,20606.534594889923
4373108,23092.30519172554
4373133,9507.47685643593
4375261,25018.89037207376
4376639,12568.100510862942
4376658,15642.578026781492
4376704,21996.723233992678
4376708,16129.19944685782
4376732,15752.575000253571
4377756,11538.938810097883
4379922,21028.45537294552
4379929,21175.22776709297
4380190,53743.61020769894
4380624,9100.033321735253
4380628,8536.787567897514
4380658,10661.938878841256
4381248,16663.887176667682
4381672,41506.46103608215
4383318,27273.286650561688
4383327,22103.769829026463
4383346,16553.633695229662
4383368,27492.22945849229
4383386,18967.90884972973
4383428,17364.391741648404
4383432,19485.164252563227
4385693,9544.98068517334
4385703,33688.616092581564
4386387,14840.970134961217
4386725,11621.718979217154
4386744,13697.896252135488
4386762,12505.72231433376
4386776,11068.639915208623
4386786,10228.834286803503
4388101,68652.90261561517
4388133,46880.44127459663
4388164,50598.63259167995
4388265,79427.16797262907
4388423,17555.140775205036
4388461,17985.63636326076
4388508,21161.42302540473
4388543,37888.95390067241
4388553,28577.206116471207
4388613,17685.56756880419
4388665,17046.559203082237
4388722,24487.69096362448
4388756,16593.234596819857
4388761,16707.25526184492
4388877,26821.559797819573
4390034,80692.12473575739
4390163,19456.29877542924
4390427,16405.50141674521
4392728,41571.79220026329
4392772,60339.62790151313
4392931,47079.19014770231
4392963,41325.38239015151
4392994,69385.38061718555
4392997,60755.830611620826
4393046,57435.95130217765
4393117,54519.19018082344
4393145,78427.64441261109
4393171,69220.89455110976
4393196,45730.29302795758
4393200,45171.511675549016
4393248,73084.27412001273
4393304,32953.76721735929
4393452,63899.83710602787
4393457,63152.9368570758
4393460,87054.56142143298
4393800,62898.75778642618
4393946,54286.74054365326
4393987,83095.35729717395
4393994,83554.13646432427
4394036,22436.833522407385
4394176,85444.4837952671
4394315,61809.71848091013
4394367,27027.65203320447
4394392,69495.9794231331
4394410,57791.10862922408
4394727,38154.38928783284
4394846,24955.993438528003
4394848,19521.68499444335
4394852,28218.54636004553
4394903,42679.82225953199
4394984,50798.26600786435
4395328,36152.14797707688
4395541,26263.62407418625
4395600,24378.70321142633
4395613,25976.64533287494
4395680,71622.89640090926
4395711,72238.46847441945
4395713,91709.79756373368
4395777,20517.909733101144
4396130,13692.63669937561
4398322,9515.288816364704
4408122,13360.129383687732
4408163,8413.748092349919
4408220,9027.63421495358
4408299,10269.354334237947
4408324,10273.521302524674
4408366,10637.92988176641
4408419,13313.360610739488
4408441,9991.54745354152
4408467,16086.630257717488
4408510,15169.475369592545
4408518,12951.610656072868
4408541,16721.533482953615
4408572,10450.362070159155
4408620,12910.652095277965
4408634,16171.338953390745
4408651,18387.86416052173
4408675,19369.74974688806
4408798,17786.50914800953
4408833,20406.583764229617
4408838,23243.00010922209
4408903,28571.22922763273
4408974,36880.611180531945
4409667,8657.499752261836
4409843,10634.849779594804
4409954,10740.298586313198
4413451,19291.070956172935
4414898,11474.27341583892
4414940,8328.269066288953
4414947,8167.083059118082
4414949,7918.405733480668
6256750,17529.40689434963
6256829,30427.2474649739
6257041,19826.57240574483
6257058,20146.635992273543
6257062,24704.80429359601
6257086,31397.2674542701
6257163,64853.31464643191
6259300,16343.35415000546
6260156,16016.543690839108
6260537,86030.66976868449
6260547,102669.09530352948
6260600,28763.61911040781
6260601,23849.42533224197
6260956,61528.06245327395
6260957,59422.7871652797
6260964,65899.0417948018
6260980,73466.45163058845
6260987,34536.445913215095
6262026,43613.91374763094
6262044,64345.783904353935
6262052,66133.67456484705
6262114,58623.18517688945
6262248,17481.70811194009
6262379,21815.96372334513
6262389,13367.02470847858
6262397,82232.47877998144
6262398,88684.34516180215
6262417,87330.61597918393
6262427,82273.69516809372
6262430,94993.19200846874
6262467,88122.0938493109
6262880,31977.502434866223
6262891,34501.720875692685
6262907,26473.327842919443
6263208,41247.43239390159
6263301,26812.30158830061
6263499,28536.074544204646
6263520,37748.80001361856
6263558,21399.518650152808
6264064,12007.859311596403
6264130,45377.04365150703
6264178,11654.224913460252
6264562,66752.71999003485
6264579,53228.85389085975
6264680,87179.11695482403
6264685,77480.30625719076
6264691,93730.5535001326
6264701,99031.59873253587
6264713,99082.298356558
6265140,22370.77961123775
6265141,21351.811201519748
6265156,19910.252460724183
6265169,91495.36929686708
6265447,78896.6388620263
6265807,53209.7044396435
6265809,38550.42282568641
6265814,44729.73256697273
6265829,43299.05328148818
6266042,55189.676986758815
6266076,42622.503909884064
6266098,35108.69206680676
6266206,39236.16323469691
6266253,33316.70774017829
6266254,38589.40752483578
6266279,36608.56967406662
6266305,60822.19640465405
6266325,65004.84043040813
6266335,36276.24467370386
6266901,37225.5493796841
6266922,39441.95098726128
6266937,42311.16148837774
6266941,46868.36571715244
6267004,55172.60490711461
6267005,47040.41858063936
6267011,52428.04375355911
6267016,52988.830810327134
6267253,20296.55150079433
6267618,20699.296124380155
6267630,26467.80985294888
6267808,44403.045417784095
6267813,51497.52961418194
6267834,45345.6173526889
6267842,63016.756888924974
6267861,48921.584556114656
6267871,72881.50664813927
6267874,58177.11411703127
6267901,62347.183262281935
6267919,60377.82776378706
6267952,60829.2410456627
6267976,44457.25742519818
6268021,36270.6853984128
6268113,17857.122743799748
6268504,33569.08667473467
6268521,27083.731273028803
6268556,27612.154923353428
6268561,32203.794989186285
6268698,17606.715031461063
6269053,28001.737262903625
6269324,25148.1442687667
6269332,27149.516023879703
6269353,32875.26194923525
6269355,34589.85271731048
6269357,40903.05813682533
6269368,46824.86624402415
6269420,11575.7198316282
6269695,45420.900480772485
6269853,32109.955973852127
6269856,24975.626915871893
6269859,32784.169402426065
6269984,33415.90361109738
6270126,36590.70343185209
6270302,13458.935510237565
6270519,58146.46409882695
6270522,37166.06970550228
6270523,44195.85273648376
6270538,49380.67536035701
6270683,75040.33863121115
6270687,88595.97016682297
6270750,12819.253216605874
6270953,36983.109694736704
6270996,89081.42093174001
6271026,106998.5938970646
6271143,12458.24285290282
6271148,45140.31740688676
6271187,44592.3963507786
6271202,30098.06769633302
6271223,31485.507835897413
6271242,33683.12390988565
6271320,21378.717276802203
6271541,14190.067388326432
6271577,57895.55089172467
6271678,11388.407841694148
6271919,102652.39371486078
6271923,76231.62993534666
6272066,106961.46600392088
6272271,63494.46093884678
6272278,70956.4018034296
6272285,47459.137096019855
6272291,84550.57895445533
6272292,80273.1954119949
6272327,82090.21822723921
6272334,83601.8565216867
6272633,136962.1151158478
6272637,128962.6341402352
6272642,106188.10346561696
6272648,53616.91133466238
6272657,71019.44805678088
6272680,67242.56784616222
6272683,65231.63075020822
6272731,92805.37678585402
6272737,91242.9048762408
6272774,134250.88584137493
6273012,98088.0676396131
6273205,91371.58502436092
6273213,94440.12865805574
6273685,83171.78123732477
6273792,28731.973930013613
6273899,85109.21899754817
6273901,79553.11067121536
6273902,74334.41005659362
6273911,92748.90708922388
6273913,90891.5085589666
6274057,97723.37716053629
6274237,73730.62050975027
6274276,44588.492968502826
6274375,99895.51551847848
6274380,55008.73938440119
6274462,23821.18033897311
6274645,101912.1139196066
6274668,96707.1269785752
6274681,13304.273476756607
6274708,49588.33138546917
6274742,127821.84450577608
6274796,138196.464471592
6274937,45892.01581776425
6274938,49196.57463301829
6274971,50612.60241548777
6274977,55759.63000617153
6274980,43535.51371476723
6274981,54667.29508688995
6274994,63482.706411628606
6274995,55893.74072091407
6274996,50324.13775712851
6275008,75597.95824444923
6275017,70927.21276699498
6275023,65046.545676648326
6275242,60055.641282438766
6275286,76494.21046195336
6275354,85333.96657923952
6275362,103220.08975195466
6275617,18413.77567877328
6275618,18493.668185704435
6275844,78777.71638357133
6275902,85379.68568754266
6275916,99576.91311615474
6275943,98962.4830794542
6275946,99120.69168895332
6275976,16097.341438809955
6275992,18452.779820457807
6276054,19068.27848370664
6276180,90688.32565566334
6276203,85200.87293155791
6276370,77575.0922845302
6276708,100872.0675978288
6276790,28821.1945875616
6276865,13747.54069714048
6276867,14602.809132488994
6277071,73278.47671458553
6277311,24195.02563370347
6277319,30935.145781897645
6277444,69108.1425746532
6277598,87242.0466544372
6277776,11110.57085868775
6277792,12144.441484635256
6277947,33382.82930702547
6277955,37750.19028743125
6277966,51923.581531581374
6278716,117639.43212125216
6279032,20949.97301142549
6279034,20807.847808371705
6279114,61726.241687215486
6279125,77318.57692642385
6279137,72670.85517195988
6279162,94864.074523739
6279177,87420.82200839276
6279184,80085.26089934744
6279214,96540.35325090772
6279230,46631.57488717338
6279245,93421.6885706235
6279306,44058.67435155375
6279323,57355.007316218784
6279880,71410.20200331975
6279888,70086.33102542002
6279895,75040.94342298197
6280966,91034.68877230048
6281082,94945.2121886936
6281084,92025.56939202
6281247,39602.02070384966
6281280,43788.45871643762
6281321,24449.081685307858
6281326,25800.64412308257
6281338,17630.814804442187
6281344,51368.133477460666
6281345,72277.22336692535
6281402,14527.836626349286
6282301,17419.47886926104
6282336,12264.181565482571
6282344,30516.92733935084
6282624,17783.758602043796
6282802,40308.06571480889
6282829,11286.989250859571
6282848,65694.74994811829
6282854,19763.383205166152
6282874,12442.196012472768
6282950,15851.23090529072
6282965,63409.30496024538
6283163,17275.809699916856
6283366,28758.401084603396
6283482,45931.57119687464
6283505,13239.444145018831
6284114,14256.65626858524
6284123,23389.60444275101
6284124,20397.872539877037
6284158,16642.102051925845
6284170,15445.08226219182
6284178,20231.8967584876
6284259,18521.693768617424
6284274,32427.26564635149
6284287,45753.92262540397
6284290,50674.17742310998
6284333,53059.623421125325
6284468,24789.02518979419
6284472,29432.49603814644
6284544,11022.136809670685
6284553,8795.72576107125
6284555,12732.118268744442
6284583,9811.095251797564
6284605,41135.36472171276
6284616,12329.044178011976
6284625,14518.92800311645
6284640,15268.627517035911
6284689,21805.891034668395
6284724,29725.205313099814
6284731,30472.964130619115
6284741,35557.260251529755
6284774,49549.95239717853
6284777,56726.69939502319
6284789,45169.23842188684
6284795,47273.19099730808
6284809,53800.17183973913
6284816,59530.92371545505
6284824,15958.484873010311
6284832,42816.27843637064
6284852,53822.050741538056
6284868,55641.60398947465
6284872,52583.65998969555
6284873,63920.78025971164
6284881,55736.98531993416
6284903,80518.03475967243
6284986,38666.97331192531
6285069,86073.0664093008
6285124,56855.03894847023
6285135,59641.755944045086
6285158,89400.39373088081
6285202,50402.79535418258
6285217,56754.09142248367
6285319,14742.01120005094
6285326,17517.856475059518
6285352,17736.8720913997
6285457,38066.1065752259
6285679,36705.7536288189
6288398,54747.91397135634
6288507,13931.78271618985
6289840,13032.104020363586
6290296,11255.071545198109
6291601,14108.588906765286
6291638,21487.499758381997
6291741,35530.31960874832
6291759,19832.426565627396
6291778,23138.49946857773
6291843,23810.636084848986
6291901,15497.343031436712
6291921,20673.63549716772
6291946,40441.39422309118
6291974,23882.84150750434
6291983,21699.824703182963
6291989,40993.66333743672
6292008,22074.616659645824
6292014,21161.148837147342
6292065,34792.01641806522
6292083,32587.440817082275
6292218,13774.0150248696
6292330,42112.48334177464
6292733,63254.07598047881
6292736,50898.13954844913
6292737,75177.34700709037
6292887,70404.54347279333
6292894,70083.41583234139
6292896,64961.60079595464
6292900,63498.00004274654
6292904,64562.48596238427
6293037,70613.02502027809
6293073,24696.50849882834
6293111,61808.171429431386
6293171,12793.400222807975
6293202,17352.0468702066
6293461,13056.890831546543
6293568,29245.839400530986
6294571,48285.60229042905
6294602,17375.33923397113
6294635,19906.01506118925
6294638,65756.527545555
6295061,17052.555872108835
6295265,42980.78409633267
6296962,28558.361826382265
6297455,12362.890567723349
6298644,27969.22901761705
6299141,29792.03559388269
6299359,39278.16177043299
6299364,66652.25916428377
6299390,41806.96160718882
6299526,46624.52516608558
6299657,22132.145643122392
6299752,26741.869936347503
6300218,47603.96400664286
6300239,34774.76293961829
6300259,60546.099902699
6300285,78237.99464914584
6300287,81853.20140023569
6300322,27015.55390094562
6300329,56236.96694380636
6300330,25355.00015926086
6300353,36017.305500840426
6300357,31905.87181271784
6300362,29730.158219813016
6300363,27373.08102085201
6300421,38894.21137557579
6300527,18635.922845161163
6300624,16276.539299455922
6300653,44883.167934512974
6300658,44969.73806626325
6300664,49557.1341335674
6300668,57208.15682034139
6300696,58769.47340032648
6300700,58054.305666052445
6300710,57734.39869763944
6300716,70101.25805646839
6300723,70396.24363519813
6300751,42810.32250756013
6301030,20289.320147614955
6301150,51601.72570225667
6301221,14710.227149945224
6301281,24325.456489716344
6301304,23474.38360933212
6301343,51112.00702893737
6301485,30356.86196316694
6301494,18545.24181061144
6301740,27649.07095142153
6301769,27120.05045678765
6301784,15702.58592972052
6302031,42150.345868611534
6302058,16307.681332653976
6302075,57238.55319103111
6302264,15069.50079040293
6302304,29801.95717374407
6302371,18994.261004087944
6302986,16278.46790844408
6303317,13934.897498963635
6303350,22704.04071718323
6303438,12530.32567791772
6303454,26919.05063893021
6303555,30747.123915601704
6303634,19606.972293680505
6303806,24171.952975378543
6304214,24635.54051179913
6304333,27916.95095465987
6304349,25166.356335066142
6304453,39320.87773808698
6304458,39081.89537754737
6304492,34376.53914260186
6304508,59979.27428776468
6304529,29140.0160872874
6304543,33442.64026521168
6304556,47177.70060656263
6304571,33200.86304036864
6304577,34010.270933046355
6304590,33852.000818086206
6304593,41231.676344008345
6304605,58520.489377827216
6304607,47434.62522030008
6304655,41059.53940460462
6304662,80093.9027051632
6304697,65294.986048079205
6304745,81043.72369327932
6304840,43727.02725028377
6304919,78666.31898738124
6305337,26957.9431420374
6305550,18768.77384820028
6305599,17683.16947201948
6305660,60131.996094226335
6305679,30658.428470168088
6305891,76327.94172378135
6305937,31026.046869162263
6305990,38413.94511634787
6305994,61269.156744494045
6305996,44319.72903097048
6306020,80467.87580492592
6306026,69567.89029004987
6306062,60639.922544640765
6306076,72188.09427357752
6306087,77734.56590644011
6306097,88156.00370374524
6306114,71349.75333278338
6306131,68413.72562899758
6306132,80012.15869261569
6306209,16713.088308398063
6306368,77481.62621088124
6306372,90981.4437761901
6307786,39474.66822596928
6308334,11384.426991528955
6308382,14349.51724002758
6308992,11208.5378691888
6309140,16079.411626814504
6309882,8572.902515015441
6309920,12365.525547022888
6309921,16161.710424668643
6309946,21314.0760221974
6309969,10912.60210133717
6310050,13865.360388444817
6310091,14388.48110202187
6310100,13122.710398486355
6310106,14325.15723373562
6312553,14401.402067388208
6312554,14229.117533926876
6312571,25493.156812758723
6312591,27126.46723002425
6313016,22521.06564741705
6313253,10742.613979206031
6315175,29622.494701713997
6315200,34045.120780893085
6315220,33959.601871245526
6315378,82410.60769633223
6315539,23455.67715087207
6315758,29888.10224523289
6316177,24967.72538960373
6317767,45407.72873428615
6317768,47263.33038734023
6318363,20388.786609388342
6318536,22296.043483752597
6319717,72126.24696072972
6319728,45897.784276635255
6319776,44461.03317724307
6319810,48390.686432906215
6319821,36022.74642590634
6319827,64557.68511760532
6319844,71848.344856198
6319846,52988.86650059011
6319876,42835.51937104673
6319889,67258.73380803899
6319911,77471.65962198525
6319918,78059.57174553405
6319933,85697.33793304318
6319945,26255.20352094344
6331925,18559.7320172519
6332516,9632.836601937206
6333243,9796.12060773295
6333267,14570.125334249104
6333269,14215.733003620076
6333271,13232.3298502755
6333274,12180.109761860638
6333290,11421.266204590696
6333296,9155.02984865857
6333344,10273.687398012768
6333356,10559.156692497729
6333364,11517.893256898362
6333397,11438.200682262728
